name,description,alias,type,has_cli,has_native_addon,has_wasm,related
array/base/accessor-getter,Return an accessor function for retrieving an element from an array-like object supporting the get/set protocol.,,,false,false,false,
array/base/accessor-setter,Return an accessor function for setting an element in an array-like object supporting the get/set protocol.,,,false,false,false,
array/base/accessor,Create a minimal array-like object supporting the accessor protocol from another array-like object.,,,false,false,false,
array/base/accessors,Return element accessors for a provided array-like object.,,,false,false,false,
array/base/any-by-right,"Test whether at least one element in an array passes a test implemented by a predicate function, while iterating from right to left.",,,false,false,false,
array/base/any-by,Test whether at least one element in an array passes a test implemented by a predicate function.,,,false,false,false,
array/base/any-has-own-property,Test whether at least one element in a provided array has a specified own property.,,,false,false,false,
array/base/any-has-property,"Test whether at least one element in a provided array has a specified property, either own or inherited.",,,false,false,false,
array/base/any-is-entry-in,"Test whether at least one element in a provided array has a specified property key-value pair, either own or inherited.",,,false,false,false,
array/base/any-is-entry,Test whether at least one element in a provided array has a specified own property key-value pair.,,,false,false,false,
array/base/any,Test whether at least one element in an array is truthy.,,,false,false,false,
array/base/arraylike2object,"Convert an array-like object to an object likely to have the same ""shape"".",,,false,false,false,
array/base/assert/contains,Test if an array contains a provided search value.,,,false,false,false,
array/base/assert/has-almost-equal-values,Test if two arrays have respective elements which are approximately equal within a specified number of ULPs (units in the last place).,,,false,false,false,
array/base/assert/has-almost-same-values,Test if two arrays have respective elements which are approximately the same value within a specified number of ULPs (units in the last place).,,,false,false,false,
array/base/assert/has-equal-values-indexed,Test if two indexed arrays have equal values.,,,false,false,false,
array/base/assert/has-equal-values,Test if two arrays have equal values.,,,false,false,false,
array/base/assert/has-same-values,Test if two arrays have the same values.,,,false,false,false,
array/base/assert/is-accessor-array,Test if an array-like object supports the accessor (get/set) protocol.,,,false,false,false,
array/base/assert/is-boolean-data-type,Test if an input value is a supported array boolean data type.,,,false,false,false,
array/base/assert/is-booleanarray,Test if a value is a BooleanArray.,,,false,false,false,
array/base/assert/is-byte-order,Test if an input value is a supported array byte order.,,,false,false,false,
array/base/assert/is-complex-floating-point-data-type,Test if an input value is a supported array complex-valued floating-point data type.,,,false,false,false,
array/base/assert/is-complex-typed-array,Test if a value is a complex typed array.,,,false,false,false,
array/base/assert/is-complex128array,Test if a value is a Complex128Array.,,,false,false,false,
array/base/assert/is-complex64array,Test if a value is a Complex64Array.,,,false,false,false,
array/base/assert/is-data-type,Test if an input value is a supported array data type.,,,false,false,false,
array/base/assert/is-floating-point-data-type,Test if an input value is a supported array floating-point data type.,,,false,false,false,
array/base/assert/is-integer-data-type,Test if an input value is a supported array integer data type.,,,false,false,false,
array/base/assert/is-mostly-safe-data-type-cast,"Determine if an array data type can be safely cast or, for floating-point data types, downcast to another array data type.",,,false,false,false,
array/base/assert/is-numeric-data-type,Test if an input value is a supported array numeric data type.,,,false,false,false,
array/base/assert/is-real-data-type,Test if an input value is a supported array real-valued data type.,,,false,false,false,
array/base/assert/is-real-floating-point-data-type,Test if an input value is a supported array real-valued floating-point data type.,,,false,false,false,
array/base/assert/is-safe-data-type-cast,Determine if an array data type can be safely cast to another array data type.,,,false,false,false,
array/base/assert/is-same-kind-data-type-cast,"Determine if an array data type can be safely cast to, or is of the same kind as, another array data type.",,,false,false,false,
array/base/assert/is-signed-integer-data-type,Test if an input value is a supported array signed integer data type.,,,false,false,false,
array/base/assert/is-sorted-ascending,Test if an array is sorted in ascending order.,,,false,false,false,
array/base/assert/is-unsigned-integer-data-type,Test if an input value is a supported array unsigned integer data type.,,,false,false,false,
array/base/assert,Base array assertion utilities.,,,false,false,false,
array/base/at,Return an element from an array.,,,false,false,false,
array/base/at2d,Return an element from a two-dimensional nested array.,,,false,false,false,
array/base/at3d,Return an element from a three-dimensional nested array.,,,false,false,false,
array/base/at4d,Return an element from a four-dimensional nested array.,,,false,false,false,
array/base/at5d,Return an element from a five-dimensional nested array.,,,false,false,false,
array/base/atnd,Return an element from an n-dimensional nested array.,,,false,false,false,
array/base/banded/filled2d-by,Create a filled two-dimensional banded nested array according to a provided callback function.,,,false,false,false,
array/base/banded,Banded array utilities.,,,false,false,false,
array/base/banded/to-compact,Convert a two-dimensional banded nested array to compact banded storage.,,,false,false,false,
array/base/bifurcate-entries-by,Split element entries into two groups according to a predicate function.,,,false,false,false,
array/base/bifurcate-entries,Split array element entries into two groups.,,,false,false,false,
array/base/bifurcate-indices-by,Split element indices into two groups according to a predicate function.,,,false,false,false,
array/base/bifurcate-indices,Split array element indices into two groups.,,,false,false,false,
array/base/bifurcate-values-by,Split element values into two groups according to a predicate function.,,,false,false,false,
array/base/bifurcate-values,Split array element values into two groups.,,,false,false,false,
array/base/binary2d,Apply a binary callback to elements in two two-dimensional nested input arrays and assign results to elements in a two-dimensional nested output array.,,,false,false,false,
array/base/binary3d,Apply a binary callback to elements in two three-dimensional nested input arrays and assign results to elements in a three-dimensional nested output array.,,,false,false,false,
array/base/binary4d,Apply a binary callback to elements in two four-dimensional nested input arrays and assign results to elements in a four-dimensional nested output array.,,,false,false,false,
array/base/binary5d,Apply a binary callback to elements in two five-dimensional nested input arrays and assign results to elements in a five-dimensional nested output array.,,,false,false,false,
array/base/binarynd,Apply a binary callback to elements in two n-dimensional nested input arrays and assign results to elements in an n-dimensional nested output array.,,,false,false,false,
array/base/broadcast-array,Broadcast an array to a specified shape.,,,false,false,false,
array/base/broadcasted-binary2d,Apply a binary callback to elements in two broadcasted input arrays and assign results to elements in a two-dimensional nested output array.,,,false,false,false,
array/base/broadcasted-binary3d,Apply a binary callback to elements in two broadcasted input arrays and assign results to elements in a three-dimensional nested output array.,,,false,false,false,
array/base/broadcasted-binary4d,Apply a binary callback to elements in two broadcasted input arrays and assign results to elements in a four-dimensional nested output array.,,,false,false,false,
array/base/broadcasted-binary5d,Apply a binary callback to elements in two broadcasted input arrays and assign results to elements in a five-dimensional nested output array.,,,false,false,false,
array/base/broadcasted-quaternary2d,Apply a quaternary callback to elements in four broadcasted input arrays and assign results to elements in a two-dimensional nested output array.,,,false,false,false,
array/base/broadcasted-quaternary3d,Apply a quaternary callback to elements in four broadcasted input arrays and assign results to elements in a three-dimensional nested output array.,,,false,false,false,
array/base/broadcasted-quaternary4d,Apply a quaternary callback to elements in four broadcasted input arrays and assign results to elements in a four-dimensional nested output array.,,,false,false,false,
array/base/broadcasted-quaternary5d,Apply a quaternary callback to elements in four broadcasted input arrays and assign results to elements in a five-dimensional nested output array.,,,false,false,false,
array/base/broadcasted-quinary2d,Apply a quinary callback to elements in five broadcasted input arrays and assign results to elements in a two-dimensional nested output array.,,,false,false,false,
array/base/broadcasted-quinary4d,Apply a quinary callback to elements in five broadcasted input arrays and assign results to elements in a four-dimensional nested output array.,,,false,false,false,
array/base/broadcasted-ternary2d,Apply a ternary callback to elements in three broadcasted input arrays and assign results to elements in a two-dimensional nested output array.,,,false,false,false,
array/base/broadcasted-ternary3d,Apply a ternary callback to elements in three broadcasted input arrays and assign results to elements in a three-dimensional nested output array.,,,false,false,false,
array/base/broadcasted-ternary4d,Apply a ternary callback to elements in three broadcasted input arrays and assign results to elements in a four-dimensional nested output array.,,,false,false,false,
array/base/broadcasted-ternary5d,Apply a ternary callback to elements in three broadcasted input arrays and assign results to elements in a five-dimensional nested output array.,,,false,false,false,
array/base/broadcasted-unary2d,Apply a unary callback to elements in a broadcasted nested input array and assign results to elements in a two-dimensional nested output array.,,,false,false,false,
array/base/broadcasted-unary3d,Apply a unary callback to elements in a broadcasted nested input array and assign results to elements in a three-dimensional nested output array.,,,false,false,false,
array/base/broadcasted-unary4d,Apply a unary callback to elements in a broadcasted nested input array and assign results to elements in a four-dimensional nested output array.,,,false,false,false,
array/base/broadcasted-unary5d,Apply a unary callback to elements in a broadcasted nested input array and assign results to elements in a five-dimensional nested output array.,,,false,false,false,
array/base/cartesian-power,Return the Cartesian power.,base.acartesianPower,Function,false,false,false,array/cartesian-power;array/base/cartesian-product;array/base/cartesian-square
array/base/cartesian-product,Return the Cartesian product.,base.acartesianProduct,Function,false,false,false,array/cartesian-product;array/base/cartesian-power;array/base/cartesian-square
array/base/cartesian-square,Return the Cartesian square.,base.acartesianSquare,Function,false,false,false,array/cartesian-square;array/base/cartesian-power;array/base/cartesian-product
array/base/copy-indexed,Copy the elements of an indexed array-like object to a new generic array.,,,false,false,false,
array/base/copy,Copy the elements of an array-like object to a new generic array.,,,false,false,false,
array/base/count-falsy,Count the number of falsy elements in an array.,,,false,false,false,
array/base/count-if,Count the number of elements in an array which pass a test implemented by a predicate function.,,,false,false,false,
array/base/count-ifs,Perform element-wise evaluation of one or more input arrays according to provided predicate functions and count the number of elements for which all predicates respectively return `true`.,,,false,false,false,
array/base/count-same-value-zero,Count the number of elements in an array that are equal to a specified value.,,,false,false,false,
array/base/count-same-value,Count the number of elements in an array that are equal to a specified value.,,,false,false,false,
array/base/count-truthy,Count the number of truthy elements in an array.,,,false,false,false,
array/base/cuany-by-right,"Cumulatively test whether at least one array element in a provided array passes a test implemented by a predicate function, while iterating from right-to-left.",,,false,false,false,
array/base/cuany-by,Cumulatively test whether at least one element in a provided array passes a test implemented by a predicate function.,,,false,false,false,
array/base/cuany,Cumulatively test whether at least one element in a provided array is truthy.,,,false,false,false,
array/base/cuevery-by-right,"Cumulatively test whether every array element in a provided array passes a test implemented by a predicate function, while iterating from right-to-left.",,,false,false,false,
array/base/cuevery-by,Cumulatively test whether every array element in a provided array passes a test implemented by a predicate function.,,,false,false,false,
array/base/cuevery,Cumulatively test whether every element in a provided array is truthy.,,,false,false,false,
array/base/cunone-by-right,"Cumulatively test whether every array element in a provided array fails a test implemented by a predicate function, while iterating from right-to-left.",,,false,false,false,
array/base/cunone-by,Cumulatively test whether every element in a provided array fails a test implemented by a predicate function.,,,false,false,false,
array/base/cunone,Cumulatively test whether every element in a provided array is falsy.,,,false,false,false,
array/base/cusome-by-right,"Cumulatively test whether at least `n` elements in a provided array pass a test implemented by a predicate function, while iterating from right-to-left.",,,false,false,false,
array/base/cusome-by,Cumulatively test whether at least `n` array elements in a provided array pass a test implemented by a predicate function.,,,false,false,false,
array/base/cusome,Cumulatively test whether at least `n` array elements in a provided array are truthy.,,,false,false,false,
array/base/dedupe,Remove consecutive duplicated values.,,,false,false,false,
array/base/entries2objects,Convert array entries to an array of objects.,,,false,false,false,
array/base/entries2views,Convert array entries to an array of composite views.,,,false,false,false,
array/base/every-by-right,"Test whether all elements in an array pass a test implemented by a predicate function, iterating from right to left.",,,false,false,false,
array/base/every-by,Test whether all elements in an array pass a test implemented by a predicate function.,,,false,false,false,
array/base/every,Test whether all elements in an array are truthy.,,,false,false,false,
array/base/falses,Create a generic array filled with false values.,,,false,false,false,
array/base/fancy-slice-assign,Assign element values from a broadcasted input array to corresponding elements in an output array.,,,false,false,false,
array/base/fancy-slice,Return a shallow copy of a portion of an array.,,,false,false,false,
array/base/fill-by,Fill all elements within a portion of an array according to a callback function.,,,false,false,false,
array/base/fill,Fill all elements within a portion of an array with a specified value.,,,false,false,false,
array/base/filled-by,Create a filled generic array according to a provided callback function.,base.afilledBy,Function,false,false,false,array/base/filled
array/base/filled,Create a filled generic array.,base.afilled,Function,false,false,false,
array/base/filled2d-by,Create a filled two-dimensional nested array according to a provided callback function.,base.afilled2dBy,Function,false,false,false,array/base/filled2d
array/base/filled2d,Create a filled two-dimensional nested array.,base.afilled2d,Function,false,false,false,
array/base/filled3d-by,Create a filled three-dimensional nested array according to a provided callback function.,base.afilled3dBy,Function,false,false,false,array/base/filled3d
array/base/filled3d,Create a filled three-dimensional nested array.,base.afilled3d,Function,false,false,false,
array/base/filled4d-by,Create a filled four-dimensional nested array according to a provided callback function.,base.afilled4dBy,Function,false,false,false,array/base/filled4d
array/base/filled4d,Create a filled four-dimensional nested array.,base.afilled4d,Function,false,false,false,
array/base/filled5d-by,Create a filled five-dimensional nested array according to a provided callback function.,base.afilled5dBy,Function,false,false,false,array/base/filled5d
array/base/filled5d,Create a filled five-dimensional nested array.,base.afilled5d,Function,false,false,false,
array/base/fillednd-by,Create a filled n-dimensional nested array according to a provided callback function.,base.afilledndBy,Function,false,false,false,array/base/fillednd
array/base/fillednd,Create a filled n-dimensional nested array.,base.afillednd,Function,false,false,false,
array/base/filter,Return a shallow copy of an array containing only those elements which pass a test implemented by a predicate function.,base.afilter,Function,false,false,false,
array/base/first,Return the first element of an array-like object.,base.afirst,Function,false,false,false,
array/base/flatten-by,Flatten an n-dimensional nested array according to a callback function.,base.aflattenBy,Function,false,false,false,array/base/flatten
array/base/flatten,Flatten an n-dimensional nested array.,base.aflatten,Function,false,false,false,array/base/flatten-by
array/base/flatten2d-by,Flatten a two-dimensional nested array according to a callback function.,base.aflatten2dBy,Function,false,false,false,array/base/flatten2d
array/base/flatten2d,Flatten a two-dimensional nested array.,base.aflatten2d,Function,false,false,false,array/base/flatten2d-by
array/base/flatten3d-by,Flatten a three-dimensional nested array according to a callback function.,base.aflatten3dBy,Function,false,false,false,array/base/flatten3d
array/base/flatten3d,Flatten a three-dimensional nested array.,base.aflatten3d,Function,false,false,false,array/base/flatten3d-by
array/base/flatten4d-by,Flatten a four-dimensional nested array according to a callback function.,base.aflatten4dBy,Function,false,false,false,array/base/flatten4d
array/base/flatten4d,Flatten a four-dimensional nested array.,base.aflatten4d,Function,false,false,false,array/base/flatten4d-by
array/base/flatten5d-by,Flatten a five-dimensional nested array according to a callback function.,base.aflatten5dBy,Function,false,false,false,array/base/flatten5d
array/base/flatten5d,Flatten a five-dimensional nested array.,base.aflatten5d,Function,false,false,false,array/base/flatten5d-by
array/base/fliplr2d,Reverse the order of elements along the last dimension of a two-dimensional nested input array.,base.afliplr2d,Function,false,false,false,array/base/fliplr3d;array/base/fliplr4d;array/base/fliplr5d
array/base/fliplr3d,Reverse the order of elements along the last dimension of a three-dimensional nested input array.,base.afliplr3d,Function,false,false,false,array/base/fliplr2d;array/base/fliplr4d;array/base/fliplr5d
array/base/fliplr4d,Reverse the order of elements along the last dimension of a four-dimensional nested input array.,base.afliplr4d,Function,false,false,false,array/base/fliplr2d;array/base/fliplr3d;array/base/fliplr5d
array/base/fliplr5d,Reverse the order of elements along the last dimension of a five-dimensional nested input array.,base.afliplr5d,Function,false,false,false,array/base/fliplr2d;array/base/fliplr3d;array/base/fliplr4d
array/base/flipud2d,Reverse the order of elements along the first dimension of a two-dimensional nested input array.,base.aflipud2d,Function,false,false,false,array/base/flipud3d;array/base/flipud4d;array/base/flipud5d
array/base/flipud3d,Reverse the order of elements along the second-to-last dimension of a three-dimensional nested input array.,base.aflipud3d,Function,false,false,false,array/base/flipud2d;array/base/flipud4d;array/base/flipud5d
array/base/flipud4d,Reverse the order of elements along the second-to-last dimension of a four-dimensional nested input array.,base.aflipud4d,Function,false,false,false,array/base/flipud2d;array/base/flipud3d;array/base/flipud5d
array/base/flipud5d,Reverse the order of elements along the second-to-last dimension of a five-dimensional nested input array.,base.aflipud5d,Function,false,false,false,array/base/flipud2d;array/base/flipud3d;array/base/flipud4d
array/base/for-each,Invoke a callback function once for each array element.,,,false,false,false,
array/base/from-strided,Convert a strided array to a non-strided generic array.,,,false,false,false,
array/base/getter,Return an accessor function for retrieving an element from an indexed array-like object.,,,false,false,false,
array/base/group-entries-by,Group element entries according to an indicator function.,,,false,false,false,
array/base/group-entries,Group element entries as arrays associated with distinct keys.,,,false,false,false,
array/base/group-indices-by,Group element indices according to an indicator function.,,,false,false,false,
array/base/group-indices,Group element indices as arrays associated with distinct keys.,,,false,false,false,
array/base/group-values-by,Group element values according to an indicator function.,,,false,false,false,
array/base/group-values-on-key,Group the elements of an array according to a specified property name.,,,false,false,false,
array/base/group-values,Group elements as arrays associated with distinct keys.,,,false,false,false,
array/base/incrspace,Generate a linearly spaced numeric array according to a provided increment.,,,false,false,false,
array/base/index-of-same-value,Return the index of the first element which equals a provided search element according to the same value algorithm.,,,false,false,false,
array/base/index-of,Return the index of the first element which equals a provided search element.,,,false,false,false,
array/base/indices-complement,Return the complement of a list of array indices.,,,false,false,false,
array/base/insert-at,Insert an element into an array.,,,false,false,false,
array/base/join,Return a string created by joining array elements using a specified separator.,,,false,false,false,
array/base/last-index-of-same-value,Return the index of the last element which equals a provided search element according to the same value algorithm.,,,false,false,false,
array/base/last-index-of,Return the index of the last element which equals a provided search element.,,,false,false,false,
array/base/last,Return the last element of an array-like object.,,,false,false,false,
array/base/linspace,Generate a linearly spaced numeric array.,,,false,false,false,
array/base/linspace2d,Generate a linearly spaced two-dimensional nested numeric array.,,,false,false,false,
array/base/logspace,Generate a logarithmically spaced numeric array.,,,false,false,false,
array/base/map,Apply a callback function to elements in an input array and assign results to elements in a new output array.,,,false,false,false,
array/base/map2d,Apply a function to elements in a two-dimensional nested input array and assign results to elements in a new two-dimensional nested output array.,,,false,false,false,
array/base/map3d,Apply a function to elements in a three-dimensional nested input array and assign results to elements in a new three-dimensional nested output array.,,,false,false,false,
array/base/map4d,Apply a function to elements in a four-dimensional nested input array and assign results to elements in a new four-dimensional nested output array.,,,false,false,false,
array/base/map5d,Apply a function to elements in a five-dimensional nested input array and assign results to elements in a new five-dimensional nested output array.,,,false,false,false,
array/base/min-signed-integer-dtype,Determine the minimum array data type for storing a provided signed integer value.,,,false,false,false,
array/base/min-unsigned-integer-dtype,Determine the minimum array data type for storing a provided unsigned integer value.,,,false,false,false,
array/base/mskbinary2d,Apply a binary callback to elements in two two-dimensional nested input arrays according to elements in a two-dimensional nested mask array and assign results to elements in a two-dimensional nested output array.,,,false,false,false,
array/base/mskbinary3d,Apply a binary callback to elements in two three-dimensional nested input arrays according to elements in a three-dimensional nested mask array and assign results to elements in a three-dimensional nested output array.,,,false,false,false,
array/base/mskbinary4d,Apply a binary callback to elements in two four-dimensional nested input arrays according to elements in a four-dimensional nested mask array and assign results to elements in a four-dimensional nested output array.,,,false,false,false,
array/base/mskbinary5d,Apply a binary callback to elements in two five-dimensional nested input arrays according to elements in a five-dimensional nested mask array and assign results to elements in a five-dimensional nested output array.,,,false,false,false,
array/base/mskfilter-map,Apply a mask and a callback function to a provided input array.,,,false,false,false,
array/base/mskfilter,Apply a mask to a provided input array.,,,false,false,false,
array/base/mskfilter2,Apply a mask to two provided input arrays in a single pass.,,,false,false,false,
array/base/mskfiltern,Apply a mask to one or more provided input arrays in a single pass.,,,false,false,false,
array/base/mskput,Replace elements of an array with provided values according to a provided mask array.,,,false,false,false,
array/base/mskreject-map,Apply a mask to a provided input array and map the unmasked values according to a callback function.,,,false,false,false,
array/base/mskreject,Apply a mask to a provided input array.,,,false,false,false,
array/base/mskunary2d,Apply a unary callback to elements in a two-dimensional nested input array according to elements in a two-dimensional nested mask array and assign results to elements in a two-dimensional nested output array.,,,false,false,false,
array/base/mskunary3d,Apply a unary callback to elements in a three-dimensional nested input array according to elements in a three-dimensional nested mask array and assign results to elements in a three-dimensional nested output array.,,,false,false,false,
array/base/mskunary4d,Apply a unary callback to elements in a four-dimensional nested input array according to elements in a four-dimensional nested mask array and assign results to elements in a four-dimensional nested output array.,,,false,false,false,
array/base/mskunary5d,Apply a unary callback to elements in a five-dimensional nested input array according to elements in a five-dimensional nested mask array and assign results to elements in a five-dimensional nested output array.,,,false,false,false,
array/base/n-cartesian-product,Return the n-fold Cartesian product.,,,false,false,false,
array/base/nested2objects,Convert nested arrays to objects.,,,false,false,false,
array/base/nested2views,Convert nested arrays to composite views.,,,false,false,false,
array/base/none-by-right,"Test whether all elements in an array fail a test implemented by a predicate function, iterating from right to left.",,,false,false,false,
array/base/none-by,Test whether all elements in an array fail a test implemented by a predicate function.,,,false,false,false,
array/base/none,Test whether all elements in an array are falsy.,,,false,false,false,
array/base/nulls,Create a generic array filled with null values.,,,false,false,false,
array/base/one-to,Generate a linearly spaced numeric array whose elements increment by 1 starting from one.,base.aoneTo,Function,false,false,false,array/base/zero-to;array/base/ones
array/base/ones,Create a generic array filled with ones.,base.aones,Function,false,false,false,array/base/zeros;array/base/ones2d;array/base/ones3d;array/base/ones4d;array/base/ones5d;array/base/onesnd
array/base/ones2d,Create a two-dimensional nested array filled with ones.,base.aones2d,Function,false,false,false,array/base/zeros2d;array/base/ones;array/base/ones3d;array/base/ones4d;array/base/ones5d;array/base/onesnd
array/base/ones3d,Create a three-dimensional nested array filled with ones.,base.aones3d,Function,false,false,false,array/base/zeros3d;array/base/ones;array/base/ones2d;array/base/ones4d;array/base/ones5d;array/base/onesnd
array/base/ones4d,Create a four-dimensional nested array filled with ones.,base.aones4d,Function,false,false,false,array/base/zeros4d;array/base/ones;array/base/ones2d;array/base/ones3d;array/base/ones5d;array/base/onesnd
array/base/ones5d,Create a five-dimensional nested array filled with ones.,base.aones5d,Function,false,false,false,array/base/zeros5d;array/base/ones;array/base/ones2d;array/base/ones3d;array/base/ones4d;array/base/onesnd
array/base/onesnd,Create an n-dimensional nested array filled with ones.,base.aonesnd,Function,false,false,false,array/base/zerosnd;array/base/ones;array/base/ones2d;array/base/ones3d;array/base/ones4d;array/base/ones5d
array/base,"Base (i.e., lower-level) array utilities.",,,false,false,false,
array/base/place,Replace elements of an array with provided values according to a provided mask array.,,,false,false,false,
array/base/put,Replace specified elements of an array with provided values.,,,false,false,false,
array/base/quaternary2d,Apply a quaternary callback to elements in four two-dimensional nested input arrays and assign results to elements in a two-dimensional nested output array.,,,false,false,false,
array/base/quaternary3d,Apply a quaternary callback to elements in four three-dimensional nested input arrays and assign results to elements in a three-dimensional nested output array.,,,false,false,false,
array/base/quaternary4d,Apply a quaternary callback to elements in four four-dimensional nested input arrays and assign results to elements in a four-dimensional nested output array.,,,false,false,false,
array/base/quaternary5d,Apply a quaternary callback to elements in four five-dimensional nested input arrays and assign results to elements in a five-dimensional nested output array.,,,false,false,false,
array/base/quinary2d,Apply a quinary callback to elements in five two-dimensional nested input arrays and assign results to elements in a two-dimensional nested output array.,,,false,false,false,
array/base/quinary3d,Apply a quinary callback to elements in five three-dimensional nested input arrays and assign results to elements in a three-dimensional nested output array.,,,false,false,false,
array/base/quinary4d,Apply a quinary callback to elements in five four-dimensional nested input arrays and assign results to elements in a four-dimensional nested output array.,,,false,false,false,
array/base/quinary5d,Apply a quinary callback to elements in five five-dimensional nested input arrays and assign results to elements in a five-dimensional nested output array.,,,false,false,false,
array/base/reject,Return a shallow copy of an array containing only those elements which fail a test implemented by a predicate function.,,,false,false,false,
array/base/rekey-views,Create an array containing views with renamed keys for every element in a provided array.,,,false,false,false,
array/base/rekey,Copy and rename specified keys for every element in a provided array.,,,false,false,false,
array/base/remove-at,Remove an element from an array.,,,false,false,false,
array/base/reshape,Reshape a nested array into another nested array having a desired shape.,,,false,false,false,
array/base/resolve-getter,Return an accessor function for retrieving an element from an array-like object.,,,false,false,false,
array/base/resolve-setter,Return an accessor function for setting an element in an array-like object.,,,false,false,false,
array/base/reverse,Reverse an array in-place.,,,false,false,false,
array/base/scatter-filled,"Scatter a list of provided values to specified indices in a new filled ""generic"" array.",,,false,false,false,
array/base/scattered,"Scatter a list of provided values to specified indices in a new zero-filled ""generic"" array.",,,false,false,false,
array/base/setter,Return an accessor function for setting an element in an indexed array-like object.,,,false,false,false,
array/base/slice,Return a shallow copy of a portion of an array.,,,false,false,false,
array/base/strided2array2d,Convert a strided array to a two-dimensional nested array.,,,false,false,false,
array/base/strided2array3d,Convert a strided array to a three-dimensional nested array.,,,false,false,false,
array/base/strided2array4d,Convert a strided array to a four-dimensional nested array.,,,false,false,false,
array/base/strided2array5d,Convert a strided array to a five-dimensional nested array.,,,false,false,false,
array/base/symmetric-banded/filled2d-by,Create a filled two-dimensional symmetric banded nested array according to a provided callback function.,,,false,false,false,
array/base/symmetric-banded,Symmetric banded array utilities.,,,false,false,false,
array/base/symmetric-banded/to-compact,Convert a two-dimensional symmetric banded nested array to compact banded storage.,,,false,false,false,
array/base/symmetric/filled2d-by,Create a filled two-dimensional symmetric nested array according to a provided callback function.,,,false,false,false,
array/base/symmetric,Symmetric array utilities.,,,false,false,false,
array/base/take-indexed,Take elements from an indexed array.,,,false,false,false,
array/base/take-indexed2,Take elements from two indexed arrays in a single pass.,,,false,false,false,
array/base/take-map,Take elements from an array and return a new array after applying a mapping function.,,,false,false,false,
array/base/take,Take elements from an array.,,,false,false,false,
array/base/take2d,Take elements from a two-dimensional nested array.,,,false,false,false,
array/base/take3d,Take elements from a three-dimensional nested array.,,,false,false,false,
array/base/ternary2d,Apply a ternary callback to elements in three two-dimensional nested input arrays and assign results to elements in a two-dimensional nested output array.,,,false,false,false,
array/base/ternary3d,Apply a ternary callback to elements in three three-dimensional nested input arrays and assign results to elements in a three-dimensional nested output array.,,,false,false,false,
array/base/ternary4d,Apply a ternary callback to elements in three four-dimensional nested input arrays and assign results to elements in a four-dimensional nested output array.,,,false,false,false,
array/base/ternary5d,Apply a ternary callback to elements in three five-dimensional nested input arrays and assign results to elements in a five-dimensional nested output array.,,,false,false,false,
array/base/to-accessor-array,Convert an array-like object to a minimal array-like object supporting the accessor protocol.,,,false,false,false,
array/base/to-deduped,Copy elements to a new generic array after removing consecutive duplicated values.,,,false,false,false,
array/base/to-inserted-at,Return a new array containing every element from an input array and with a provided value inserted at a specified index.,,,false,false,false,
array/base/to-reversed,Return a new array with elements in reverse order.,,,false,false,false,
array/base/trues,Create a generic array filled with true values.,,,false,false,false,
array/base/unary2d-by,Apply a unary function to each element retrieved from a two-dimensional nested input array according to a callback function and assign results to elements in a two-dimensional nested output array.,,,false,false,false,
array/base/unary2d,Apply a unary callback to elements in a two-dimensional nested input array and assign results to elements in a two-dimensional nested output array.,,,false,false,false,
array/base/unary3d-by,Apply a unary function to each element retrieved from a three-dimensional nested input array according to a callback function and assign results to elements in a three-dimensional nested output array.,,,false,false,false,
array/base/unary3d,Apply a unary callback to elements in a three-dimensional nested input array and assign results to elements in a three-dimensional nested output array.,,,false,false,false,
array/base/unary4d-by,Apply a unary function to each element retrieved from a four-dimensional nested input array according to a callback function and assign results to elements in a four-dimensional nested output array.,,,false,false,false,
array/base/unary4d,Apply a unary callback to elements in a four-dimensional nested input array and assign results to elements in a four-dimensional nested output array.,,,false,false,false,
array/base/unary5d-by,Apply a unary function to each element retrieved from a five-dimensional nested input array according to a callback function and assign results to elements in a five-dimensional nested output array.,,,false,false,false,
array/base/unary5d,Apply a unary callback to elements in a five-dimensional nested input array and assign results to elements in a five-dimensional nested output array.,,,false,false,false,
array/base/unarynd,Apply a unary callback to elements in an n-dimensional nested input array and assign results to elements in an n-dimensional nested output array.,,,false,false,false,
array/base/unitspace,Generate a linearly spaced numeric array whose elements increment by 1.,,,false,false,false,
array/base/where,Take elements from either one of two arrays depending on a condition.,,,false,false,false,
array/base/with,Return a new array with the element at the specified index replaced with a provided value.,,,false,false,false,
array/base/without,"Return a new array containing every element from an input array, except for the element at a specified index.",,,false,false,false,
array/base/zero-to,Generate a linearly spaced numeric array whose elements increment by 1 starting from zero.,base.azeroTo,Function,false,false,false,array/base/one-to
array/base/zeros,Create a zero-filled generic array.,base.azeros,Function,false,false,false,array/base/ones;array/base/zeros2d;array/base/zeros3d;array/base/zeros4d;array/base/zeros5d;array/base/zerosnd
array/base/zeros2d,Create a zero-filled two-dimensional nested array.,base.azeros2d,Function,false,false,false,array/base/zeros;array/base/ones2d;array/base/zeros3d;array/base/zeros4d;array/base/zeros5d;array/base/zerosnd
array/base/zeros3d,Create a zero-filled three-dimensional nested array.,base.azeros3d,Function,false,false,false,array/base/zeros;array/base/ones3d;array/base/zeros2d;array/base/zeros4d;array/base/zeros5d;array/base/zerosnd
array/base/zeros4d,Create a zero-filled four-dimensional nested array.,base.azeros4d,Function,false,false,false,array/base/zeros;array/base/ones4d;array/base/zeros2d;array/base/zeros3d;array/base/zeros5d;array/base/zerosnd
array/base/zeros5d,Create a zero-filled five-dimensional nested array.,base.azeros5d,Function,false,false,false,array/base/zeros;array/base/ones5d;array/base/zeros2d;array/base/zeros3d;array/base/zeros4d;array/base/zerosnd
array/base/zerosnd,Create a zero-filled n-dimensional nested array.,base.azerosnd,Function,false,false,false,array/base/zeros;array/base/onesnd;array/base/zeros2d;array/base/zeros3d;array/base/zeros4d;array/base/zeros5d
array/base/zip,Zip one or more arrays.,,,false,false,false,
array/base/zip2object,Create an object from a provided list of properties and a provided list of corresponding values.,,,false,false,false,
array/base/zip2objects,Zip one or more arrays to an array of objects.,,,false,false,false,
array/base/zip2views,Zip one or more arrays to an array of composite views.,,,false,false,false,
array/bool,BooleanArray.,BooleanArray,Function,false,false,false,array/buffer
array/buffer,ArrayBuffer.,ArrayBuffer,Function,false,false,false,buffer/ctor;array/float32;array/float64;array/int16;array/int32;array/int8;array/shared-buffer;array/uint16;array/uint32;array/uint8;array/uint8c
array/byte-orders,List of byte orders.,,,false,false,false,
array/cartesian-power,Return the Cartesian power.,acartesianPower,Function,false,false,false,array/cartesian-product;array/cartesian-square
array/cartesian-product,Return the Cartesian product.,acartesianProduct,Function,false,false,false,array/cartesian-power;array/cartesian-square
array/cartesian-square,Return the Cartesian square.,acartesianSquare,Function,false,false,false,array/cartesian-power;array/cartesian-product
array/complex128,Complex128Array.,Complex128Array,Function,false,false,false,array/complex64;complex/cmplx;complex/float64/ctor
array/complex64,Complex64Array.,Complex64Array,Function,false,false,false,array/complex128;complex/cmplx;complex/float32/ctor
array/convert-same,Convert an array to the same data type as a second input array.,convertArraySame,Function,false,false,false,array/convert
array/convert,Convert an array to an array of a different data type.,convertArray,Function,false,false,false,array/convert-same
array/ctors,Array constructors.,arrayCtors,Function,false,false,false,array/typed-ctors
array/dataview,DataView.,DataView,Function,false,false,false,array/buffer;array/typed
array/datespace,Generate an array of linearly spaced dates.,datespace,Function,false,false,false,array/linspace;array/logspace
array/defaults,Default array settings.,,,false,false,false,
array/dtype,Return the data type of an array.,arrayDataType,Function,false,false,false,array/dtypes
array/dtypes,List of array data types.,arrayDataTypes,Function,false,false,false,array/typed-dtypes;ndarray/dtypes
array/empty-like,Create an uninitialized array having the same length and data type as a provided array.,aemptyLike,Function,false,false,false,array/empty;array/full-like;array/ones-like;array/zeros-like;ndarray/empty-like
array/empty,Create an uninitialized array having a specified length.,aempty,Function,false,false,false,array/empty-like;array/full;array/ones;array/zeros;ndarray/empty
array/filled-by,Create a filled array according to a provided callback function.,filledarrayBy,Function,false,false,false,array/filled;array/typed
array/filled,Create a filled array.,filledarray,Function,false,false,false,array/filled-by;array/typed
array/fixed-endian-factory,Return a typed array constructor for creating typed arrays having a specified byte order.,,,false,false,false,
array/fixed-endian-float32,Float32Array having a specified byte order.,Float32ArrayFE,Function,false,false,false,array/fixed-endian-float64;array/float32
array/fixed-endian-float64,Float64Array having a specified byte order.,Float64ArrayFE,Function,false,false,false,array/fixed-endian-float32;array/float64
array/float32,Float32Array.,Float32Array,Function,false,false,false,array/buffer;array/float64;array/int16;array/int32;array/int8;array/uint16;array/uint32;array/uint8;array/uint8c
array/float64,Float64Array.,Float64Array,Function,false,false,false,array/buffer;array/float32;array/int16;array/int32;array/int8;array/uint16;array/uint32;array/uint8;array/uint8c
array/from-iterator,Create (or fill) an array from an iterator.,iterator2array,Function,false,false,false,array/to-iterator;iter/to-array-view
array/from-scalar,Create a single-element array containing a provided scalar value.,scalar2array,Function,false,false,false,array/from-iterator
array/full-like,Create a filled array having the same length and data type as a provided array.,afullLike,Function,false,false,false,array/full;array/ones-like;array/zeros-like
array/full,Create a filled array having a specified length.,afull,Function,false,false,false,array/full-like;array/ones;array/zeros
array/incrspace,Generate a linearly spaced numeric array using a provided increment.,incrspace,Function,false,false,false,array/linspace;array/logspace
array/index,Array index constructor.,ArrayIndex,Function,false,false,false,array/to-fancy
array/int16,Int16Array.,Int16Array,Function,false,false,false,array/buffer;array/float32;array/float64;array/int32;array/int8;array/uint16;array/uint32;array/uint8;array/uint8c
array/int32,Int32Array.,Int32Array,Function,false,false,false,array/buffer;array/float32;array/float64;array/int16;array/int8;array/uint16;array/uint32;array/uint8;array/uint8c
array/int8,Int8Array.,Int8Array,Function,false,false,false,array/buffer;array/float32;array/float64;array/int16;array/int32;array/uint16;array/uint32;array/uint8;array/uint8c
array/linspace,Generate a linearly spaced array over a specified interval.,linspace,Function,false,false,false,array/incrspace;array/logspace
array/little-endian-factory,Return a typed array constructor for creating typed arrays stored in little-endian byte order.,,,false,false,false,
array/little-endian-float32,Float32Array in little-endian byte order.,Float32ArrayLE,Function,false,false,false,array/fixed-endian-float32;array/float32;array/little-endian-float64
array/little-endian-float64,Float64Array in little-endian byte order.,Float64ArrayLE,Function,false,false,false,array/fixed-endian-float64;array/float64;array/little-endian-float32
array/logspace,Generate a logarithmically spaced numeric array.,logspace,Function,false,false,false,array/incrspace;array/linspace
array/min-dtype,Determine the minimum array data type of the closest kind necessary for storing a provided scalar value.,arrayMinDataType,Function,false,false,false,array/dtypes;array/promotion-rules;array/safe-casts
array/mostly-safe-casts,"Return a list of array data types to which a provided array data type can be safely cast and, for floating-point data types, can be downcast.",arrayMostlySafeCasts,Function,false,false,false,array/convert;array/convert-same;array/dtypes;array/safe-casts;array/same-kind-casts;ndarray/mostly-safe-casts
array/mskfilter,Apply a mask to a provided input array.,amskfilter,Function,false,false,false,array/mskreject
array/mskput,Replace elements of an array with provided values according to a provided mask array.,amskput,Function,false,false,false,array/place;array/put;array/take
array/mskreject,Apply a mask to a provided input array.,amskreject,Function,false,false,false,array/mskfilter
array/nans-like,Create an array filled with NaNs and having the same length and data type as a provided array.,anansLike,Function,false,false,false,array/full-like;array/nans;array/ones-like;array/zeros-like
array/nans,Create an array filled with NaNs and having a specified length.,anans,Function,false,false,false,array/full;array/nans-like;array/ones;array/zeros
array/next-dtype,Return the next larger array data type of the same kind.,arrayNextDataType,Function,false,false,false,array/dtype;array/dtypes
array/nulls,Create an array filled with nulls and having a specified length.,,,false,false,false,
array/one-to-like,Generate a linearly spaced numeric array whose elements increment by 1 starting from one and having the same length and data type as a provided input array.,aoneToLike,Function,false,false,false,array/full-like;array/ones-like;array/one-to;array/zero-to-like
array/one-to,Generate a linearly spaced numeric array whose elements increment by 1 starting from one.,aoneTo,Function,false,false,false,array/full;array/ones;array/one-to-like;array/zero-to
array/ones-like,Create an array filled with ones and having the same length and data type as a provided array.,aonesLike,Function,false,false,false,array/full-like;array/nans-like;array/ones;array/zeros-like
array/ones,Create an array filled with ones and having a specified length.,aones,Function,false,false,false,array/full;array/nans;array/ones-like;array/zeros
array,Arrays.,,,false,false,false,
array/place,Replace elements of an array with provided values according to a provided mask array.,aplace,Function,false,false,false,array/mskput;array/put;array/take
array/pool,Typed array pool.,typedarraypool,Function,false,false,false,array/typed
array/promotion-rules,Return the array data type with the smallest size and closest kind to which array data types can be safely cast.,arrayPromotionRules,Function,false,false,false,array/dtypes;array/safe-casts;ndarray/promotion-rules
array/put,Replace specified elements of an array with provided values.,aput,Function,false,false,false,array/mskput;array/place;array/take
array/reviver,Revive a JSON-serialized typed array.,reviveTypedArray,Function,false,false,false,array/to-json
array/safe-casts,Return a list of array data types to which a provided array data type can be safely cast.,arraySafeCasts,Function,false,false,false,array/convert;array/convert-same;array/dtypes;array/mostly-safe-casts;array/same-kind-casts;ndarray/safe-casts
array/same-kind-casts,Return a list of array data types to which a provided array data type can be safely cast or cast within the same kind.,arraySameKindCasts,Function,false,false,false,array/convert;array/convert-same;array/dtypes;array/safe-casts;ndarray/same-kind-casts
array/shape,Determine (nested) array dimensions.,arrayShape,Function,false,false,false,ndarray/ctor
array/shared-buffer,SharedArrayBuffer.,SharedArrayBuffer,Function,false,false,false,buffer/ctor;array/buffer;array/float32;array/float64;array/int16;array/int32;array/int8;array/uint16;array/uint32;array/uint8;array/uint8c
array/slice,Return a shallow copy of a portion of an array.,aslice,Function,false,false,false,array/take
array/struct-factory,Return a constructor for creating arrays having a fixed-width composite data type.,,,false,false,false,
array/take,Take elements from an array.,atake,Function,false,false,false,array/put;array/slice
array/to-circular-iterator,Create an iterator which repeatedly iterates over the elements of an array-like object.,circarray2iterator,Function,false,false,false,array/to-iterator;array/to-strided-iterator
array/to-fancy,Convert an array to an object supporting fancy indexing.,array2fancy,Function,false,false,false,array/slice;ndarray/fancy
array/to-iterator-right,"Create an iterator from an array-like object, iterating from right to left.",array2iteratorRight,Function,false,false,false,array/from-iterator;array/to-iterator
array/to-iterator,Create an iterator from an array-like object.,array2iterator,Function,false,false,false,array/from-iterator;array/to-circular-iterator;array/to-iterator-right;array/to-strided-iterator
array/to-json,Return a JSON representation of a typed array.,typedarray2json,Function,false,false,false,array/reviver
array/to-sparse-iterator-right,"Create an iterator from a sparse array-like object, iterating from right to left.",sparsearray2iteratorRight,Function,false,false,false,array/from-iterator;array/to-iterator-right;array/to-sparse-iterator
array/to-sparse-iterator,Create an iterator from a sparse array-like object.,sparsearray2iterator,Function,false,false,false,array/from-iterator;array/to-iterator;array/to-sparse-iterator-right
array/to-strided-iterator,Create an iterator from a strided array-like object.,stridedarray2iterator,Function,false,false,false,array/from-iterator;array/to-iterator
array/to-view-iterator-right,"Create an iterator from an array-like object view, iterating from right to left.",arrayview2iteratorRight,Function,false,false,false,array/from-iterator;array/to-iterator-right;array/to-strided-iterator;array/to-view-iterator
array/to-view-iterator,Create an iterator from an array-like object view.,arrayview2iterator,Function,false,false,false,array/from-iterator;array/to-iterator;array/to-strided-iterator;array/to-view-iterator-right
array/typed-complex-ctors,Complex typed array constructors.,complexarrayCtors,Function,false,false,false,array/ctors;array/typed-ctors;array/typed-real-ctors
array/typed-complex-dtypes,List of complex typed array data types.,complexarrayDataTypes,Function,false,false,false,array/dtypes;array/typed-dtypes;array/typed-real-dtypes;ndarray/dtypes
array/typed-complex,Create a complex number typed array.,complexarray,Function,false,false,false,array/typed;array/typed-real
array/typed-ctors,Typed array constructors.,typedarrayCtors,Function,false,false,false,array/ctors
array/typed-dtypes,List of typed array data types.,typedarrayDataTypes,Function,false,false,false,array/dtypes;ndarray/dtypes
array/typed-float-ctors,Floating-point typed array constructors.,,,false,false,false,
array/typed-float-dtypes,List of typed array floating-point data types.,,,false,false,false,
array/typed-integer-ctors,Integer-valued typed array constructors.,,,false,false,false,
array/typed-integer-dtypes,List of typed array integer data types.,,,false,false,false,
array/typed-real-ctors,Typed array constructors.,realarrayCtors,Function,false,false,false,array/ctors;array/typed-complex-ctors
array/typed-real-dtypes,List of typed array real-valued data types.,realarrayDataTypes,Function,false,false,false,array/dtypes;array/typed-complex-dtypes
array/typed-real-float-ctors,Real-valued floating-point typed array constructors.,,,false,false,false,
array/typed-real-float-dtypes,List of typed array real-valued floating-point data types.,,,false,false,false,
array/typed-real,Create a typed array.,realarray,Function,false,false,false,array/float64;array/float32;array/int32;array/uint32;array/int16;array/uint16;array/int8;array/uint8;array/uint8c
array/typed-signed-integer-ctors,Signed integer typed array constructors.,,,false,false,false,
array/typed-signed-integer-dtypes,List of typed array signed integer data types.,,,false,false,false,
array/typed-unsigned-integer-ctors,Unsigned integer typed array constructors.,,,false,false,false,
array/typed-unsigned-integer-dtypes,List of typed array unsigned integer data types.,,,false,false,false,
array/typed,Create a typed array.,typedarray,Function,false,false,false,array/complex128;array/complex64;array/float64;array/float32;array/int32;array/uint32;array/int16;array/uint16;array/int8;array/uint8;array/uint8c
array/uint16,Uint16Array.,Uint16Array,Function,false,false,false,array/buffer;array/float32;array/float64;array/int16;array/int32;array/int8;array/uint32;array/uint8;array/uint8c
array/uint32,Uint32Array.,Uint32Array,Function,false,false,false,array/buffer;array/float32;array/float64;array/int16;array/int32;array/int8;array/uint16;array/uint8;array/uint8c
array/uint8,Uint8Array.,Uint8Array,Function,false,false,false,array/buffer;array/float32;array/float64;array/int16;array/int32;array/int8;array/uint16;array/uint32;array/uint8c
array/uint8c,Uint8ClampedArray.,Uint8ClampedArray,Function,false,false,false,array/buffer;array/float32;array/float64;array/int16;array/int32;array/int8;array/uint16;array/uint32;array/uint8
array/zero-to-like,Generate a linearly spaced numeric array whose elements increment by 1 starting from zero and having the same length and data type as a provided input array.,azeroToLike,Function,false,false,false,array/empty-like;array/full-like;array/nans-like;array/one-to-like;array/ones-like;array/zero-to;array/zeros-like
array/zero-to,Generate a linearly spaced numeric array whose elements increment by 1 starting from zero.,azeroTo,Function,false,false,false,array/empty;array/full;array/one-to;array/zero-to-like;array/zeros
array/zeros-like,Create a zero-filled array having the same length and data type as a provided array.,azerosLike,Function,false,false,false,array/empty-like;array/full-like;array/nans-like;array/ones-like;array/zeros;ndarray/zeros-like
array/zeros,Create a zero-filled array having a specified length.,azeros,Function,false,false,false,array/empty;array/full;array/nans;array/ones;array/zeros-like;ndarray/zeros
assert/contains,Test if an array-like value contains a search value.,contains,Function,false,false,false,
assert/deep-equal,Test for deep equality between two values.,deepEqual,Function,false,false,false,assert/is-strict-equal;assert/is-same-value
assert/deep-has-own-property,Test whether an object contains a nested key path.,deepHasOwnProp,Function,false,false,false,assert/deep-has-property;assert/has-own-property;object/deep-get;utils/deep-pluck;object/deep-set
assert/deep-has-property,"Test whether an object contains a nested key path, either own or inherited.",deepHasProp,Function,false,false,false,assert/deep-has-own-property;assert/has-own-property;object/deep-get;utils/deep-pluck;object/deep-set
assert/has-arraybuffer-support,Detect native ArrayBuffer support.,hasArrayBufferSupport,Function,true,false,false,assert/has-float32array-support;assert/has-float64array-support;assert/has-int16array-support;assert/has-int32array-support;assert/has-int8array-support;assert/has-node-buffer-support;assert/has-sharedarraybuffer-support;assert/has-uint16array-support;assert/has-uint32array-support;assert/has-uint8array-support;assert/has-uint8clampedarray-support
assert/has-arrow-function-support,Detect native arrow function support.,hasArrowFunctionSupport,Function,true,false,false,
assert/has-async-await-support,Detect native async/await support.,hasAsyncAwaitSupport,Function,true,false,false,
assert/has-async-iterator-symbol-support,Detect native Symbol.asyncIterator support.,hasAsyncIteratorSymbolSupport,Function,true,false,false,assert/has-iterator-symbol-support;assert/has-symbol-support
assert/has-atob-support,Detect native atob support.,hasAtobSupport,Function,true,false,false,assert/has-btoa-support
assert/has-bigint-support,Detect native BigInt support.,hasBigIntSupport,Function,true,false,false,
assert/has-bigint64array-support,Detect native BigInt64Array support.,hasBigInt64ArraySupport,Function,true,false,false,assert/has-bigint-support;assert/has-biguint64array-support
assert/has-biguint64array-support,Detect native BigUint64Array support.,hasBigUint64ArraySupport,Function,true,false,false,assert/has-bigint-support;assert/has-bigint64array-support
assert/has-btoa-support,Detect native btoa support.,hasBtoaSupport,Function,true,false,false,assert/has-atob-support
assert/has-class-support,Detect native class support.,hasClassSupport,Function,true,false,false,
assert/has-dataview-support,Detect native DataView support.,hasDataViewSupport,Function,true,false,false,assert/has-arraybuffer-support
assert/has-define-properties-support,Detect `Object.defineProperties` support.,hasDefinePropertiesSupport,Function,true,false,false,assert/has-define-property-support
assert/has-define-property-support,Detect `Object.defineProperty` support.,hasDefinePropertySupport,Function,true,false,false,assert/has-define-properties-support
assert/has-float16array-support,Detect native Float16Array support.,,,true,false,false,
assert/has-float32array-support,Detect native Float32Array support.,hasFloat32ArraySupport,Function,true,false,false,
assert/has-float64array-support,Detect native Float64Array support.,hasFloat64ArraySupport,Function,true,false,false,
assert/has-function-name-support,Detect native function name support.,hasFunctionNameSupport,Function,true,false,false,
assert/has-generator-support,Detect native generator function support.,hasGeneratorSupport,Function,true,false,false,
assert/has-globalthis-support,Detect globalThis support.,hasGlobalThisSupport,Function,true,false,false,utils/global
assert/has-has-instance-symbol-support,Detect native Symbol.hasInstance support.,,,true,false,false,
assert/has-int16array-support,Detect native Int16Array support.,hasInt16ArraySupport,Function,true,false,false,
assert/has-int32array-support,Detect native Int32Array support.,hasInt32ArraySupport,Function,true,false,false,
assert/has-int8array-support,Detect native Int8Array support.,hasInt8ArraySupport,Function,true,false,false,
assert/has-is-concat-spreadable-symbol-support,Detect native Symbol.isConcatSpreadable support.,,,true,false,false,
assert/has-iterator-symbol-support,Detect native Symbol.iterator support.,hasIteratorSymbolSupport,Function,true,false,false,assert/has-async-iterator-symbol-support;assert/has-symbol-support
assert/has-map-support,Detect native Map support.,hasMapSupport,Function,true,false,false,
assert/has-match-symbol-support,Detect native Symbol.match support.,,,true,false,false,
assert/has-node-buffer-support,Detect native Buffer support.,hasNodeBufferSupport,Function,true,false,false,
assert/has-own-property,Test if an object has a specified property.,hasOwnProp,Function,false,false,false,assert/has-property
assert/has-property,"Test if an object has a specified property, either own or inherited.",hasProp,Function,false,false,false,assert/has-own-property
assert/has-proxy-support,Detect native Proxy function support.,hasProxySupport,Function,true,false,false,
assert/has-replace-symbol-support,Detect native Symbol.replace support.,,,true,false,false,
assert/has-search-symbol-support,Detect native Symbol.search support.,,,true,false,false,
assert/has-set-support,Detect native Set support.,hasSetSupport,Function,true,false,false,
assert/has-sharedarraybuffer-support,Detect native SharedArrayBuffer support.,hasSharedArrayBufferSupport,Function,true,false,false,assert/has-arraybuffer-support;assert/has-float32array-support;assert/has-float64array-support;assert/has-int16array-support;assert/has-int32array-support;assert/has-int8array-support;assert/has-node-buffer-support;assert/has-uint16array-support;assert/has-uint32array-support;assert/has-uint8array-support;assert/has-uint8clampedarray-support
assert/has-split-symbol-support,Detect native Symbol.split support.,,,true,false,false,
assert/has-symbol-support,Detect native Symbol support.,hasSymbolSupport,Function,true,false,false,assert/has-iterator-symbol-support
assert/has-to-primitive-symbol-support,Detect native Symbol.toPrimitive support.,,,true,false,false,
assert/has-tostringtag-support,Detect native Symbol.toStringTag support.,hasToStringTagSupport,Function,true,false,false,
assert/has-uint16array-support,Detect native Uint16Array support.,hasUint16ArraySupport,Function,true,false,false,
assert/has-uint32array-support,Detect native Uint32Array support.,hasUint32ArraySupport,Function,true,false,false,
assert/has-uint8array-support,Detect native Uint8Array support.,hasUint8ArraySupport,Function,true,false,false,
assert/has-uint8clampedarray-support,Detect native Uint8ClampedArray support.,hasUint8ClampedArraySupport,Function,true,false,false,
assert/has-utf16-surrogate-pair-at,Test if a position in a string marks the start of a UTF-16 surrogate pair.,hasUTF16SurrogatePairAt,Function,true,false,false,
assert/has-wasm-support,Detect native WebAssembly support.,hasWebAssemblySupport,Function,true,false,false,
assert/has-weakmap-support,Detect native WeakMap support.,hasWeakMapSupport,Function,true,false,false,
assert/has-weakset-support,Detect native WeakSet support.,hasWeakSetSupport,Function,true,false,false,
assert/instance-of,Test whether a value has in its prototype chain a specified constructor as a prototype property.,instanceOf,Function,false,false,false,assert/is-prototype-of;utils/constructor-name;utils/inherit;utils/type-of
assert/is-absolute-http-uri,Test whether a value is an absolute HTTP(S) URI.,isAbsoluteHttpURI,Function,true,false,false,assert/is-absolute-uri
assert/is-absolute-path,Test if a value is an absolute path.,isAbsolutePath,Function,true,false,false,assert/is-relative-path
assert/is-absolute-uri,Test whether a value is an absolute URI.,isAbsoluteURI,Function,true,false,false,assert/is-relative-uri
assert/is-accessor-array,Test if a value is an array-like object supporting the accessor (get/set) protocol.,isAccessorArray,Function,false,false,false,assert/is-array-like;assert/is-array-like-object;assert/is-collection
assert/is-accessor-property-in,Test if an object's own or inherited property has an accessor descriptor.,isAccessorPropertyIn,Function,false,false,false,assert/has-property;assert/is-accessor-property;assert/is-data-property-in
assert/is-accessor-property,Test if an object's own property has an accessor descriptor.,isAccessorProperty,Function,false,false,false,assert/has-own-property;assert/is-accessor-property-in;assert/is-data-property
assert/is-almost-equal-array,Test if two arguments are both generic arrays and contain respective elements which are approximately equal within a specified number of ULPs (units in the last place).,,,false,false,false,
assert/is-almost-equal-complex128array,Test if two arguments are both Complex128Arrays and contain respective elements which are approximately equal within a specified number of ULPs (units in the last place).,,,false,false,false,
assert/is-almost-equal-complex64array,Test if two arguments are both Complex64Arrays and contain respective elements which are approximately equal within a specified number of ULPs (units in the last place).,,,false,false,false,
assert/is-almost-equal-float32array,Test if two arguments are both Float32Arrays and contain respective elements which are approximately equal within a specified number of ULPs (units in the last place).,,,false,false,false,
assert/is-almost-equal-float64array,Test if two arguments are both Float64Arrays and contain respective elements which are approximately equal within a specified number of ULPs (units in the last place).,,,false,false,false,
assert/is-almost-equal,Test if two arguments are approximately equal within a specified number of ULPs (units in the last place).,,,false,false,false,
assert/is-almost-same-value-array,Test if two arguments are both generic arrays and contain respective elements which are approximately the same value within a specified number of ULPs (units in the last place).,,,false,false,false,
assert/is-almost-same-value-complex128array,Test if two arguments are both Complex128Arrays and contain respective elements which are approximately the same value within a specified number of ULPs (units in the last place).,,,false,false,false,
assert/is-almost-same-value-complex64array,Test if two arguments are both Complex64Arrays and contain respective elements which are approximately the same value within a specified number of ULPs (units in the last place).,,,false,false,false,
assert/is-almost-same-value-float32array,Test if two arguments are both Float32Arrays and contain respective elements which are approximately the same value within a specified number of ULPs (units in the last place).,,,false,false,false,
assert/is-almost-same-value-float64array,Test if two arguments are both Float64Arrays and contain respective elements which are approximately the same value within a specified number of ULPs (units in the last place).,,,false,false,false,
assert/is-almost-same-value,Test if two arguments are approximately the same value within a specified number of ULPs (units in the last place).,,,false,false,false,
assert/is-alphagram,Test if a value is an alphagram.,isAlphagram,Function,true,false,false,assert/is-anagram
assert/is-alphanumeric,Test whether a string contains only alphanumeric characters.,isAlphaNumeric,Function,true,false,false,assert/is-digit-string
assert/is-anagram,Test if a value is an anagram.,isAnagram,Function,true,false,false,assert/is-alphagram
assert/is-arguments,Test if a value is an arguments object.,isArguments,Function,false,false,false,
assert/is-array-array,Test if a value is an array of arrays.,isArrayArray,Function,false,false,false,
assert/is-array-length,Test if a value is a valid array length.,isArrayLength,Function,false,false,false,assert/is-array
assert/is-array-like-object,Test if a value is an array-like object.,isArrayLikeObject,Function,false,false,false,assert/is-array;assert/is-array-like;assert/is-collection
assert/is-array-like,Test if a value is array-like.,isArrayLike,Function,false,false,false,assert/is-array;assert/is-array-like-object;assert/is-collection
assert/is-array,Test if a value is an array.,isArray,Function,false,false,false,assert/is-array-like
assert/is-arraybuffer-view,Test if a value is an `ArrayBuffer` view.,isArrayBufferView,Function,false,false,false,assert/is-dataview;assert/is-typed-array
assert/is-arraybuffer,Test if a value is an ArrayBuffer.,isArrayBuffer,Function,false,false,false,assert/is-sharedarraybuffer;assert/is-typed-array
assert/is-arrow-function,Test if a value is an arrow function.,isArrowFunction,Function,false,false,false,
assert/is-ascii,Test whether a character belongs to the ASCII character set and whether this is true for all characters in a provided string.,isASCII,Function,true,false,false,assert/is-string
assert/is-between-array,Test if a value is an array-like object where every element is between two values.,isBetweenArray,Function,false,false,false,assert/is-between
assert/is-between,Test if a value is between two values.,isBetween,Function,false,false,false,assert/is-between-array
assert/is-big-endian,Check if an environment is big endian.,IS_BIG_ENDIAN,boolean,true,false,false,assert/is-little-endian
assert/is-bigint,Test if a value is a BigInt.,isBigInt,Function,false,false,false,
assert/is-bigint64array,Test if a value is a BigInt64Array.,isBigInt64Array,Function,false,false,false,assert/is-biguint64array
assert/is-biguint64array,Test if a value is a BigUint64Array.,isBigUint64Array,Function,false,false,false,assert/is-bigint64array
assert/is-binary-string,Test if a value is a binary string.,isBinaryString,Function,true,false,false,assert/is-string
assert/is-blank-string,Test if a value is a blank string.,isBlankString,Function,true,false,false,assert/is-string;assert/is-empty-string
assert/is-boolean-array,Test if a value is an array-like object of booleans.,isBooleanArray,Function,false,false,false,
assert/is-boolean,Test if a value is a boolean.,isBoolean,Function,false,false,false,
assert/is-booleanarray,Test if a value is a BooleanArray.,,,false,false,false,
assert/is-boxed-primitive,Test if a value is a JavaScript boxed primitive.,isBoxedPrimitive,Function,false,false,false,assert/is-primitive
assert/is-browser,Check if the runtime is a web browser.,IS_BROWSER,boolean,false,false,false,
assert/is-buffer,Test if a value is a Buffer object.,isBuffer,Function,false,false,false,
assert/is-camelcase,Test if a value is a camelcase string.,isCamelcase,Function,true,false,false,assert/is-string;assert/is-constantcase
assert/is-capitalized,Test if a value is a string having an uppercase first character.,isCapitalized,Function,true,false,false,assert/is-string
assert/is-centrosymmetric-matrix,Test if a value is a centrosymmetric matrix.,isCentrosymmetricMatrix,Function,false,false,false,assert/is-matrix-like;assert/is-square-matrix;assert/is-symmetric-matrix
assert/is-circular-array,Test if a value is an array containing a circular reference.,isCircularArray,Function,false,false,false,assert/is-circular;assert/is-circular-plain-object
assert/is-circular-plain-object,Test if a value is a plain object containing a circular reference.,isCircularPlainObject,Function,false,false,false,assert/is-circular;assert/is-circular-array
assert/is-circular,Test if an object-like value contains a circular reference.,isCircular,Function,false,false,false,assert/is-circular-array;assert/is-circular-plain-object
assert/is-class,Test if a value is a class.,isClass,Function,false,false,false,
assert/is-collection,Test if a value is a collection.,isCollection,Function,false,false,false,assert/is-array-like;assert/is-array-like-object
assert/is-complex-like,Test if a value is a complex number-like object.,isComplexLike,Function,false,false,false,assert/is-complex;assert/is-complex64;assert/is-complex128
assert/is-complex-typed-array-like,Test if a value is complex-typed-array-like.,isComplexTypedArrayLike,Function,false,false,false,assert/is-complex-like;assert/is-complex-typed-array;assert/is-complex64array;assert/is-complex128array
assert/is-complex-typed-array,Test if a value is a complex typed array.,isComplexTypedArray,Function,false,false,false,assert/is-complex;assert/is-complex64array;assert/is-complex128array
assert/is-complex,Test if a value is a 64-bit or 128-bit complex number.,isComplex,Function,false,false,false,assert/is-complex64;assert/is-complex128
assert/is-complex128,Test if a value is a 128-bit complex number.,isComplex128,Function,false,false,false,assert/is-complex;assert/is-complex64
assert/is-complex128array,Test if a value is a Complex128Array.,isComplex128Array,Function,false,false,false,assert/is-complex;assert/is-complex128;assert/is-complex64array;assert/is-complex-typed-array
assert/is-complex128matrix-like,Test if a value is a 2-dimensional ndarray-like object containing double-precision complex floating-point numbers.,isComplex128MatrixLike,Function,false,false,false,assert/is-complex64matrix-like;assert/is-ndarray-like;assert/is-matrix-like
assert/is-complex128ndarray-like,Test if a value is an ndarray-like object containing double-precision complex floating-point numbers.,isComplex128ndarrayLike,Function,false,false,false,assert/is-complex64ndarray-like;assert/is-ndarray-like
assert/is-complex128vector-like,Test if a value is a 1-dimensional ndarray-like object containing double-precision complex floating-point numbers.,isComplex128VectorLike,Function,false,false,false,assert/is-complex64vector-like;assert/is-ndarray-like;assert/is-vector-like
assert/is-complex64,Test if a value is a 64-bit complex number.,isComplex64,Function,false,false,false,assert/is-complex;assert/is-complex128
assert/is-complex64array,Test if a value is a Complex64Array.,isComplex64Array,Function,false,false,false,assert/is-complex;assert/is-complex64;assert/is-complex128array;assert/is-complex-typed-array
assert/is-complex64matrix-like,Test if a value is a 2-dimensional ndarray-like object containing single-precision complex floating-point numbers.,isComplex64MatrixLike,Function,false,false,false,assert/is-complex128matrix-like;assert/is-ndarray-like;assert/is-matrix-like
assert/is-complex64ndarray-like,Test if a value is an ndarray-like object containing single-precision complex floating-point numbers.,isComplex64ndarrayLike,Function,false,false,false,assert/is-complex128ndarray-like;assert/is-ndarray-like
assert/is-complex64vector-like,Test if a value is a 1-dimensional ndarray-like object containing single-precision complex floating-point numbers.,isComplex64VectorLike,Function,false,false,false,assert/is-complex128vector-like;assert/is-ndarray-like;assert/is-vector-like
assert/is-composite,Test if a value is a composite number.,isComposite,Function,false,false,false,assert/is-integer;assert/is-number;assert/is-prime
assert/is-configurable-property-in,Test if an object's own or inherited property is configurable.,isConfigurablePropertyIn,Function,false,false,false,assert/is-configurable-property;assert/is-enumerable-property-in;assert/is-readable-property-in;assert/is-writable-property-in
assert/is-configurable-property,Test if an object's own property is configurable.,isConfigurableProperty,Function,false,false,false,assert/is-configurable-property-in;assert/is-enumerable-property;assert/is-readable-property;assert/is-writable-property
assert/is-constantcase,Test if a value is a constant-case string.,isConstantcase,Function,true,false,false,assert/is-string;assert/is-camelcase
assert/is-cube-number,Test if a value is a cube number.,isCubeNumber,Function,false,false,false,assert/is-integer;assert/is-number;assert/is-square-number
assert/is-current-year,Test if a value is the current year.,isCurrentYear,Function,true,false,false,
assert/is-darwin,Boolean indicating if the current process is running on Darwin.,IS_DARWIN,boolean,false,false,false,
assert/is-data-property-in,Test if an object's own or inherited property has a data descriptor.,isDataPropertyIn,Function,false,false,false,assert/has-property;assert/is-accessor-property-in;assert/is-data-property
assert/is-data-property,Test if an object's own property has a data descriptor.,isDataProperty,Function,false,false,false,assert/has-own-property;assert/is-accessor-property;assert/is-data-property-in
assert/is-dataview,Test if a value is a DataView.,isDataView,Function,false,false,false,assert/is-arraybuffer;assert/is-typed-array
assert/is-date-object-array,Test if a value is an array-like object containing only Date objects.,isDateObjectArray,Function,false,false,false,assert/is-date-object
assert/is-date-object,Test if a value is a Date object.,isDateObject,Function,false,false,false,
assert/is-digit-string,Test whether a string contains only numeric digits.,isDigitString,Function,true,false,false,assert/is-hex-string;assert/is-string
assert/is-docker,Check if the process is running in a Docker container.,IS_DOCKER,boolean,false,false,false,
assert/is-domain-name,Test if a value is a domain name.,isDomainName,Function,true,false,false,
assert/is-duration-string,Test if a value is a duration string.,isDurationString,Function,true,false,false,
assert/is-electron-main,Check if the runtime is the main Electron process.,IS_ELECTRON_MAIN,boolean,false,false,false,assert/is-electron;assert/is-electron-renderer
assert/is-electron-renderer,Check if the runtime is the Electron renderer process.,IS_ELECTRON_RENDERER,boolean,false,false,false,assert/is-electron;assert/is-electron-main
assert/is-electron,Check if the runtime is Electron.,IS_ELECTRON,boolean,false,false,false,assert/is-electron-main;assert/is-electron-renderer
assert/is-email-address,Test if a value is an email address.,isEmailAddress,Function,true,false,false,
assert/is-empty-array-like-object,Test if a value is an empty array-like object.,isEmptyArrayLikeObject,Function,false,false,false,assert/is-array-like-object;assert/is-empty-array;assert/is-empty-collection
assert/is-empty-array,Test if a value is an empty array.,isEmptyArray,Function,false,false,false,assert/is-array;assert/is-empty-array-like-object;assert/is-empty-collection
assert/is-empty-collection,Test if a value is an empty collection.,isEmptyCollection,Function,false,false,false,assert/is-collection;assert/is-empty-array;assert/is-empty-array-like-object
assert/is-empty-object,Test if a value is an empty object.,isEmptyObject,Function,false,false,false,assert/is-object;assert/is-plain-object
assert/is-empty-string,Test if a value is an empty string.,isEmptyString,Function,false,false,false,assert/is-string
assert/is-enumerable-property-in,Test if an object's own or inherited property is enumerable.,isEnumerablePropertyIn,Function,false,false,false,assert/is-configurable-property-in;assert/is-enumerable-property;assert/is-nonenumerable-property-in;assert/is-readable-property-in;assert/is-writable-property-in
assert/is-enumerable-property,Test if an object's own property is enumerable.,isEnumerableProperty,Function,false,false,false,assert/is-configurable-property;assert/is-enumerable-property-in;assert/is-nonenumerable-property;assert/is-readable-property;assert/is-writable-property
assert/is-equal-array,Test if two arguments are both generic arrays and have equal values.,isEqualArray,Function,false,false,false,assert/is-array;assert/is-same-array
assert/is-equal-booleanarray,Test if two arguments are both BooleanArrays and have equal values.,,,false,false,false,
assert/is-equal-date-object,Test if two values are both Date objects corresponding to the same date and time.,isEqualDateObject,Function,false,false,false,assert/is-date-object;assert/is-same-value
assert/is-equal-int16array,Test if two arguments are both Int16Arrays and have equal values.,,,false,false,false,
assert/is-equal-int32array,Test if two arguments are both Int32Arrays and have equal values.,,,false,false,false,
assert/is-equal-int8array,Test if two arguments are both Int8Arrays and have equal values.,,,false,false,false,
assert/is-equal-uint16array,Test if two arguments are both Uint16Arrays and have equal values.,,,false,false,false,
assert/is-equal-uint32array,Test if two arguments are both Uint32Arrays and have equal values.,,,false,false,false,
assert/is-equal-uint8array,Test if two arguments are both Uint8Arrays and have equal values.,,,false,false,false,
assert/is-equal-uint8clampedarray,Test if two arguments are both Uint8ClampedArrays and have equal values.,,,false,false,false,
assert/is-error,Test if a value is an Error object.,isError,Function,false,false,false,
assert/is-eval-error,Test if a value is an EvalError object.,isEvalError,Function,false,false,false,assert/is-error
assert/is-even,Test if a value is an even number.,isEven,Function,false,false,false,assert/is-odd
assert/is-falsy-array,Test if a value is an array-like object containing only falsy values.,isFalsyArray,Function,false,false,false,assert/is-falsy;assert/is-truthy-array
assert/is-falsy,Test if a value is falsy.,isFalsy,Function,false,false,false,assert/is-falsy-array;assert/is-truthy
assert/is-finite-array,Test if a value is an array-like object containing only finite numbers.,isFiniteArray,Function,false,false,false,assert/is-finite;assert/is-infinite
assert/is-finite,Test if a value is a finite number.,isFinite,Function,false,false,false,assert/is-finite-array;assert/is-infinite
assert/is-float16array,Test if a value is a Float16Array.,,,false,false,false,
assert/is-float32array,Test if a value is a Float32Array.,isFloat32Array,Function,false,false,false,assert/is-float64array
assert/is-float32matrix-like,Test if a value is a 2-dimensional ndarray-like object containing single-precision floating-point numbers.,isFloat32MatrixLike,Function,false,false,false,assert/is-float64matrix-like;assert/is-ndarray-like;assert/is-matrix-like
assert/is-float32ndarray-like,Test if a value is an ndarray-like object containing single-precision floating-point numbers.,isFloat32ndarrayLike,Function,false,false,false,assert/is-float64ndarray-like;assert/is-ndarray-like
assert/is-float32vector-like,Test if a value is a 1-dimensional ndarray-like object containing single-precision floating-point numbers.,isFloat32VectorLike,Function,false,false,false,assert/is-float64vector-like;assert/is-ndarray-like;assert/is-vector-like
assert/is-float64array,Test if a value is a Float64Array.,isFloat64Array,Function,false,false,false,assert/is-float32array
assert/is-float64matrix-like,Test if a value is a 2-dimensional ndarray-like object containing double-precision floating-point numbers.,isFloat64MatrixLike,Function,false,false,false,assert/is-float32matrix-like;assert/is-ndarray-like;assert/is-matrix-like
assert/is-float64ndarray-like,Test if a value is an ndarray-like object containing double-precision floating-point numbers.,isFloat64ndarrayLike,Function,false,false,false,assert/is-float32ndarray-like;assert/is-ndarray-like
assert/is-float64vector-like,Test if a value is a 1-dimensional ndarray-like object containing double-precision floating-point numbers.,isFloat64VectorLike,Function,false,false,false,assert/is-float32vector-like;assert/is-ndarray-like;assert/is-vector-like
assert/is-function-array,Test if a value is an array-like object containing only functions.,isFunctionArray,Function,false,false,false,assert/is-array
assert/is-function,Test if a value is a function.,isFunction,Function,false,false,false,
assert/is-generator-object-like,Test if a value is generator object-like.,isGeneratorObjectLike,Function,false,false,false,assert/has-generator-support;assert/is-generator-object
assert/is-generator-object,Test if a value is a generator object.,isGeneratorObject,Function,false,false,false,assert/has-generator-support;assert/is-generator-object-like
assert/is-gzip-buffer,Test if a value is a gzip buffer.,isgzipBuffer,Function,false,false,false,assert/is-buffer;assert/is-uint8array
assert/is-hex-string,Test whether a string contains only hexadecimal digits.,isHexString,Function,true,false,false,assert/is-string
assert/is-infinite,Test if a value is an infinite number.,isInfinite,Function,false,false,false,assert/is-finite
assert/is-inherited-property,Test if an object has an inherited property.,isInheritedProperty,Function,false,false,false,assert/has-own-property;assert/has-property
assert/is-int16array,Test if a value is an Int16Array.,isInt16Array,Function,false,false,false,assert/is-int32array;assert/is-int8array
assert/is-int32array,Test if a value is an Int32Array.,isInt32Array,Function,false,false,false,assert/is-int16array;assert/is-int8array
assert/is-int8array,Test if a value is an Int8Array.,isInt8Array,Function,false,false,false,assert/is-int16array;assert/is-int32array
assert/is-integer-array,Test if a value is an array-like object containing only integers.,isIntegerArray,Function,false,false,false,assert/is-array
assert/is-integer,Test if a value is a number having an integer value.,isInteger,Function,false,false,false,assert/is-number
assert/is-iterable-like,Test if a value is iterable-like.,isIterableLike,Function,false,false,false,assert/is-iterator-like
assert/is-iterator-like,Test if a value is iterator-like.,isIteratorLike,Function,false,false,false,assert/is-iterable-like
assert/is-json,Test if a value is a parseable JSON string.,isJSON,Function,false,false,false,
assert/is-kebabcase,Test if a value is a string in kebab case.,isKebabcase,Function,true,false,false,assert/is-string
assert/is-leap-year,Test if a value corresponds to a leap year in the Gregorian calendar.,isLeapYear,Function,true,false,false,
assert/is-little-endian,Check if an environment is little endian.,IS_LITTLE_ENDIAN,boolean,true,false,false,assert/is-big-endian
assert/is-localhost,Test whether a value is a localhost hostname.,isLocalhost,Function,false,false,false,
assert/is-lowercase,Test if a value is a lowercase string.,isLowercase,Function,true,false,false,assert/is-string;assert/is-uppercase
assert/is-matrix-like,Test if a value is a 2-dimensional ndarray-like object.,isMatrixLike,Function,false,false,false,assert/is-array;assert/is-array-like;assert/is-ndarray-like;assert/is-typed-array-like;assert/is-vector-like
assert/is-method-in,"Test if an object has a specified method name, either own or inherited.",isMethodIn,Function,false,false,false,assert/has-property;assert/is-function;assert/is-method
assert/is-method,Test if an object has a specified method name.,isMethod,Function,false,false,false,assert/has-own-property;assert/is-function;assert/is-method-in
assert/is-mobile,Boolean indicating if the current environment is a mobile device.,IS_MOBILE,boolean,false,false,false,
assert/is-multi-slice,Test if a value is a MultiSlice object.,isMultiSlice,Function,false,false,false,assert/is-slice;slice/multi
assert/is-named-typed-tuple-like,Test if a value is named typed tuple-like.,isNamedTypedTupleLike,Function,false,false,false,dstructs/named-typed-tuple
assert/is-nan-array,Test if a value is an array-like object containing only NaN values.,isNaNArray,Function,false,false,false,assert/is-nan
assert/is-nan,Test if a value is NaN.,isnan,Function,false,false,false,assert/is-number
assert/is-native-function,Test if a value is a native function.,isNativeFunction,Function,false,false,false,assert/is-function
assert/is-ndarray-like-with-data-type,Test if a value is an ndarray-like object having a specified data type.,isndarrayLikeWithDataType,Function,false,false,false,assert/is-ndarray-like
assert/is-ndarray-like,Test if a value is ndarray-like.,isndarrayLike,Function,false,false,false,assert/is-array;assert/is-array-like;assert/is-matrix-like;assert/is-typed-array-like;assert/is-vector-like
assert/is-negative-finite,Test if a value is a number having a finite negative value.,isNegativeFinite,Function,false,false,false,assert/is-finite;assert/is-negative-number;assert/is-positive-finite
assert/is-negative-integer-array,Test if a value is an array-like object containing only negative integers.,isNegativeIntegerArray,Function,false,false,false,assert/is-array
assert/is-negative-integer,Test if a value is a number having a negative integer value.,isNegativeInteger,Function,false,false,false,assert/is-integer
assert/is-negative-number-array,Test if a value is an array-like object containing only negative numbers.,isNegativeNumberArray,Function,false,false,false,assert/is-array
assert/is-negative-number,Test if a value is a number having a negative value.,isNegativeNumber,Function,false,false,false,assert/is-number
assert/is-negative-zero,Test if a value is equal to negative zero.,isNegativeZero,Function,false,false,false,assert/is-number;assert/is-positive-zero
assert/is-node-builtin,Test whether a string matches a Node.js built-in module name.,isNodeBuiltin,Function,true,false,false,
assert/is-node-duplex-stream-like,Test if a value is Node duplex stream-like.,isNodeDuplexStreamLike,Function,false,false,false,assert/is-node-stream-like
assert/is-node-readable-stream-like,Test if a value is Node readable stream-like.,isNodeReadableStreamLike,Function,false,false,false,assert/is-node-stream-like
assert/is-node-repl,Check if running in a Node.js REPL environment.,isNodeREPL,Function,false,false,false,
assert/is-node-stream-like,Test if a value is Node stream-like.,isNodeStreamLike,Function,false,false,false,
assert/is-node-transform-stream-like,Test if a value is Node transform stream-like.,isNodeTransformStreamLike,Function,false,false,false,assert/is-node-stream-like
assert/is-node-writable-stream-like,Test if a value is Node writable stream-like.,isNodeWritableStreamLike,Function,false,false,false,assert/is-node-stream-like
assert/is-node,Check if the runtime is Node.js.,IS_NODE,boolean,false,false,false,
assert/is-nonconfigurable-property-in,Test if an object's own or inherited property is non-configurable.,isNonConfigurablePropertyIn,Function,false,false,false,assert/is-configurable-property-in;assert/is-enumerable-property-in;assert/is-nonconfigurable-property;assert/is-nonenumerable-property-in;assert/is-readable-property-in;assert/is-writable-property-in
assert/is-nonconfigurable-property,Test if an object's own property is non-configurable.,isNonConfigurableProperty,Function,false,false,false,assert/is-configurable-property;assert/is-enumerable-property;assert/is-nonconfigurable-property-in;assert/is-nonenumerable-property;assert/is-readable-property;assert/is-writable-property
assert/is-nonenumerable-property-in,Test if an object's own or inherited property is non-enumerable.,isNonEnumerablePropertyIn,Function,false,false,false,assert/is-configurable-property-in;assert/is-enumerable-property-in;assert/is-nonconfigurable-property-in;assert/is-nonenumerable-property;assert/is-readable-property-in;assert/is-writable-property-in
assert/is-nonenumerable-property,Test if an object's own property is non-enumerable.,isNonEnumerableProperty,Function,false,false,false,assert/is-configurable-property;assert/is-enumerable-property;assert/is-nonconfigurable-property;assert/is-nonenumerable-property-in;assert/is-readable-property;assert/is-writable-property
assert/is-nonnegative-finite,Test if a value is a number having a nonnegative finite value.,isNonNegativeFinite,Function,false,false,false,assert/is-finite;assert/is-nonnegative-number;assert/is-number
assert/is-nonnegative-integer-array,Test if a value is an array-like object containing only nonnegative integers.,isNonNegativeIntegerArray,Function,false,false,false,assert/is-array
assert/is-nonnegative-integer,Test if a value is a number having a nonnegative integer value.,isNonNegativeInteger,Function,false,false,false,assert/is-integer;assert/is-nonnegative-number;assert/is-number
assert/is-nonnegative-number-array,Test if a value is an array-like object containing only nonnegative numbers.,isNonNegativeNumberArray,Function,false,false,false,assert/is-array
assert/is-nonnegative-number,Test if a value is a number having a nonnegative value.,isNonNegativeNumber,Function,false,false,false,assert/is-nonnegative-finite;assert/is-nonnegative-integer;assert/is-number
assert/is-nonpositive-finite,Test if a value is a number having a nonpositive finite value.,isNonPositiveFinite,Function,false,false,false,assert/is-finite;assert/is-nonpositive-number
assert/is-nonpositive-integer-array,Test if a value is an array-like object containing only nonpositive integers.,isNonPositiveIntegerArray,Function,false,false,false,assert/is-array
assert/is-nonpositive-integer,Test if a value is a number having a nonpositive integer value.,isNonPositiveInteger,Function,false,false,false,assert/is-integer
assert/is-nonpositive-number-array,Test if a value is an array-like object containing only nonpositive numbers.,isNonPositiveNumberArray,Function,false,false,false,assert/is-array
assert/is-nonpositive-number,Test if a value is a number having a nonpositive value.,isNonPositiveNumber,Function,false,false,false,assert/is-number
assert/is-nonsymmetric-matrix,Test if a value is a non-symmetric matrix.,isNonSymmetricMatrix,Function,false,false,false,assert/is-matrix-like;assert/is-square-matrix;assert/is-symmetric-matrix
assert/is-null-array,Test if a value is an array-like object containing only null values.,isNullArray,Function,false,false,false,assert/is-array;assert/is-null
assert/is-null,Test if a value is null.,isNull,Function,false,false,false,assert/is-undefined;assert/is-undefined-or-null
assert/is-number-array,Test if a value is an array-like object of numbers.,isNumberArray,Function,false,false,false,assert/is-array;assert/is-number;assert/is-numeric-array
assert/is-number,Test if a value is a number.,isNumber,Function,false,false,false,
assert/is-numeric-array,Test if a value is a numeric array.,isNumericArray,Function,false,false,false,assert/is-array;assert/is-number-array;assert/is-typed-array
assert/is-object-array,Test if a value is an array-like object containing only objects.,isObjectArray,Function,false,false,false,assert/is-array;assert/is-object
assert/is-object-like,Test if a value is object-like.,isObjectLike,Function,false,false,false,assert/is-object;assert/is-plain-object
assert/is-object,Test if a value is an object.,isObject,Function,false,false,false,assert/is-object-like;assert/is-plain-object
assert/is-odd,Test if a value is an odd number.,isOdd,Function,false,false,false,assert/is-even
assert/is-pascalcase,Test if a value is a string in Pascal case.,isPascalcase,Function,true,false,false,assert/is-string
assert/is-persymmetric-matrix,Test if a value is a persymmetric matrix.,isPersymmetricMatrix,Function,false,false,false,assert/is-matrix-like;assert/is-square-matrix;assert/is-symmetric-matrix
assert/is-plain-object-array,Test if a value is an array-like object containing only plain objects.,isPlainObjectArray,Function,false,false,false,assert/is-array;assert/is-plain-object
assert/is-plain-object,Test if a value is a plain object.,isPlainObject,Function,false,false,false,assert/is-object
assert/is-positive-finite,Test if a value is a number having a finite positive value.,isPositiveFinite,Function,false,false,false,assert/is-finite;assert/is-positive-number
assert/is-positive-integer-array,Test if a value is an array-like object containing only positive integers.,isPositiveIntegerArray,Function,false,false,false,assert/is-array;assert/is-integer;assert/is-positive-integer
assert/is-positive-integer,Test if a value is a number having a positive integer value.,isPositiveInteger,Function,false,false,false,assert/is-integer
assert/is-positive-number-array,Test if a value is an array-like object containing only positive numbers.,isPositiveNumberArray,Function,false,false,false,assert/is-array;assert/is-number;assert/is-positive-number
assert/is-positive-number,Test if a value is a number having a positive value.,isPositiveNumber,Function,false,false,false,assert/is-number
assert/is-positive-zero,Test if a value is equal to positive zero.,isPositiveZero,Function,false,false,false,assert/is-number;assert/is-negative-zero
assert/is-prime,Test if a value is a prime number.,isPrime,Function,false,false,false,assert/is-composite;assert/is-integer;assert/is-number
assert/is-primitive-array,Test if a value is an array-like object containing only JavaScript primitives.,isPrimitiveArray,Function,false,false,false,assert/is-array;assert/is-primitive
assert/is-primitive,Test if a value is a JavaScript primitive.,isPrimitive,Function,false,false,false,assert/is-boxed-primitive
assert/is-prng-like,Test if a value is PRNG-like.,isPRNGLike,Function,false,false,false,
assert/is-probability-array,Test if a value is an array-like object containing only probabilities.,isProbabilityArray,Function,false,false,false,assert/is-array;assert/is-probability
assert/is-probability,Test if a value is a probability.,isProbability,Function,false,false,false,assert/is-number
assert/is-property-key,Test whether a value is a property key.,isPropertyKey,Function,false,false,false,assert/is-string;assert/is-symbol;assert/is-nonnegative-integer;assert/has-own-property;assert/has-property
assert/is-prototype-of,Test if an object's prototype chain contains a provided prototype.,isPrototypeOf,Function,false,false,false,utils/get-prototype-of
assert/is-ragged-nested-array,Test if a value is a ragged nested array.,isRaggedNestedArray,Function,false,false,false,
assert/is-range-error,Test if a value is a RangeError object.,isRangeError,Function,false,false,false,assert/is-error
assert/is-read-only-property-in,Test if an object's own or inherited property is read-only.,isReadOnlyPropertyIn,Function,false,false,false,assert/is-read-only-property;assert/is-read-write-property-in;assert/is-readable-property-in;assert/is-writable-property-in
assert/is-read-only-property,Test if an object's own property is read-only.,isReadOnlyProperty,Function,false,false,false,assert/is-read-only-property-in;assert/is-read-write-property;assert/is-readable-property;assert/is-writable-property
assert/is-read-write-property-in,Test if an object's own and inherited property is readable and writable.,isReadWritePropertyIn,Function,false,false,false,assert/is-read-only-property-in;assert/is-read-write-property;assert/is-readable-property-in;assert/is-writable-property-in
assert/is-read-write-property,Test if an object's own property is readable and writable.,isReadWriteProperty,Function,false,false,false,assert/is-read-only-property;assert/is-read-write-property-in;assert/is-readable-property;assert/is-writable-property
assert/is-readable-property-in,Test if an object's own or inherited property is readable.,isReadablePropertyIn,Function,false,false,false,assert/is-read-only-property-in;assert/is-read-write-property-in;assert/is-readable-property;assert/is-writable-property-in
assert/is-readable-property,Test if an object's own property is readable.,isReadableProperty,Function,false,false,false,assert/is-read-only-property;assert/is-read-write-property;assert/is-readable-property-in;assert/is-writable-property
assert/is-reference-error,Test if a value is a ReferenceError object.,isReferenceError,Function,false,false,false,assert/is-error
assert/is-regexp-string,Test if a value is a regular expression string.,isRegExpString,Function,true,false,false,assert/is-regexp
assert/is-regexp,Test if a value is a regular expression.,isRegExp,Function,false,false,false,
assert/is-relative-path,Test if a value is a relative path.,isRelativePath,Function,true,false,false,assert/is-absolute-path
assert/is-relative-uri,Test whether a value is a relative URI.,isRelativeURI,Function,true,false,false,assert/is-uri
assert/is-safe-integer-array,Test if a value is an array-like object containing only safe integers.,isSafeIntegerArray,Function,false,false,false,assert/is-array;assert/is-safe-integer
assert/is-safe-integer,Test if a value is a number having a safe integer value.,isSafeInteger,Function,false,false,false,assert/is-integer;assert/is-number
assert/is-same-accessor-array,Test if two arguments are both accessor arrays and have the same values.,,,false,false,false,
assert/is-same-array-like-object,Test if two arguments are both array-like objects and have the same values.,,,false,false,false,
assert/is-same-array-like,Test if two arguments are both array-like and have the same values.,isSameArrayLike,Function,false,false,false,assert/is-array-like;assert/is-same-array;assert/is-same-value
assert/is-same-array,Test if two arguments are both generic arrays and have the same values.,isSameArray,Function,false,false,false,assert/is-array;assert/is-equal-array;assert/is-same-array-like;assert/is-same-value
assert/is-same-complex128,Test if two arguments are both double-precision complex floating-point numbers and have the same value.,isSameComplex128,Function,false,false,false,assert/is-complex128;assert/is-same-complex64;assert/is-same-value
assert/is-same-complex128array,Test if two arguments are both Complex128Arrays and have the same values.,isSameComplex128Array,Function,false,false,false,assert/is-complex128array;assert/is-same-complex64array;assert/is-same-float64array;assert/is-same-value
assert/is-same-complex64,Test if two arguments are both single-precision complex floating-point numbers and have the same value.,isSameComplex64,Function,false,false,false,assert/is-complex64;assert/is-same-complex128;assert/is-same-value
assert/is-same-complex64array,Test if two arguments are both Complex64Arrays and have the same values.,isSameComplex64Array,Function,false,false,false,assert/is-complex64array;assert/is-same-complex128array;assert/is-same-float32array;assert/is-same-value
assert/is-same-float32array,Test if two arguments are both Float32Arrays and have the same values.,isSameFloat32Array,Function,false,false,false,assert/is-same-float64array;assert/is-same-value
assert/is-same-float64array,Test if two arguments are both Float64Arrays and have the same values.,isSameFloat64Array,Function,false,false,false,assert/is-same-float32array;assert/is-same-value
assert/is-same-native-class,Test if two arguments have the same native class.,isSameNativeClass,Function,false,false,false,assert/is-same-type;assert/is-same-value;assert/is-strict-equal
assert/is-same-type,Test if two arguments have the same type.,isSameType,Function,false,false,false,assert/is-same-native-class;assert/is-same-value;assert/is-strict-equal
assert/is-same-typed-array-like,Test if two arguments are both typed-array-like object and have the same values.,,,false,false,false,
assert/is-same-value-zero,Test if two arguments are the same value.,isSameValueZero,Function,false,false,false,assert/is-same-value;assert/is-strict-equal
assert/is-same-value,Test if two arguments are the same value.,isSameValue,Function,false,false,false,assert/is-same-value-zero;assert/is-strict-equal
assert/is-semver,Test if a value is a semantic version string.,isSemVer,Function,true,false,false,
assert/is-sharedarraybuffer,Test if a value is a SharedArrayBuffer.,isSharedArrayBuffer,Function,false,false,false,assert/is-arraybuffer;assert/is-typed-array
assert/is-skew-centrosymmetric-matrix,Test if a value is a skew-centrosymmetric matrix.,isSkewCentrosymmetricMatrix,Function,false,false,false,assert/is-centrosymmetric-matrix;assert/is-matrix-like;assert/is-skew-symmetric-matrix
assert/is-skew-persymmetric-matrix,Test if a value is a skew-persymmetric matrix.,isSkewPersymmetricMatrix,Function,false,false,false,assert/is-matrix-like;assert/is-persymmetric-matrix;assert/is-skew-symmetric-matrix
assert/is-skew-symmetric-matrix,Test if a value is a skew-symmetric matrix.,isSkewSymmetricMatrix,Function,false,false,false,assert/is-matrix-like;assert/is-square-matrix
assert/is-slice,Test if a value is a Slice object.,isSlice,Function,false,false,false,assert/is-multi-slice;slice/ctor
assert/is-snakecase,Test if a value is a string in snake case.,isSnakecase,Function,true,false,false,assert/is-string
assert/is-square-matrix,Test if a value is a 2-dimensional ndarray-like object having equal dimensions.,isSquareMatrix,Function,false,false,false,assert/is-matrix-like;assert/is-symmetric-matrix
assert/is-square-number,Test if a value is a square number.,isSquareNumber,Function,false,false,false,assert/is-cube-number;assert/is-integer;assert/is-number;assert/is-triangular-number
assert/is-square-triangular-number,Test if a value is a square triangular number.,isSquareTriangularNumber,Function,false,false,false,assert/is-integer;assert/is-number;assert/is-square-number;assert/is-triangular-number
assert/is-startcase,Test if a value is a startcase string.,isStartcase,Function,true,false,false,assert/is-string
assert/is-strict-equal,Test if two arguments are strictly equal.,isStrictEqual,Function,false,false,false,assert/is-same-value
assert/is-string-array,Test if a value is an array of strings.,isStringArray,Function,false,false,false,assert/is-array;assert/is-string
assert/is-string,Test if a value is a string.,isString,Function,false,false,false,
assert/is-struct-constructor-like,Test if a value is struct constructor-like.,isStructConstructorLike,Function,false,false,false,assert/is-struct;dstructs/struct
assert/is-struct,Test if a value is a `struct` instance.,isStruct,Function,false,false,false,assert/is-struct-constructor-like;dstructs/struct
assert/is-symbol-array,Test if a value is an array-like object containing only symbols.,isSymbolArray,Function,false,false,false,assert/is-array;assert/is-symbol
assert/is-symbol,Test if a value is a symbol.,isSymbol,Function,false,false,false,
assert/is-symmetric-matrix,Test if a value is a symmetric matrix.,isSymmetricMatrix,Function,false,false,false,assert/is-matrix-like;assert/is-nonsymmetric-matrix;assert/is-square-matrix
assert/is-syntax-error,Test if a value is a SyntaxError object.,isSyntaxError,Function,false,false,false,assert/is-error
assert/is-touch-device,Boolean indicating if the current environment is a touch device.,IS_TOUCH_DEVICE,boolean,false,false,false,
assert/is-triangular-number,Test if a value is a triangular number.,isTriangularNumber,Function,false,false,false,assert/is-integer;assert/is-number;assert/is-square-number;assert/is-square-triangular-number
assert/is-truthy-array,Test if a value is an array-like object containing only truthy values.,isTruthyArray,Function,false,false,false,assert/is-falsy-array;assert/is-truthy
assert/is-truthy,Test if a value is truthy.,isTruthy,Function,false,false,false,assert/is-falsy
assert/is-type-error,Test if a value is a TypeError object.,isTypeError,Function,false,false,false,assert/is-error
assert/is-typed-array-length,Test if a value is a valid typed array length.,isTypedArrayLength,Function,false,false,false,assert/is-array-length;assert/is-typed-array
assert/is-typed-array-like,Test if a value is typed-array-like.,isTypedArrayLike,Function,false,false,false,assert/is-typed-array
assert/is-typed-array,Test if a value is a typed array.,isTypedArray,Function,false,false,false,assert/is-array;assert/is-typed-array-like
assert/is-uint16array,Test if a value is a Uint16Array.,isUint16Array,Function,false,false,false,assert/is-typed-array;assert/is-uint32array;assert/is-uint8array
assert/is-uint32array,Test if a value is a Uint32Array.,isUint32Array,Function,false,false,false,assert/is-typed-array;assert/is-uint16array;assert/is-uint8array
assert/is-uint8array,Test if a value is a Uint8Array.,isUint8Array,Function,false,false,false,assert/is-typed-array;assert/is-uint16array;assert/is-uint32array
assert/is-uint8clampedarray,Test if a value is a Uint8ClampedArray.,isUint8ClampedArray,Function,false,false,false,assert/is-typed-array;assert/is-uint8array
assert/is-unc-path,Test if a value is a UNC path.,isUNCPath,Function,true,false,false,
assert/is-undefined-or-null,Test if a value is undefined or null.,isUndefinedOrNull,Function,false,false,false,assert/is-null;assert/is-undefined
assert/is-undefined,Test if a value is undefined.,isUndefined,Function,false,false,false,assert/is-null;assert/is-undefined-or-null
assert/is-unity-probability-array,Test if a value is an array of probabilities that sum to one.,isUnityProbabilityArray,Function,false,false,false,assert/is-probability;assert/is-probability-array
assert/is-uppercase,Test if a value is an uppercase string.,isUppercase,Function,true,false,false,assert/is-lowercase;assert/is-string
assert/is-uri-error,Test if a value is a URIError object.,isURIError,Function,false,false,false,assert/is-error
assert/is-uri,Test if a value is a URI.,isURI,Function,true,false,false,
assert/is-vector-like,Test if a value is a 1-dimensional ndarray-like object.,isVectorLike,Function,false,false,false,assert/is-array;assert/is-array-like;assert/is-matrix-like;assert/is-ndarray-like;assert/is-typed-array-like
assert/is-wasm-memory,Test if a value is a WebAssembly memory instance.,isWebAssemblyMemory,Function,false,false,false,assert/has-wasm-support
assert/is-web-worker,Check if the runtime is a web worker.,IS_WEB_WORKER,boolean,false,false,false,
assert/is-well-formed-string,Test if a string is a well-formed string.,isWellFormedString,Function,false,false,false,
assert/is-whitespace,Test whether a string contains only white space characters.,isWhitespace,Function,true,false,false,regexp/whitespace
assert/is-windows,Boolean indicating if the current process is running on Windows.,IS_WINDOWS,boolean,false,false,false,
assert/is-writable-property-in,Test if an object's own or inherited property is writable.,isWritablePropertyIn,Function,false,false,false,assert/is-readable-property-in;assert/is-read-write-property-in;assert/is-writable-property;assert/is-write-only-property-in
assert/is-writable-property,Test if an object's own property is writable.,isWritableProperty,Function,false,false,false,assert/is-readable-property;assert/is-read-write-property;assert/is-writable-property-in;assert/is-write-only-property
assert/is-write-only-property-in,Test if an object's own or inherited property is write-only.,isWriteOnlyPropertyIn,Function,false,false,false,assert/is-read-only-property-in;assert/is-read-write-property-in;assert/is-writable-property-in;assert/is-write-only-property
assert/is-write-only-property,Test if an object's own property is write-only.,isWriteOnlyProperty,Function,false,false,false,assert/is-read-only-property;assert/is-read-write-property;assert/is-writable-property;assert/is-write-only-property-in
assert/napi/equal-typedarray-types,Assert that two Node-API typed array data types are equal.,,,false,true,false,
assert/napi/equal-types,Assert that two Node-API data types are equal.,,,false,true,false,
assert/napi/has-property,Assert that a Node-API value has a specified property.,,,false,true,false,
assert/napi/is-dataview,Assert that a Node-API value is a Node-API DataView.,,,false,true,false,
assert/napi/is-type,Assert that a Node-API value is a specified Node-API data type.,,,false,true,false,
assert/napi/is-typedarray,Assert that a Node-API value is a Node-API typed array.,,,false,true,false,
assert/napi,C utilities for Node-API call assertions.,,,false,false,false,
assert/napi/status-ok,"C utilities for asserting that a Node-API call returns an ""ok"" status.",,,false,false,false,
assert,Standard assertion utilities.,,,false,false,false,
assert/tools/array-function,Return a function which tests if every element in an array passes a test condition.,,,false,false,false,
assert/tools/array-like-function,Return a function which tests if every element in an array-like object passes a test condition.,,,false,false,false,
assert/tools,Assertion utility tools.,,,false,false,false,
assert/tools/typed-array-function,Return a function which tests if every element in a typed array passes a test condition.,,,false,false,false,
bench/harness,Benchmark harness.,,,true,false,false,
bench,Benchmark harness.,bench,Function,true,false,false,utils/timeit
bigint/ctor,BigInts.,BigInt,Function,false,false,false,
bigint,BigInt.,,,false,false,false,
blas/base/assert/is-diagonal-type,Test if an input value is a BLAS diagonal type.,,,false,false,false,
blas/base/assert/is-layout,Test if an input value is a BLAS memory layout.,,,false,false,false,
blas/base/assert/is-matrix-orientation,Test if an input value is a matrix orientation.,,,false,false,false,
blas/base/assert/is-matrix-triangle,Test if an input value is a BLAS matrix triangle.,,,false,false,false,
blas/base/assert/is-operation-side,Test if an input value is a BLAS operation side.,,,false,false,false,
blas/base/assert/is-transpose-operation,Test if an input value is a BLAS transpose operation.,,,false,false,false,
blas/base/assert,Base BLAS assertion utilities.,,,false,false,false,
blas/base/caxpy,Scale a single-precision complex floating-point vector by a single-precision complex floating-point constant and add the result to a single-precision complex floating-point vector.,,,false,true,false,
blas/base/ccopy,Copy values from one complex single-precision floating-point vector to another complex single-precision floating-point vector.,base.strided.ccopy,Function,false,true,false,blas/base/cswap
blas/base/cgemv,Performs one of the matrix-vector operations `y = α*A*x + β*y` or `y = α*A^T*x + β*y` or `y = α*A^H*x + β*y`.,,,false,false,false,
blas/base/cscal,Scale a single-precision complex floating-point vector by a single-precision complex floating-point constant.,,,false,true,false,
blas/base/csrot,Apply a plane rotation.,,,false,true,false,
blas/base/csscal,Scale a single-precision complex floating-point vector by a single-precision floating-point constant.,,,false,false,false,
blas/base/cswap,Interchange two complex single-precision floating-point vectors.,base.strided.cswap,Function,false,true,false,blas/base/ccopy
blas/base/dasum,Compute the sum of absolute values (L1 norm).,base.strided.dasum,Function,false,true,false,blas/base/daxpy;blas/base/gasum;blas/base/sasum;blas/ext/base/dsum
blas/base/daxpy,Multiply a vector `x` by a constant and add the result to `y`.,base.strided.daxpy,Function,false,true,false,blas/base/dasum;blas/base/gaxpy;blas/base/saxpy
blas/base/dcabs1,Compute the sum of the absolute values of the real and imaginary components of a double-precision complex floating-point number.,,,false,true,false,
blas/base/dcopy,Copy values from x into y.,base.strided.dcopy,Function,false,true,false,blas/base/dswap;blas/base/gcopy;blas/base/scopy
blas/base/ddot,Calculate the dot product of two double-precision floating-point vectors.,base.strided.ddot,Function,false,true,false,blas/base/dsdot;blas/base/gdot;blas/base/sdot;blas/base/sdsdot;blas/ddot
blas/base/dgemm,Perform the matrix-matrix operation `C = α*op(A)*op(B) + β*C` where `op(X)` is either `op(X) = X` or `op(X) = X^T`.,,,false,false,false,
blas/base/dgemv,Perform one of the matrix-vector operations `y = α*A*x + β*y` or `y = α*A^T*x + β*y`.,,,false,true,false,
blas/base/dger,Perform the rank 1 operation A = α⋅x⋅y^T + A.,,,false,true,false,
blas/base/diagonal-type-enum2str,Return the BLAS diagonal type string associated with a BLAS diagonal type enumeration constant.,,,false,false,false,
blas/base/diagonal-type-resolve-enum,Return the enumeration constant associated with a supported BLAS diagonal type value.,,,false,false,false,
blas/base/diagonal-type-resolve-str,Return the diagonal type string associated with a supported BLAS diagonal type value.,,,false,false,false,
blas/base/diagonal-type-str2enum,Return the enumeration constant associated with a BLAS diagonal type.,,,false,false,false,
blas/base/diagonal-types,BLAS diagonal element types.,,,false,false,false,
blas/base/dnrm2,Calculate the L2-norm of a double-precision floating-point vector.,base.strided.dnrm2,Function,false,true,false,blas/base/gnrm2;blas/base/snrm2
blas/base/drot,Apply a plane rotation.,,,false,true,false,
blas/base/drotg,Construct a Givens plane rotation.,,,false,false,false,
blas/base/drotm,Apply a modified Givens transformation.,,,false,true,false,
blas/base/dscal,Multiply a double-precision floating-point vector by a constant.,base.strided.dscal,Function,false,true,false,blas/base/daxpy;blas/base/gscal;blas/base/sscal;blas/base/saxpy
blas/base/dsdot,Calculate the dot product with extended accumulation and result of two single-precision floating-point vectors.,base.strided.dsdot,Function,false,true,false,blas/base/ddot;blas/base/sdot;blas/base/sdsdot
blas/base/dspmv,"Perform the matrix-vector operation `y = α*A*x + β*y` where `α` and `β` are scalars, `x` and `y` are `N` element vectors, and `A` is an `N` by `N` symmetric matrix supplied in packed form.",,,false,false,false,
blas/base/dspr,Perform the symmetric rank 1 operation `A = α*x*x^T + A`.,,,false,false,false,
blas/base/dswap,Interchange two double-precision floating-point vectors.,base.strided.dswap,Function,false,true,false,blas/base/dcopy;blas/base/gswap;blas/base/sswap;blas/dswap
blas/base/dsymv,"Perform the matrix-vector operation `y = α*A*x + β*y` where `α` and `β` are scalars, `x` and `y` are `N` element vectors, and `A` is an `N` by `N` symmetric matrix.",,,false,false,false,
blas/base/dsyr,Perform the symmetric rank 1 operation `A = α*x*x^T + A`.,,,false,true,false,
blas/base/dsyr2,Perform the symmetric rank 2 operation `A = α*x*y^T + α*y*x^T + A`.,,,false,true,false,
blas/base/dtrmv,Perform one of the matrix-vector operations `x = A*x` or `x = A^T*x`.,,,false,false,false,
blas/base/dtrsv,Solve one of the systems of equations `A*x = b` or `A^T*x = b`.,,,false,false,false,
blas/base/dznrm2,Compute the L2-norm of a complex double-precision floating-point vector.,,,false,true,false,
blas/base/gasum,Compute the sum of absolute values (L1 norm).,base.strided.gasum,Function,false,false,false,blas/base/dasum;blas/base/sasum
blas/base/gaxpy,Multiply a vector `x` by a constant and add the result to `y`.,base.strided.gaxpy,Function,false,false,false,blas/base/daxpy;blas/base/saxpy
blas/base/gcopy,Copy values from x into y.,base.strided.gcopy,Function,false,false,false,blas/base/dcopy;blas/base/scopy
blas/base/gdot,Calculate the dot product of two vectors.,base.strided.gdot,Function,false,false,false,blas/base/ddot;blas/base/sdot;blas/gdot
blas/base/ggemm,Perform the matrix-matrix operation `C = α*op(A)*op(B) + β*C` where `op(X)` is either `op(X) = X` or `op(X) = X^T`.,,,false,false,false,
blas/base/ggemv,Perform one of the matrix-vector operations `y = α*A*x + β*y` or `y = α*A^T*x + β*y`.,,,false,false,false,
blas/base/gger,Perform the rank 1 operation `A = α⋅x⋅y^T + A`.,,,false,false,false,
blas/base/gnrm2,Calculate the L2-norm of a vector.,base.strided.gnrm2,Function,false,false,false,blas/base/dnrm2;blas/base/snrm2
blas/base/gscal,Multiply a vector by a scalar constant.,base.strided.gscal,Function,false,false,false,blas/base/dscal;blas/base/gaxpy;blas/base/sscal
blas/base/gswap,Interchange two vectors.,base.strided.gswap,Function,false,false,false,blas/base/dswap;blas/base/gcopy;blas/base/sswap;blas/gswap
blas/base/gsyr,Perform the symmetric rank 1 operation `A = α*x*x^T + A`.,,,false,false,false,
blas/base/idamax,Find the index of the first element having the maximum absolute value.,,,false,true,false,
blas/base/igamax,Find the index of the first element having the maximum absolute value.,,,false,false,false,
blas/base/isamax,Find the index of the first element having the maximum absolute value.,,,false,true,false,
blas/base/layout-enum2str,Return the BLAS memory layout string associated with a BLAS memory layout enumeration constant.,,,false,false,false,
blas/base/layout-resolve-enum,Return the enumeration constant associated with a supported BLAS memory layout value.,,,false,false,false,
blas/base/layout-resolve-str,Return the layout string associated with a supported BLAS memory layout value.,,,false,false,false,
blas/base/layout-str2enum,Return the enumeration constant associated with a BLAS memory layout string.,,,false,false,false,
blas/base/layouts,BLAS memory layouts.,,,false,false,false,
blas/base/matrix-orientation-enum2str,Return the matrix orientation string associated with a matrix orientation enumeration constant.,,,false,false,false,
blas/base/matrix-orientation-resolve-enum,Return the enumeration constant associated with a supported matrix orientation value.,,,false,false,false,
blas/base/matrix-orientation-resolve-str,Return the matrix orientation string associated with a supported matrix orientation value.,,,false,false,false,
blas/base/matrix-orientation-str2enum,Return the enumeration constant associated with a matrix orientation.,,,false,false,false,
blas/base/matrix-orientations,Matrix orientations.,,,false,false,false,
blas/base/matrix-triangle-enum2str,Return the BLAS matrix triangle string associated with a BLAS matrix triangle enumeration constant.,,,false,false,false,
blas/base/matrix-triangle-resolve-enum,Return the enumeration constant associated with a supported BLAS matrix triangle value.,,,false,false,false,
blas/base/matrix-triangle-resolve-str,Return the matrix triangle string associated with a supported BLAS matrix triangle value.,,,false,false,false,
blas/base/matrix-triangle-str2enum,Return the enumeration constant associated with a BLAS matrix triangle.,,,false,false,false,
blas/base/matrix-triangles,BLAS matrix triangles.,,,false,false,false,
blas/base/ndarray/caxpy,Multiply a one-dimensional single-precision complex floating-point ndarray `x` by a constant `alpha` and add the result to a one-dimensional single-precision complex floating-point ndarray `y`.,,,false,false,false,
blas/base/ndarray/ccopy,Copy values from a one-dimensional single-precision complex floating-point ndarray `x` into a one-dimensional single-precision complex floating-point ndarray `y`.,,,false,false,false,
blas/base/ndarray/dasum,Compute the sum of absolute values for all elements in a one-dimensional double-precision floating-point ndarray.,,,false,false,false,
blas/base/ndarray/daxpy,Multiply a one-dimensional double-precision floating-point ndarray `x` by a constant `alpha` and add the result to a one-dimensional double-precision floating-point ndarray `y`.,,,false,false,false,
blas/base/ndarray/dcopy,Copy values from a one-dimensional double-precision floating-point ndarray `x` into a one-dimensional double-precision floating-point ndarray `y`.,,,false,false,false,
blas/base/ndarray/ddot,Compute the dot product of two one-dimensional double-precision floating-point ndarrays.,,,false,false,false,
blas/base/ndarray/gasum,Compute the sum of absolute values for all elements in a one-dimensional ndarray.,,,false,false,false,
blas/base/ndarray/gaxpy,Multiply a one-dimensional ndarray `x` by a constant `alpha` and add the result to a one-dimensional ndarray `y`.,,,false,false,false,
blas/base/ndarray/gcopy,Copy values from a one-dimensional ndarray `x` into a one-dimensional ndarray `y`.,,,false,false,false,
blas/base/ndarray/gdot,Compute the dot product of two one-dimensional ndarrays.,,,false,false,false,
blas/base/ndarray,Base ndarray BLAS functions.,,,false,false,false,
blas/base/ndarray/sasum,Compute the sum of absolute values for all elements in a one-dimensional single-precision floating-point ndarray.,,,false,false,false,
blas/base/ndarray/saxpy,Multiply a one-dimensional single-precision floating-point ndarray `x` by a constant `alpha` and add the result to a one-dimensional single-precision floating-point ndarray `y`.,,,false,false,false,
blas/base/ndarray/scopy,Copy values from a one-dimensional single-precision floating-point ndarray `x` into a one-dimensional single-precision floating-point ndarray `y`.,,,false,false,false,
blas/base/ndarray/sdot,Compute the dot product of two one-dimensional single-precision floating-point ndarrays.,,,false,false,false,
blas/base/ndarray/zaxpy,Multiply a one-dimensional double-precision complex floating-point ndarray `x` by a constant `alpha` and add the result to a one-dimensional double-precision complex floating-point ndarray `y`.,,,false,false,false,
blas/base/ndarray/zcopy,Copy values from a one-dimensional double-precision complex floating-point ndarray `x` into a one-dimensional double-precision complex floating-point ndarray `y`.,,,false,false,false,
blas/base/operation-side-enum2str,Return the BLAS operation side string associated with a BLAS operation side enumeration constant.,,,false,false,false,
blas/base/operation-side-resolve-enum,Return the enumeration constant associated with a supported BLAS operation side value.,,,false,false,false,
blas/base/operation-side-resolve-str,Return the operation side string associated with a supported BLAS operation side value.,,,false,false,false,
blas/base/operation-side-str2enum,Return the enumeration constant associated with a BLAS operation side.,,,false,false,false,
blas/base/operation-sides,BLAS operation sides.,,,false,false,false,
blas/base,"Base (i.e., lower-level) basic linear algebra subprograms (BLAS).",,,false,false,false,
blas/base/sasum,Compute the sum of absolute values (L1 norm).,base.strided.sasum,Function,false,true,false,blas/base/dasum;blas/base/gasum
blas/base/saxpy,Multiply a vector `x` by a constant and add the result to `y`.,base.strided.saxpy,Function,false,true,false,blas/base/daxpy;blas/base/gaxpy
blas/base/scabs1,Compute the sum of the absolute values of the real and imaginary components of a single-precision complex floating-point number.,,,false,true,false,
blas/base/scasum,Compute the sum of the absolute values of the real and imaginary components of a single-precision complex floating-point vector.,,,false,true,false,
blas/base/scnrm2,Compute the L2-norm of a complex single-precision floating-point vector.,,,false,true,false,
blas/base/scopy,Copy values from x into y.,base.strided.scopy,Function,false,true,false,blas/base/dcopy;blas/base/gcopy;blas/base/sswap
blas/base/sdot,Calculate the dot product of two single-precision floating-point vectors.,base.strided.sdot,Function,false,true,false,blas/base/ddot;blas/base/dsdot;blas/base/sdsdot;blas/sdot
blas/base/sdsdot,Calculate the dot product of two single-precision floating-point vectors with extended accumulation.,base.strided.sdsdot,Function,false,true,false,blas/base/ddot;blas/base/dsdot;blas/base/sdot
blas/base/sgemm,Perform the matrix-matrix operation `C = α*op(A)*op(B) + β*C` where `op(X)` is either `op(X) = X` or `op(X) = X^T`.,,,false,false,false,
blas/base/sgemv,Perform one of the matrix-vector operations `y = α*A*x + β*y` or `y = α*A^T*x + β*y`.,,,false,true,false,
blas/base/sger,Perform the rank 1 operation `A = α*x*y^T + A`.,,,false,true,false,
blas/base/shared,Common symbols and type definitions shared across base BLAS APIs.,,,false,false,false,
blas/base/snrm2,Calculate the L2-norm of a single-precision floating-point vector.,base.strided.snrm2,Function,false,true,false,blas/base/dnrm2;blas/base/gnrm2
blas/base/srot,Apply a plane rotation.,,,false,true,false,
blas/base/srotg,Construct a Givens plane rotation.,,,false,false,false,
blas/base/srotm,Apply a modified Givens transformation.,,,false,true,false,
blas/base/sscal,Multiply a single-precision floating-point vector by a constant.,base.strided.sscal,Function,false,true,false,blas/base/daxpy;blas/base/dscal;blas/base/gscal;blas/base/saxpy
blas/base/sspmv,"Perform the matrix-vector operation `y = α*A*x + β*y` where `α` and `β` are scalars, `x` and `y` are `N` element vectors, and `A` is an `N` by `N` symmetric matrix supplied in packed form.",,,false,false,false,
blas/base/sspr,Perform the symmetric rank 1 operation `A = α*x*x^T + A`.,,,false,true,false,
blas/base/sswap,Interchange two single-precision floating-point vectors.,base.strided.sswap,Function,false,true,false,blas/base/dswap;blas/base/gswap;blas/base/scopy;blas/sswap
blas/base/ssymv,Perform the matrix-vector operation `y = α*A*x + β*y`.,,,false,false,false,
blas/base/ssyr,Perform the symmetric rank 1 operation `A = α*x*x^T + A`.,,,false,true,false,
blas/base/ssyr2,Perform the symmetric rank 2 operation `A = α*x*y^T + α*y*x^T + A`.,,,false,true,false,
blas/base/strmv,Perform one of the matrix-vector operations `x = A*x` or `x = A^T*x`.,,,false,false,false,
blas/base/strsv,Solve one of the systems of equations `A*x = b` or `A^T*x = b`.,,,false,false,false,
blas/base/transpose-operation-enum2str,Return the BLAS transpose operation string associated with a BLAS transpose operation enumeration constant.,,,false,false,false,
blas/base/transpose-operation-resolve-enum,Return the enumeration constant associated with a supported BLAS transpose operation value.,,,false,false,false,
blas/base/transpose-operation-resolve-str,Return the transpose operation string associated with a supported BLAS transpose operation value.,,,false,false,false,
blas/base/transpose-operation-str2enum,Return the enumeration constant associated with a BLAS transpose operation.,,,false,false,false,
blas/base/transpose-operations,BLAS transpose operations.,,,false,false,false,
blas/base/wasm/ccopy,Copy values from one complex single-precision floating-point vector to another complex single-precision floating-point vector.,,,false,false,true,
blas/base/wasm/cscal,Scale a single-precision complex floating-point vector by a single-precision complex floating-point constant.,,,false,false,true,
blas/base/wasm/csrot,Apply a plane rotation.,,,false,false,true,
blas/base/wasm/cswap,Interchange two complex single-precision floating-point vectors.,,,false,false,true,
blas/base/wasm/dasum,Compute the sum of absolute values.,,,false,false,true,
blas/base/wasm/daxpy,Multiply a vector `x` by a constant and add the result to `y`.,,,false,false,true,
blas/base/wasm/dcopy,Copy values from `x` into `y`.,,,false,false,true,
blas/base/wasm/ddot,Compute the dot product of `x` and `y`.,,,false,false,true,
blas/base/wasm/dnrm2,Calculate the L2-norm of a double-precision floating-point vector.,,,false,false,true,
blas/base/wasm/drot,Apply a plane rotation.,,,false,false,true,
blas/base/wasm/drotm,Apply a modified Givens transformation.,,,false,false,true,
blas/base/wasm/dscal,Multiply a vector `x` by a scalar `alpha`.,,,false,false,true,
blas/base/wasm/dsdot,Compute the dot product of `x` and `y` with extended accumulation and result.,,,false,false,true,
blas/base/wasm/dswap,Interchange two double-precision floating-point vectors.,,,false,false,true,
blas/base/wasm/dznrm2,Compute the L2-norm of a complex double-precision floating-point vector.,,,false,false,true,
blas/base/wasm/idamax,Find the index of the first element having the maximum absolute value.,,,false,false,true,
blas/base/wasm/isamax,Find the index of the first element having the maximum absolute value.,,,false,false,true,
blas/base/wasm,Basic linear algebra subprograms (BLAS) compiled to WebAssembly.,,,false,false,false,
blas/base/wasm/sasum,Compute the sum of absolute values.,,,false,false,true,
blas/base/wasm/saxpy,Multiply a vector `x` by a constant and add the result to `y`.,,,false,false,true,
blas/base/wasm/scasum,Compute the sum of the absolute values of the real and imaginary components of a single-precision complex floating-point vector.,,,false,false,true,
blas/base/wasm/scnrm2,Multiply a vector `x` by a scalar `alpha`.,,,false,false,true,
blas/base/wasm/scopy,Copy values from `x` into `y`.,,,false,false,true,
blas/base/wasm/sdot,Compute the dot product of `x` and `y`.,,,false,false,true,
blas/base/wasm/sdsdot,Calculate the dot product of two single-precision floating-point vectors with extended accumulation.,,,false,false,true,
blas/base/wasm/snrm2,Calculate the L2-norm of a single-precision floating-point vector.,,,false,false,true,
blas/base/wasm/srot,Apply a plane rotation.,,,false,false,true,
blas/base/wasm/srotm,Apply a modified Givens transformation.,,,false,false,true,
blas/base/wasm/sscal,Multiply a vector `x` by a scalar `alpha`.,,,false,false,true,
blas/base/wasm/sswap,Interchange two single-precision floating-point vectors.,,,false,false,true,
blas/base/wasm/zcopy,Copy values from one complex double-precision floating-point vector to another complex double-precision floating-point vector.,,,false,false,true,
blas/base/wasm/zdrot,Apply a plane rotation.,,,false,false,true,
blas/base/wasm/zscal,Scale a double-precision complex floating-point vector by a double-precision complex floating-point constant.,,,false,false,true,
blas/base/wasm/zswap,Interchange two complex double-precision floating-point vectors.,,,false,false,true,
blas/base/xerbla,Error handler for BLAS/LAPACK routines.,,,false,true,false,
blas/base/zaxpy,Scale a double-precision complex floating-point vector by a double-precision complex floating-point constant and add the result to a double-precision complex floating-point vector.,,,false,true,false,
blas/base/zcopy,Copy values from one complex double-precision floating-point vector to another complex double-precision floating-point vector.,,,false,true,false,
blas/base/zdrot,Apply a plane rotation.,,,false,true,false,
blas/base/zdscal,Scale a double-precision complex floating-point vector by a double-precision floating-point constant.,,,false,true,false,
blas/base/zscal,Scale a double-precision complex floating-point vector by a double-precision complex floating-point constant.,,,false,true,false,
blas/base/zswap,Interchange two complex double-precision floating-point vectors.,,,false,true,false,
blas/ddot,Calculate the dot product of two double-precision floating-point vectors.,ddot,Function,false,false,false,blas/base/ddot;blas/gdot;blas/sdot
blas/dswap,Interchange two double-precision floating-point vectors.,dswap,Function,false,false,false,blas/base/dswap;blas/gswap;blas/sswap
blas/ext/base/cfill,Fill a single-precision complex floating-point strided array with a specified scalar constant.,,,false,true,false,
blas/ext/base/cindex-of-row,Return the index of the first row in a single-precision complex floating-point input matrix which has the same elements as a provided search vector.,,,false,true,false,
blas/ext/base/cone-to,Fill a single-precision complex floating-point strided array with linearly spaced numeric elements which increment by `1` starting from one.,,,false,true,false,
blas/ext/base/csum,Calculate the sum of single-precision complex floating-point strided array elements.,,,false,true,false,
blas/ext/base/csumkbn,Calculate the sum of single-precision complex floating-point strided array elements using an improved Kahan–Babuška algorithm.,,,false,true,false,
blas/ext/base/cunitspace,Fill a single-precision complex floating-point strided array with linearly spaced numeric elements which increment by `1` starting from a specified value.,,,false,true,false,
blas/ext/base/czero-to,Fill a single-precision complex floating-point strided array with linearly spaced numeric elements which increment by `1` starting from zero.,,,false,true,false,
blas/ext/base/dapx,Add a scalar constant to each element in a double-precision floating-point strided array.,base.strided.dapx,Function,false,true,false,blas/ext/base/gapx;blas/ext/base/sapx
blas/ext/base/dapxsum,Add a scalar constant to each double-precision floating-point strided array element and compute the sum.,base.strided.dapxsum,Function,false,true,false,blas/ext/base/dapxsumpw;blas/ext/base/dsum;blas/ext/base/gapxsum;blas/ext/base/sapxsum
blas/ext/base/dapxsumkbn,Add a constant to each double-precision floating-point strided array element and compute the sum using an improved Kahan–Babuška algorithm.,base.strided.dapxsumkbn,Function,false,true,false,blas/ext/base/dapxsum;blas/ext/base/dsumkbn;blas/ext/base/gapxsumkbn;blas/ext/base/sapxsumkbn
blas/ext/base/dapxsumkbn2,Add a scalar constant to each double-precision floating-point strided array element and compute the sum using a second-order iterative Kahan–Babuška algorithm.,base.strided.dapxsumkbn2,Function,false,true,false,blas/ext/base/dapxsum;blas/ext/base/dsumkbn2;blas/ext/base/gapxsumkbn2;blas/ext/base/sapxsumkbn2
blas/ext/base/dapxsumors,Add a scalar constant to each double-precision floating-point strided array element and compute the sum using ordinary recursive summation.,base.strided.dapxsumors,Function,false,true,false,blas/ext/base/dapxsum;blas/ext/base/dsumors;blas/ext/base/gapxsumors;blas/ext/base/sapxsumors
blas/ext/base/dapxsumpw,Add a scalar constant to each double-precision floating-point strided array element and compute the sum using pairwise summation.,base.strided.dapxsumpw,Function,false,true,false,blas/ext/base/dapxsum;blas/ext/base/dsumpw;blas/ext/base/gapxsumpw;blas/ext/base/sapxsumpw
blas/ext/base/dasumpw,Calculate the sum of absolute values (L1 norm) of double-precision floating-point strided array elements using pairwise summation.,base.strided.dasumpw,Function,false,true,false,blas/base/dasum;blas/ext/base/dsumpw;blas/ext/base/gasumpw;blas/ext/base/sasumpw
blas/ext/base/dcircshift,Circularly shift the elements of a double-precision floating-point strided array by a specified number of positions.,,,false,true,false,
blas/ext/base/dcusum,Calculate the cumulative sum of double-precision floating-point strided array elements.,base.strided.dcusum,Function,false,true,false,blas/ext/base/dcusumpw;blas/ext/base/gcusum;blas/ext/base/scusum
blas/ext/base/dcusumkbn,Calculate the cumulative sum of double-precision floating-point strided array elements using an improved Kahan–Babuška algorithm.,base.strided.dcusumkbn,Function,false,true,false,blas/ext/base/dcusum;blas/ext/base/gcusumkbn;blas/ext/base/scusumkbn
blas/ext/base/dcusumkbn2,Calculate the cumulative sum of double-precision floating-point strided array elements using a second-order iterative Kahan–Babuška algorithm.,base.strided.dcusumkbn2,Function,false,true,false,blas/ext/base/dcusum;blas/ext/base/gcusumkbn2;blas/ext/base/scusumkbn2
blas/ext/base/dcusumors,Calculate the cumulative sum of double-precision floating-point strided array elements using ordinary recursive summation.,base.strided.dcusumors,Function,false,true,false,blas/ext/base/dcusum;blas/ext/base/gcusumors;blas/ext/base/scusumors
blas/ext/base/dcusumpw,Calculate the cumulative sum of double-precision floating-point strided array elements using pairwise summation.,base.strided.dcusumpw,Function,false,true,false,blas/ext/base/dcusum;blas/ext/base/gcusumpw;blas/ext/base/scusumpw
blas/ext/base/ddiff,Calculate the k-th discrete forward difference of a double-precision floating-point strided array.,,,false,true,false,
blas/ext/base/dfill,Fill a double-precision floating-point strided array with a specified scalar constant.,base.strided.dfill,Function,false,true,false,blas/ext/base/gfill;blas/ext/base/sfill
blas/ext/base/dindex-of-row,Return the index of the first row in a double-precision floating-point input matrix which has the same elements as a provided search vector.,,,false,true,false,
blas/ext/base/dindex-of,Return the first index of a specified search element in a double-precision floating-point strided array.,,,false,true,false,
blas/ext/base/dlast-index-of,Return the last index of a specified search element in a double-precision floating-point strided array.,,,false,true,false,
blas/ext/base/dlinspace,Fill a double-precision floating-point strided array with linearly spaced values over a specified interval.,,,false,true,false,
blas/ext/base/dnanasum,"Calculate the sum of absolute values (L1 norm) of double-precision floating-point strided array elements, ignoring NaN values.",base.strided.dnanasum,Function,false,true,false,blas/base/dasum;blas/ext/base/dasumpw
blas/ext/base/dnanasumors,"Calculate the sum of absolute values (L1 norm) of double-precision floating-point strided array elements, ignoring NaN values and using ordinary recursive summation.",base.strided.dnanasumors,Function,false,true,false,blas/ext/base/dnanasum
blas/ext/base/dnancount,Calculate the number of non-NaN elements in a double-precision floating-point strided array.,,,false,true,false,
blas/ext/base/dnancusumkbn,Calculate the cumulative sum of double-precision floating-point strided array elements ignoring NaN values and using an improved Kahan–Babuška algorithm.,,,false,true,false,
blas/ext/base/dnannsum,"Calculate the sum of double-precision floating-point strided array elements, ignoring NaN values.",base.strided.dnannsum,Function,false,true,false,blas/ext/base/dnansum;blas/ext/base/dsum
blas/ext/base/dnannsumkbn,"Calculate the sum of double-precision floating-point strided array elements, ignoring NaN values and using an improved Kahan–Babuška algorithm.",base.strided.dnannsumkbn,Function,false,true,false,blas/ext/base/dnannsum;blas/ext/base/dnannsumkbn2;blas/ext/base/dnannsumors;blas/ext/base/dnannsumpw;blas/ext/base/dsumkbn;blas/ext/base/gnannsumkbn
blas/ext/base/dnannsumkbn2,"Calculate the sum of double-precision floating-point strided array elements, ignoring NaN values and using a second-order iterative Kahan–Babuška algorithm.",base.strided.dnannsumkbn2,Function,false,true,false,blas/ext/base/dnannsum;blas/ext/base/dnannsumkbn;blas/ext/base/dnannsumors;blas/ext/base/dnannsumpw;blas/ext/base/dsumkbn2
blas/ext/base/dnannsumors,"Calculate the sum of double-precision floating-point strided array elements, ignoring NaN values and using ordinary recursive summation.",base.strided.dnannsumors,Function,false,true,false,blas/ext/base/dnannsum;blas/ext/base/dnannsumkbn;blas/ext/base/dnannsumkbn2;blas/ext/base/dnannsumpw;blas/ext/base/dsumors
blas/ext/base/dnannsumpw,"Calculate the sum of double-precision floating-point strided array elements, ignoring NaN values and using pairwise summation.",base.strided.dnannsumpw,Function,false,true,false,blas/ext/base/dnannsum;blas/ext/base/dnannsumkbn;blas/ext/base/dnannsumkbn2;blas/ext/base/dnannsumors;blas/ext/base/dsumpw
blas/ext/base/dnansum,"Calculate the sum of double-precision floating-point strided array elements, ignoring NaN values.",base.strided.dnansum,Function,false,true,false,stats/strided/dnanmean;blas/ext/base/dsum;blas/ext/base/snansum;blas/ext/base/gnansum
blas/ext/base/dnansumkbn,"Calculate the sum of double-precision floating-point strided array elements, ignoring NaN values and using an improved Kahan–Babuška algorithm.",base.strided.dnansumkbn,Function,false,true,false,blas/ext/base/dnansum;blas/ext/base/dnansumors;blas/ext/base/dnansumpw;blas/ext/base/dsumkbn;blas/ext/base/gnansumkbn;blas/ext/base/snansumkbn
blas/ext/base/dnansumkbn2,"Calculate the sum of double-precision floating-point strided array elements, ignoring NaN values and using a second-order iterative Kahan–Babuška algorithm.",base.strided.dnansumkbn2,Function,false,true,false,blas/ext/base/dnansum;blas/ext/base/dnansumors;blas/ext/base/dnansumpw;blas/ext/base/dsumkbn2;blas/ext/base/gnansumkbn2;blas/ext/base/snansumkbn2
blas/ext/base/dnansumors,"Calculate the sum of double-precision floating-point strided array elements, ignoring NaN values and using ordinary recursive summation.",base.strided.dnansumors,Function,false,true,false,blas/ext/base/dnansum;blas/ext/base/dnansumkbn2;blas/ext/base/dnansumpw;blas/ext/base/dsumors;blas/ext/base/gnansumors;blas/ext/base/snansumors
blas/ext/base/dnansumpw,"Calculate the sum of double-precision floating-point strided array elements, ignoring NaN values and using pairwise summation.",base.strided.dnansumpw,Function,false,true,false,blas/ext/base/dnansum;blas/ext/base/dnansumkbn2;blas/ext/base/dnansumors;blas/ext/base/dsumpw;blas/ext/base/gnansumpw;blas/ext/base/snansumpw
blas/ext/base/done-to,Fill a double-precision floating-point strided array with linearly spaced numeric elements which increment by `1` starting from one.,,,false,true,false,
blas/ext/base/drev,Reverse a double-precision floating-point strided array in-place.,base.strided.drev,Function,false,true,false,blas/ext/base/grev;blas/ext/base/srev
blas/ext/base/drrss,Compute the square root of the residual sum of squares of two double-precision floating-point strided arrays.,,,false,true,false,
blas/ext/base/drss,Compute the residual sum of squares of two double-precision floating-point strided arrays.,,,false,true,false,
blas/ext/base/drssbl,Compute the residual sum of squares of two double-precision floating-point strided arrays using Blue's algorithm.,,,false,true,false,
blas/ext/base/drsskbn,Compute the residual sum of squares of two double-precision floating-point strided arrays using an improved Kahan-Babuška algorithm.,,,false,true,false,
blas/ext/base/dsapxsum,Add a constant to each single-precision floating-point strided array element and compute the sum using extended accumulation and returning an extended precision result.,base.strided.dsapxsum,Function,false,true,false,blas/ext/base/dapxsum;blas/ext/base/dssum;blas/ext/base/sapxsum
blas/ext/base/dsapxsumpw,Add a constant to each single-precision floating-point strided array element and compute the sum using pairwise summation with extended accumulation and returning an extended precision result.,base.strided.dsapxsumpw,Function,false,true,false,blas/ext/base/dapxsumpw;blas/ext/base/dsapxsum;blas/ext/base/dssumpw;blas/ext/base/sapxsumpw
blas/ext/base/dsnannsumors,"Calculate the sum of single-precision floating-point strided array elements, ignoring NaN values, using ordinary recursive summation with extended accumulation, and returning an extended precision result.",base.strided.dsnannsumors,Function,false,true,false,blas/ext/base/dnannsumors;blas/ext/base/dsnansumors;blas/ext/base/dssumors
blas/ext/base/dsnansum,"Calculate the sum of single-precision floating-point strided array elements, ignoring NaN values, using extended accumulation, and returning an extended precision result.",base.strided.dsnansum,Function,false,true,false,stats/strided/dsnanmean;blas/ext/base/dssum;blas/ext/base/sdsnansum;blas/ext/base/snansum
blas/ext/base/dsnansumors,"Calculate the sum of single-precision floating-point strided array elements, ignoring NaN values, using ordinary recursive summation with extended accumulation, and returning an extended precision result.",base.strided.dsnansumors,Function,false,true,false,stats/strided/dsnanmeanors;blas/ext/base/dssum;blas/ext/base/dssumors;blas/ext/base/snansumors
blas/ext/base/dsnansumpw,"Calculate the sum of single-precision floating-point strided array elements, ignoring NaN values, using pairwise summation with extended accumulation, and returning an extended precision result.",base.strided.dsnansumpw,Function,false,true,false,blas/ext/base/dnansumpw;blas/ext/base/dssum;blas/ext/base/dssumpw;blas/ext/base/snansumpw
blas/ext/base/dsort,Sort a double-precision floating-point strided array.,,,false,true,false,
blas/ext/base/dsort2hp,Simultaneously sort two double-precision floating-point strided arrays based on the sort order of the first array using heapsort.,base.strided.dsort2hp,Function,false,true,false,blas/ext/base/dsorthp;blas/ext/base/gsort2hp;blas/ext/base/ssort2hp
blas/ext/base/dsort2ins,Simultaneously sort two double-precision floating-point strided arrays based on the sort order of the first array using insertion sort.,base.strided.dsort2ins,Function,false,true,false,blas/ext/base/dsortins;blas/ext/base/gsort2ins;blas/ext/base/ssort2ins
blas/ext/base/dsort2sh,Simultaneously sort two double-precision floating-point strided arrays based on the sort order of the first array using Shellsort.,base.strided.dsort2sh,Function,false,true,false,blas/ext/base/dsortsh;blas/ext/base/gsort2sh;blas/ext/base/ssort2sh
blas/ext/base/dsorthp,Sort a double-precision floating-point strided array using heapsort.,base.strided.dsorthp,Function,false,true,false,blas/ext/base/dsort2hp;blas/ext/base/gsorthp;blas/ext/base/ssorthp
blas/ext/base/dsortins,Sort a double-precision floating-point strided array using insertion sort.,base.strided.dsortins,Function,false,true,false,blas/ext/base/dsort2ins;blas/ext/base/gsortins;blas/ext/base/ssortins
blas/ext/base/dsortsh,Sort a double-precision floating-point strided array using Shellsort.,base.strided.dsortsh,Function,false,true,false,blas/ext/base/dsort2sh;blas/ext/base/gsortsh;blas/ext/base/ssortsh
blas/ext/base/dssum,Calculate the sum of single-precision floating-point strided array elements using extended accumulation and returning an extended precision result.,base.strided.dssum,Function,false,true,false,blas/ext/base/dsnansum;blas/ext/base/sdssum;blas/ext/base/ssum;stats/strided/dsmean
blas/ext/base/dssumors,Calculate the sum of single-precision floating-point strided array elements using ordinary recursive summation with extended accumulation and returning an extended precision result.,base.strided.dssumors,Function,false,true,false,blas/ext/base/dsnansumors;blas/ext/base/dssum;blas/ext/base/dsumors;blas/ext/base/ssumors
blas/ext/base/dssumpw,Calculate the sum of single-precision floating-point strided array elements using pairwise summation with extended accumulation and returning an extended precision result.,base.strided.dssumpw,Function,false,true,false,blas/ext/base/dsnansumpw;blas/ext/base/dssum;blas/ext/base/dsumpw;blas/ext/base/ssumpw
blas/ext/base/dsum,Calculate the sum of double-precision floating-point strided array elements.,base.strided.dsum,Function,false,true,false,blas/base/dasum;stats/strided/dmean;blas/ext/base/dnansum;blas/ext/base/ssum;blas/ext/base/gsum
blas/ext/base/dsumkbn,Calculate the sum of double-precision floating-point strided array elements using an improved Kahan–Babuška algorithm.,base.strided.dsumkbn,Function,false,true,false,blas/ext/base/dnansumkbn;blas/ext/base/dsum;blas/ext/base/dsumkbn2;blas/ext/base/dsumors;blas/ext/base/dsumpw;blas/ext/base/gsumkbn;blas/ext/base/ssumkbn
blas/ext/base/dsumkbn2,Calculate the sum of double-precision floating-point strided array elements using a second-order iterative Kahan–Babuška algorithm.,base.strided.dsumkbn2,Function,false,true,false,blas/ext/base/dnansumkbn2;blas/ext/base/dsum;blas/ext/base/dsumkbn;blas/ext/base/dsumors;blas/ext/base/dsumpw;blas/ext/base/gsumkbn2;blas/ext/base/ssumkbn2
blas/ext/base/dsumors,Calculate the sum of double-precision floating-point strided array elements using ordinary recursive summation.,base.strided.dsumors,Function,false,true,false,blas/ext/base/dnansumors;blas/ext/base/dsum;blas/ext/base/dsumkbn2;blas/ext/base/dsumpw;blas/ext/base/gsumors;blas/ext/base/ssumors
blas/ext/base/dsumpw,Calculate the sum of double-precision floating-point strided array elements using pairwise summation.,base.strided.dsumpw,Function,false,true,false,blas/ext/base/dnansumpw;blas/ext/base/dsum;blas/ext/base/dsumkbn2;blas/ext/base/dsumors;blas/ext/base/gsumpw;blas/ext/base/ssumpw
blas/ext/base/dunitspace,Fill a double-precision floating-point strided array with linearly spaced numeric elements which increment by `1` starting from a specified value.,,,false,true,false,
blas/ext/base/dvander,Generate a double-precision floating-point Vandermonde matrix.,,,false,true,false,
blas/ext/base/dzero-to,Fill a double-precision floating-point strided array with linearly spaced numeric elements which increment by `1` starting from zero.,,,false,true,false,
blas/ext/base/gapx,Add a scalar constant to each element in a strided array.,base.strided.gapx,Function,false,false,false,blas/ext/base/dapx;blas/ext/base/sapx
blas/ext/base/gapxsum,Add a scalar constant to each strided array element and compute the sum.,base.strided.gapxsum,Function,false,false,false,blas/ext/base/dapxsum;blas/ext/base/gapxsumpw;blas/ext/base/gsum;blas/ext/base/sapxsum
blas/ext/base/gapxsumkbn,Add a scalar constant to each strided array element and compute the sum using an improved Kahan–Babuška algorithm.,base.strided.gapxsumkbn,Function,false,false,false,blas/ext/base/dapxsumkbn;blas/ext/base/gapxsum;blas/ext/base/gsumkbn;blas/ext/base/sapxsumkbn
blas/ext/base/gapxsumkbn2,Add a scalar constant to each strided array element and compute the sum using a second-order iterative Kahan–Babuška algorithm.,base.strided.gapxsumkbn2,Function,false,false,false,blas/ext/base/dapxsumkbn2;blas/ext/base/gapxsum;blas/ext/base/gsumkbn2;blas/ext/base/sapxsumkbn2
blas/ext/base/gapxsumors,Add a scalar constant to each strided array element and compute the sum using ordinary recursive summation.,base.strided.gapxsumors,Function,false,false,false,blas/ext/base/dapxsumors;blas/ext/base/gapxsum;blas/ext/base/gsumors;blas/ext/base/sapxsumors
blas/ext/base/gapxsumpw,Add a scalar constant to each strided array element and compute the sum using pairwise summation.,base.strided.gapxsumpw,Function,false,false,false,blas/ext/base/dapxsumpw;blas/ext/base/gapxsum;blas/ext/base/gsumpw;blas/ext/base/sapxsumpw
blas/ext/base/gasumpw,Calculate the sum of absolute values (L1 norm) of strided array elements using pairwise summation.,base.strided.gasumpw,Function,false,false,false,blas/base/gasum;blas/ext/base/dasumpw;blas/ext/base/gsumpw;blas/ext/base/sasumpw
blas/ext/base/gcircshift,Circularly shift the elements of a strided array by a specified number of positions.,,,false,false,false,
blas/ext/base/gconjoin,Return a string created by joining strided array elements into a human-readable list using a conjunction.,,,false,false,false,
blas/ext/base/gcusum,Calculate the cumulative sum of strided array elements.,base.strided.gcusum,Function,false,false,false,blas/ext/base/dcusum;blas/ext/base/gcusumpw;blas/ext/base/scusum
blas/ext/base/gcusumkbn,Calculate the cumulative sum of strided array elements using an improved Kahan–Babuška algorithm.,base.strided.gcusumkbn,Function,false,false,false,blas/ext/base/dcusumkbn;blas/ext/base/gcusum;blas/ext/base/gcusumkbn2;blas/ext/base/scusumkbn
blas/ext/base/gcusumkbn2,Calculate the cumulative sum of strided array elements using a second-order iterative Kahan–Babuška algorithm.,base.strided.gcusumkbn2,Function,false,false,false,blas/ext/base/dcusumkbn2;blas/ext/base/gcusum;blas/ext/base/gcusumkbn;blas/ext/base/scusumkbn2
blas/ext/base/gcusumors,Calculate the cumulative sum of strided array elements using ordinary recursive summation.,base.strided.gcusumors,Function,false,false,false,blas/ext/base/dcusumors;blas/ext/base/gcusum;blas/ext/base/gcusumpw;blas/ext/base/scusumors
blas/ext/base/gcusumpw,Calculate the cumulative sum of strided array elements using pairwise summation.,base.strided.gcusumpw,Function,false,false,false,blas/ext/base/dcusumpw;blas/ext/base/gcusum;blas/ext/base/scusumpw
blas/ext/base/gfill-by,Fill a strided array according to a provided callback function.,base.strided.gfillBy,Function,false,false,false,blas/ext/base/gfill
blas/ext/base/gfill,Fill a strided array with a specified scalar constant.,base.strided.gfill,Function,false,false,false,blas/ext/base/dfill;blas/ext/base/sfill
blas/ext/base/gfind-index,Return the index of the first element which passes a test implemented by a predicate function.,,,false,false,false,
blas/ext/base/gfind-last-index,Return the index of the last element which passes a test implemented by a predicate function.,,,false,false,false,
blas/ext/base/gindex-of-column,Return the index of the first column in an input matrix which has the same elements as a provided search vector.,,,false,false,false,
blas/ext/base/gindex-of-row,Return the index of the first row in an input matrix which has the same elements as a provided search vector.,,,false,false,false,
blas/ext/base/gindex-of,Return the first index of a specified search element in a strided array.,,,false,false,false,
blas/ext/base/gjoin-between,Return a string by joining strided array elements using a specified separator for each pair of consecutive elements.,,,false,false,false,
blas/ext/base/gjoin,Return a string created by joining strided array elements using a specified separator.,,,false,false,false,
blas/ext/base/glast-index-of,Return the last index of a specified search element in a strided array.,,,false,false,false,
blas/ext/base/glinspace,Fill a strided array with linearly spaced values over a specified interval.,,,false,false,false,
blas/ext/base/gnancount,Calculate the number of non-`NaN` elements in a strided array.,,,false,false,false,
blas/ext/base/gnannsumkbn,"Calculate the sum of strided array elements, ignoring NaN values and using an improved Kahan–Babuška algorithm.",base.strided.gnannsumkbn,Function,false,false,false,blas/ext/base/dnannsumkbn
blas/ext/base/gnannsumpw,"Calculate the sum of strided array elements, ignoring NaN values and using pairwise summation.",,,false,false,false,
blas/ext/base/gnansum,"Calculate the sum of strided array elements, ignoring NaN values.",base.strided.gnansum,Function,false,false,false,blas/ext/base/dnansum;blas/ext/base/snansum;blas/ext/base/gsum;stats/strided/nanmean
blas/ext/base/gnansumkbn,"Calculate the sum of strided array elements, ignoring NaN values and using an improved Kahan–Babuška algorithm.",base.strided.gnansumkbn,Function,false,false,false,blas/ext/base/dnansumkbn;blas/ext/base/gnansum;blas/ext/base/gnansumkbn2;blas/ext/base/gnansumors;blas/ext/base/gnansumpw;blas/ext/base/gsumkbn;blas/ext/base/snansumkbn
blas/ext/base/gnansumkbn2,"Calculate the sum of strided array elements, ignoring NaN values and using a second-order iterative Kahan–Babuška algorithm.",base.strided.gnansumkbn2,Function,false,false,false,blas/ext/base/dnansumkbn2;blas/ext/base/gnansum;blas/ext/base/gnansumkbn;blas/ext/base/gnansumors;blas/ext/base/gnansumpw;blas/ext/base/gsumkbn2;blas/ext/base/snansumkbn2
blas/ext/base/gnansumors,"Calculate the sum of strided array elements, ignoring NaN values and using ordinary recursive summation.",base.strided.gnansumors,Function,false,false,false,blas/ext/base/dnansumors;blas/ext/base/gnansum;blas/ext/base/gnansumkbn2;blas/ext/base/gnansumpw;blas/ext/base/gsumors;blas/ext/base/snansumors
blas/ext/base/gnansumpw,"Calculate the sum of strided array elements, ignoring NaN values and using pairwise summation.",base.strided.gnansumpw,Function,false,false,false,blas/ext/base/dnansumpw;blas/ext/base/gnansum;blas/ext/base/gnansumkbn2;blas/ext/base/gnansumors;blas/ext/base/gsumpw;blas/ext/base/snansumpw
blas/ext/base/gone-to,Fill a strided array with linearly spaced numeric elements which increment by `1` starting from one.,,,false,false,false,
blas/ext/base/greplicate,Replicate each strided array element a specified number of times.,,,false,false,false,
blas/ext/base/grev,Reverse a strided array in-place.,base.strided.grev,Function,false,false,false,blas/ext/base/drev;blas/ext/base/srev
blas/ext/base/gsort,Sort a strided array.,,,false,false,false,
blas/ext/base/gsort2hp,Simultaneously sort two strided arrays based on the sort order of the first array using heapsort.,base.strided.gsort2hp,Function,false,false,false,blas/ext/base/dsort2hp;blas/ext/base/gsorthp;blas/ext/base/ssort2hp
blas/ext/base/gsort2ins,Simultaneously sort two strided arrays based on the sort order of the first array using insertion sort.,base.strided.gsort2ins,Function,false,false,false,blas/ext/base/dsort2ins;blas/ext/base/gsortins;blas/ext/base/ssort2ins
blas/ext/base/gsort2sh,Simultaneously sort two strided arrays based on the sort order of the first array using Shellsort.,base.strided.gsort2sh,Function,false,false,false,blas/ext/base/dsort2sh;blas/ext/base/gsortsh;blas/ext/base/ssort2sh
blas/ext/base/gsorthp,Sort a strided array using heapsort.,base.strided.gsorthp,Function,false,false,false,blas/ext/base/dsorthp;blas/ext/base/gsort2hp;blas/ext/base/ssorthp
blas/ext/base/gsortins,Sort a strided array using insertion sort.,base.strided.gsortins,Function,false,false,false,blas/ext/base/dsortins;blas/ext/base/gsort2ins;blas/ext/base/ssortins
blas/ext/base/gsortsh,Sort a strided array using Shellsort.,base.strided.gsortsh,Function,false,false,false,blas/ext/base/dsortsh;blas/ext/base/gsort2sh;blas/ext/base/ssortsh
blas/ext/base/gsum,Calculate the sum of strided array elements.,base.strided.gsum,Function,false,false,false,blas/ext/base/dsum;blas/ext/base/gnansum;blas/ext/base/ssum;stats/strided/mean
blas/ext/base/gsumkbn,Calculate the sum of strided array elements using an improved Kahan–Babuška algorithm.,base.strided.gsumkbn,Function,false,false,false,blas/ext/base/dsumkbn;blas/ext/base/gnansumkbn;blas/ext/base/gsum;blas/ext/base/gsumkbn2;blas/ext/base/gsumors;blas/ext/base/gsumpw;blas/ext/base/ssumkbn
blas/ext/base/gsumkbn2,Calculate the sum of strided array elements using a second-order iterative Kahan–Babuška algorithm.,base.strided.gsumkbn2,Function,false,false,false,blas/ext/base/dsumkbn2;blas/ext/base/gnansumkbn2;blas/ext/base/gsum;blas/ext/base/gsumkbn;blas/ext/base/gsumors;blas/ext/base/gsumpw;blas/ext/base/ssumkbn2
blas/ext/base/gsumors,Calculate the sum of strided array elements using ordinary recursive summation.,base.strided.gsumors,Function,false,false,false,blas/ext/base/dsumors;blas/ext/base/gnansumors;blas/ext/base/gsum;blas/ext/base/gsumkbn2;blas/ext/base/gsumpw;blas/ext/base/ssumors
blas/ext/base/gsumpw,Calculate the sum of strided array elements using pairwise summation.,base.strided.gsumpw,Function,false,false,false,blas/ext/base/dsumpw;blas/ext/base/gnansumpw;blas/ext/base/gsum;blas/ext/base/gsumkbn2;blas/ext/base/gsumors;blas/ext/base/ssumpw
blas/ext/base/gunitspace,Fill a strided array with linearly spaced numeric elements which increment by `1` starting from a specified value.,,,false,false,false,
blas/ext/base/gvander,Generate a Vandermonde matrix.,,,false,false,false,
blas/ext/base/gwhere,Take elements from one of two strided arrays depending on a condition.,,,false,false,false,
blas/ext/base/gzero-to,Fill a strided array with linearly spaced numeric elements which increment by `1` starting from zero.,,,false,false,false,
blas/ext/base/ndarray/cone-to,Fill a one-dimensional single-precision complex floating-point ndarray with linearly spaced numeric elements which increment by 1 starting from one.,,,false,false,false,
blas/ext/base/ndarray/csum,Compute the sum of all elements in a one-dimensional single-precision complex floating-point ndarray.,,,false,true,false,
blas/ext/base/ndarray/csumkbn,Compute the sum of all elements in a one-dimensional single-precision complex floating-point ndarray using an improved Kahan–Babuška algorithm.,,,false,false,false,
blas/ext/base/ndarray/czero-to,Fill a one-dimensional single-precision complex floating-point ndarray with linearly spaced numeric elements which increment by 1 starting from zero.,,,false,false,false,
blas/ext/base/ndarray/dcircshift,Circularly shift the elements of a one-dimensional double-precision floating-point ndarray by a specified number of positions.,,,false,false,false,
blas/ext/base/ndarray/dcusum,Compute the cumulative sum of a one-dimensional double-precision floating-point ndarray.,,,false,false,false,
blas/ext/base/ndarray/dcusumkbn,Compute the cumulative sum of a one-dimensional double-precision floating-point ndarray using an improved Kahan–Babuška algorithm.,,,false,false,false,
blas/ext/base/ndarray/dcusumkbn2,Compute the cumulative sum of a one-dimensional double-precision floating-point ndarray using a second-order iterative Kahan–Babuška algorithm.,,,false,false,false,
blas/ext/base/ndarray/dcusumors,Compute the cumulative sum of a one-dimensional double-precision floating-point ndarray using ordinary recursive summation.,,,false,false,false,
blas/ext/base/ndarray/dcusumpw,Compute the cumulative sum of a one-dimensional double-precision floating-point ndarray using pairwise summation.,,,false,false,false,
blas/ext/base/ndarray/dindex-of,Return the first index of a specified search element in a one-dimensional double-precision floating-point ndarray.,,,false,false,false,
blas/ext/base/ndarray/dlast-index-of,Return the last index of a specified search element in a one-dimensional double-precision floating-point ndarray.,,,false,false,false,
blas/ext/base/ndarray/dlinspace,Fill a one-dimensional double-precision floating-point ndarray with linearly spaced values over a specified interval.,,,false,false,false,
blas/ext/base/ndarray/dnansum,"Compute the sum of a one-dimensional double-precision floating-point ndarray, ignoring NaN values.",,,false,true,false,
blas/ext/base/ndarray/dnansumkbn,"Compute the sum of a one-dimensional double-precision floating-point ndarray, ignoring `NaN` values and using an improved Kahan–Babuška algorithm.",,,false,false,false,
blas/ext/base/ndarray/dnansumkbn2,"Compute the sum of a one-dimensional double-precision floating-point ndarray, ignoring `NaN` values and using a second-order iterative Kahan–Babuška algorithm.",,,false,false,false,
blas/ext/base/ndarray/dnansumors,"Compute the sum of a one-dimensional double-precision floating-point ndarray, ignoring `NaN` values and using ordinary recursive summation.",,,false,false,false,
blas/ext/base/ndarray/dnansumpw,"Compute the sum of a one-dimensional double-precision floating-point ndarray, ignoring `NaN` values and using pairwise summation.",,,false,false,false,
blas/ext/base/ndarray/done-to,Fill a one-dimensional double-precision floating-point ndarray with linearly spaced numeric elements which increment by 1 starting from one.,,,false,false,false,
blas/ext/base/ndarray/dsort,Sort a one-dimensional double-precision floating-point ndarray.,,,false,false,false,
blas/ext/base/ndarray/dsorthp,Sort a one-dimensional double-precision floating-point ndarray using heapsort.,,,false,false,false,
blas/ext/base/ndarray/dsortins,Sort a one-dimensional double-precision floating-point ndarray using insertion sort.,,,false,false,false,
blas/ext/base/ndarray/dsortsh,Sort a one-dimensional double-precision floating-point ndarray using Shellsort.,,,false,false,false,
blas/ext/base/ndarray/dsum,Compute the sum of all elements in a one-dimensional double-precision floating-point ndarray.,,,false,true,false,
blas/ext/base/ndarray/dsumkbn,Compute the sum of all elements in a one-dimensional double-precision floating-point ndarray using an improved Kahan–Babuška algorithm.,,,false,false,false,
blas/ext/base/ndarray/dsumkbn2,Compute the sum of all elements in a one-dimensional double-precision floating-point ndarray using a second-order iterative Kahan–Babuška algorithm.,,,false,false,false,
blas/ext/base/ndarray/dsumors,Compute the sum of a one-dimensional double-precision floating-point ndarray using ordinary recursive summation.,,,false,false,false,
blas/ext/base/ndarray/dsumpw,Compute the sum of a one-dimensional double-precision floating-point ndarray using pairwise summation.,,,false,false,false,
blas/ext/base/ndarray/dzero-to,Fill a one-dimensional double-precision floating-point ndarray with linearly spaced numeric elements which increment by 1 starting from zero.,,,false,false,false,
blas/ext/base/ndarray/gcircshift,Circularly shift the elements of a one-dimensional ndarray by a specified number of positions.,,,false,false,false,
blas/ext/base/ndarray/gcusum,Compute the cumulative sum of a one-dimensional ndarray.,,,false,false,false,
blas/ext/base/ndarray/gcusumkbn,Compute the cumulative sum of a one-dimensional ndarray using an improved Kahan–Babuška algorithm.,,,false,false,false,
blas/ext/base/ndarray/gcusumkbn2,Compute the cumulative sum of a one-dimensional ndarray using a second-order iterative Kahan–Babuška algorithm.,,,false,false,false,
blas/ext/base/ndarray/gcusumors,Compute the cumulative sum of a one-dimensional ndarray using ordinary recursive summation.,,,false,false,false,
blas/ext/base/ndarray/gcusumpw,Compute the cumulative sum of a one-dimensional ndarray using pairwise summation.,,,false,false,false,
blas/ext/base/ndarray/gfind-index,Return the index of the first element in a one-dimensional ndarray which passes a test implemented by a predicate function.,,,false,false,false,
blas/ext/base/ndarray/gfind-last-index,Return the index of the last element in a one-dimensional ndarray which passes a test implemented by a predicate function.,,,false,false,false,
blas/ext/base/ndarray/gindex-of,Return the first index of a specified search element in a one-dimensional ndarray.,,,false,false,false,
blas/ext/base/ndarray/gjoin-between,Return a string by joining one-dimensional ndarray elements using a specified separator for each pair of consecutive elements.,,,false,false,false,
blas/ext/base/ndarray/gjoin,Return a string created by joining one-dimensional ndarray elements using a specified separator.,,,false,false,false,
blas/ext/base/ndarray/glast-index-of,Return the last index of a specified search element in a one-dimensional ndarray.,,,false,false,false,
blas/ext/base/ndarray/glinspace,Fill a one-dimensional ndarray with linearly spaced values over a specified interval.,,,false,false,false,
blas/ext/base/ndarray/gnansum,"Compute the sum of a one-dimensional ndarray, ignoring `NaN` values.",,,false,false,false,
blas/ext/base/ndarray/gnansumkbn,"Compute the sum of a one-dimensional ndarray, ignoring `NaN` values and using an improved Kahan–Babuška algorithm.",,,false,false,false,
blas/ext/base/ndarray/gnansumkbn2,"Compute the sum of a one-dimensional ndarray, ignoring `NaN` values and using a second-order iterative Kahan–Babuška algorithm.",,,false,false,false,
blas/ext/base/ndarray/gnansumors,"Compute the sum of a one-dimensional ndarray, ignoring `NaN` values and using ordinary recursive summation.",,,false,false,false,
blas/ext/base/ndarray/gnansumpw,"Compute the sum of a one-dimensional ndarray, ignoring `NaN` values and using pairwise summation.",,,false,false,false,
blas/ext/base/ndarray/gone-to,Fill a one-dimensional ndarray with linearly spaced numeric elements which increment by 1 starting from one.,,,false,false,false,
blas/ext/base/ndarray/gsort,Sort a one-dimensional ndarray.,,,false,false,false,
blas/ext/base/ndarray/gsorthp,Sort a one-dimensional ndarray using heapsort.,,,false,false,false,
blas/ext/base/ndarray/gsum,Compute the sum of all elements in a one-dimensional ndarray.,,,false,false,false,
blas/ext/base/ndarray/gsumkbn,Compute the sum of all elements in a one-dimensional ndarray using an improved Kahan–Babuška algorithm.,,,false,false,false,
blas/ext/base/ndarray/gsumkbn2,Compute the sum of all elements in a one-dimensional ndarray using a second-order iterative Kahan–Babuška algorithm.,,,false,false,false,
blas/ext/base/ndarray/gsumors,Compute the sum of all elements in a one-dimensional ndarray using ordinary recursive summation.,,,false,false,false,
blas/ext/base/ndarray/gsumpw,Compute the sum of all elements in a one-dimensional ndarray using pairwise summation.,,,false,false,false,
blas/ext/base/ndarray/gzero-to,Fill a one-dimensional ndarray with linearly spaced numeric elements which increment by 1 starting from zero.,,,false,false,false,
blas/ext/base/ndarray,Base ndarray extended BLAS functions.,,,false,false,false,
blas/ext/base/ndarray/scircshift,Circularly shift the elements of a one-dimensional single-precision floating-point ndarray by a specified number of positions.,,,false,false,false,
blas/ext/base/ndarray/scusum,Compute the cumulative sum of a one-dimensional single-precision floating-point ndarray.,,,false,false,false,
blas/ext/base/ndarray/scusumkbn,Compute the cumulative sum of a one-dimensional single-precision floating-point ndarray using an improved Kahan–Babuška algorithm.,,,false,false,false,
blas/ext/base/ndarray/scusumkbn2,Compute the cumulative sum of a one-dimensional single-precision floating-point ndarray using a second-order iterative Kahan–Babuška algorithm.,,,false,false,false,
blas/ext/base/ndarray/scusumors,Compute the cumulative sum of a one-dimensional single-precision floating-point ndarray using ordinary recursive summation.,,,false,false,false,
blas/ext/base/ndarray/sindex-of,Return the first index of a specified search element in a one-dimensional single-precision floating-point ndarray.,,,false,false,false,
blas/ext/base/ndarray/slast-index-of,Return the last index of a specified search element in a one-dimensional single-precision floating-point ndarray.,,,false,false,false,
blas/ext/base/ndarray/slinspace,Fill a one-dimensional single-precision floating-point ndarray with linearly spaced values over a specified interval.,,,false,false,false,
blas/ext/base/ndarray/snansum,"Compute the sum of a one-dimensional single-precision floating-point ndarray, ignoring `NaN` values.",,,false,true,false,
blas/ext/base/ndarray/snansumkbn,"Compute the sum of a one-dimensional single-precision floating-point ndarray, ignoring `NaN` values and using an improved Kahan–Babuška algorithm.",,,false,false,false,
blas/ext/base/ndarray/snansumkbn2,"Compute the sum of a one-dimensional single-precision floating-point ndarray, ignoring `NaN` values and using a second-order iterative Kahan–Babuška algorithm.",,,false,false,false,
blas/ext/base/ndarray/snansumors,"Compute the sum of a one-dimensional single-precision floating-point ndarray, ignoring `NaN` values and using ordinary recursive summation.",,,false,false,false,
blas/ext/base/ndarray/snansumpw,"Compute the sum of a one-dimensional single-precision floating-point ndarray, ignoring `NaN` values and using pairwise summation.",,,false,false,false,
blas/ext/base/ndarray/sone-to,Fill a one-dimensional single-precision floating-point ndarray with linearly spaced numeric elements which increment by 1 starting from one.,,,false,false,false,
blas/ext/base/ndarray/ssort,Sort a one-dimensional single-precision floating-point ndarray.,,,false,false,false,
blas/ext/base/ndarray/ssorthp,Sort a one-dimensional single-precision floating-point ndarray using heapsort.,,,false,false,false,
blas/ext/base/ndarray/ssum,Compute the sum of all elements in a one-dimensional single-precision floating-point ndarray.,,,false,true,false,
blas/ext/base/ndarray/ssumkbn,Compute the sum of all elements in a one-dimensional single-precision floating-point ndarray using an improved Kahan-Babuška algorithm.,,,false,false,false,
blas/ext/base/ndarray/ssumkbn2,Compute the sum of all elements in a one-dimensional single-precision floating-point ndarray using a second-order iterative Kahan–Babuška algorithm.,,,false,false,false,
blas/ext/base/ndarray/ssumors,Compute the sum of a one-dimensional single-precision floating-point ndarray using ordinary recursive summation.,,,false,false,false,
blas/ext/base/ndarray/ssumpw,Compute the sum of all elements in a one-dimensional single-precision floating-point ndarray using pairwise summation.,,,false,false,false,
blas/ext/base/ndarray/szero-to,Fill a one-dimensional single-precision floating-point ndarray with linearly spaced numeric elements which increment by 1 starting from zero.,,,false,false,false,
blas/ext/base/ndarray/zone-to,Fill a one-dimensional double-precision complex floating-point ndarray with linearly spaced numeric elements which increment by 1 starting from one.,,,false,false,false,
blas/ext/base/ndarray/zsum,Compute the sum of all elements in a one-dimensional double-precision complex floating-point ndarray.,,,false,true,false,
blas/ext/base/ndarray/zsumkbn,Compute the sum of all elements in a one-dimensional double-precision complex floating-point ndarray using an improved Kahan–Babuška algorithm.,,,false,false,false,
blas/ext/base/ndarray/zzero-to,Fill a one-dimensional double-precision complex floating-point ndarray with linearly spaced numeric elements which increment by 1 starting from zero.,,,false,false,false,
blas/ext/base,"Extended base (i.e., lower-level) basic linear algebra subroutines (BLAS).",,,false,false,false,
blas/ext/base/sapx,Add a scalar constant to each element in a single-precision floating-point strided array.,base.strided.sapx,Function,false,true,false,blas/ext/base/dapx;blas/ext/base/gapx
blas/ext/base/sapxsum,Add a constant to each single-precision floating-point strided array element and compute the sum.,base.strided.sapxsum,Function,false,true,false,blas/ext/base/dapxsum;blas/ext/base/gapxsum;blas/ext/base/sapxsumpw;blas/ext/base/ssum
blas/ext/base/sapxsumkbn,Add a scalar constant to each single-precision floating-point strided array element and compute the sum using an improved Kahan–Babuška algorithm.,base.strided.sapxsumkbn,Function,false,true,false,blas/ext/base/dapxsumkbn;blas/ext/base/gapxsumkbn;blas/ext/base/sapxsum;blas/ext/base/ssumkbn
blas/ext/base/sapxsumkbn2,Add a scalar constant to each single-precision floating-point strided array element and compute the sum using a second-order iterative Kahan–Babuška algorithm.,base.strided.sapxsumkbn2,Function,false,true,false,blas/ext/base/dapxsumkbn2;blas/ext/base/gapxsumkbn2;blas/ext/base/sapxsum;blas/ext/base/ssumkbn2
blas/ext/base/sapxsumors,Add a scalar constant to each single-precision floating-point strided array element and compute the sum using ordinary recursive summation.,base.strided.sapxsumors,Function,false,true,false,blas/ext/base/dapxsumors;blas/ext/base/gapxsumors;blas/ext/base/sapxsum;blas/ext/base/ssumors
blas/ext/base/sapxsumpw,Add a scalar constant to each single-precision floating-point strided array element and compute the sum using pairwise summation.,base.strided.sapxsumpw,Function,false,true,false,blas/ext/base/dapxsumpw;blas/ext/base/gapxsumpw;blas/ext/base/sapxsum;blas/ext/base/ssumpw
blas/ext/base/sasumpw,Calculate the sum of absolute values (L1 norm) of single-precision floating-point strided array elements using pairwise summation.,base.strided.sasumpw,Function,false,true,false,blas/base/sasum;blas/ext/base/dasumpw;blas/ext/base/gasumpw;blas/ext/base/ssumpw
blas/ext/base/scircshift,Circularly shift the elements of a single-precision floating-point strided array by a specified number of positions.,,,false,true,false,
blas/ext/base/scusum,Calculate the cumulative sum of single-precision floating-point strided array elements.,base.strided.scusum,Function,false,true,false,blas/ext/base/dcusum;blas/ext/base/gcusum;blas/ext/base/scusumpw
blas/ext/base/scusumkbn,Calculate the cumulative sum of single-precision floating-point strided array elements using an improved Kahan–Babuška algorithm.,base.strided.scusumkbn,Function,false,true,false,blas/ext/base/dcusumkbn;blas/ext/base/gcusumkbn;blas/ext/base/scusum;blas/ext/base/scusumkbn2
blas/ext/base/scusumkbn2,Calculate the cumulative sum of single-precision floating-point strided array elements using a second-order iterative Kahan–Babuška algorithm.,base.strided.scusumkbn2,Function,false,true,false,blas/ext/base/dcusumkbn2;blas/ext/base/gcusumkbn2;blas/ext/base/scusum;blas/ext/base/scusumkbn
blas/ext/base/scusumors,Calculate the cumulative sum of single-precision floating-point strided array elements using ordinary recursive summation.,base.strided.scusumors,Function,false,true,false,blas/ext/base/dcusumors;blas/ext/base/gcusumors;blas/ext/base/scusum
blas/ext/base/scusumpw,Calculate the cumulative sum of single-precision floating-point strided array elements using pairwise summation.,base.strided.scusumpw,Function,false,true,false,blas/ext/base/dcusumpw;blas/ext/base/gcusumpw;blas/ext/base/scusum
blas/ext/base/sdiff,Calculate the k-th discrete forward difference of a single-precision floating-point strided array.,,,false,true,false,
blas/ext/base/sdsapxsum,Add a scalar constant to each single-precision floating-point strided array element and compute the sum using extended accumulation.,base.strided.sdsapxsum,Function,false,true,false,blas/ext/base/dsapxsum;blas/ext/base/sapxsum;blas/ext/base/sdssum
blas/ext/base/sdsapxsumpw,Add a constant to each single-precision floating-point strided array element and compute the sum using pairwise summation with extended accumulation.,base.strided.sdsapxsumpw,Function,false,true,false,blas/ext/base/dsapxsumpw;blas/ext/base/sapxsumpw;blas/ext/base/sdsapxsum;blas/ext/base/sdssumpw
blas/ext/base/sdsnansum,"Calculate the sum of single-precision floating-point strided array elements, ignoring NaN values and using extended accumulation.",base.strided.sdsnansum,Function,false,true,false,blas/ext/base/dsnansum;blas/ext/base/dnansum;blas/ext/base/gnansum;blas/ext/base/sdssum;blas/ext/base/snansum
blas/ext/base/sdsnansumpw,"Calculate the sum of single-precision floating-point strided array elements, ignoring NaN values and using pairwise summation with extended accumulation.",base.strided.sdsnansumpw,Function,false,true,false,blas/ext/base/dsnansumpw;blas/ext/base/dnansumpw;blas/ext/base/gnansumpw;blas/ext/base/sdsnansum;blas/ext/base/sdssumpw;blas/ext/base/snansumpw
blas/ext/base/sdssum,Calculate the sum of single-precision floating-point strided array elements using extended accumulation.,base.strided.sdssum,Function,false,true,false,blas/ext/base/dssum;blas/ext/base/dsum;blas/ext/base/sdsnansum;blas/ext/base/ssum;blas/ext/base/gsum
blas/ext/base/sdssumpw,Calculate the sum of single-precision floating-point strided array elements using pairwise summation with extended accumulation.,base.strided.sdssumpw,Function,false,true,false,blas/ext/base/dssumpw;blas/ext/base/dsumpw;blas/ext/base/sdsnansumpw;blas/ext/base/sdssum;blas/ext/base/ssumpw;blas/ext/base/gsumpw
blas/ext/base/sfill,Fill a single-precision floating-point strided array with a specified scalar constant.,base.strided.sfill,Function,false,true,false,blas/ext/base/dfill;blas/ext/base/gfill
blas/ext/base/sindex-of-row,Return the index of the first row in a single-precision floating-point input matrix which has the same elements as a provided search vector.,,,false,true,false,
blas/ext/base/sindex-of,Return the first index of a specified search element in a single-precision floating-point strided array.,,,false,true,false,
blas/ext/base/slast-index-of,Return the last index of a specified search element in a single-precision floating-point strided array.,,,false,true,false,
blas/ext/base/slinspace,Fill a single-precision floating-point strided array with linearly spaced values over a specified interval.,,,false,true,false,
blas/ext/base/snancount,Calculate the number of non-NaN elements in a single-precision floating-point strided array.,,,false,true,false,
blas/ext/base/snansum,"Calculate the sum of single-precision floating-point strided array elements, ignoring NaN values.",base.strided.snansum,Function,false,true,false,blas/ext/base/dnansum;blas/ext/base/gnansum;stats/strided/snanmean;blas/ext/base/ssum
blas/ext/base/snansumkbn,"Calculate the sum of single-precision floating-point strided array elements, ignoring NaN values and using an improved Kahan–Babuška algorithm.",base.strided.snansumkbn,Function,false,true,false,blas/ext/base/dnansumkbn;blas/ext/base/gnansumkbn;blas/ext/base/snansum;blas/ext/base/snansumkbn2;blas/ext/base/snansumors;blas/ext/base/snansumpw;blas/ext/base/ssumkbn
blas/ext/base/snansumkbn2,"Calculate the sum of single-precision floating-point strided array elements, ignoring NaN values and using a second-order iterative Kahan–Babuška algorithm.",base.strided.snansumkbn2,Function,false,true,false,blas/ext/base/dnansumkbn2;blas/ext/base/gnansumkbn2;blas/ext/base/snansum;blas/ext/base/snansumkbn;blas/ext/base/snansumors;blas/ext/base/snansumpw;blas/ext/base/ssumkbn2
blas/ext/base/snansumors,"Calculate the sum of single-precision floating-point strided array elements, ignoring NaN values and using ordinary recursive summation.",base.strided.snansumors,Function,false,true,false,blas/ext/base/dnansumors;blas/ext/base/gnansumors;blas/ext/base/snansum;blas/ext/base/snansumkbn2;blas/ext/base/snansumpw;blas/ext/base/ssumors
blas/ext/base/snansumpw,"Calculate the sum of single-precision floating-point strided array elements, ignoring NaN values and using pairwise summation.",base.strided.snansumpw,Function,false,true,false,blas/ext/base/dnansumpw;blas/ext/base/gnansumpw;blas/ext/base/snansum;blas/ext/base/snansumkbn2;blas/ext/base/snansumors;blas/ext/base/ssumpw
blas/ext/base/sone-to,Fill a single-precision floating-point strided array with linearly spaced numeric elements which increment by `1` starting from one.,,,false,true,false,
blas/ext/base/srev,Reverse a single-precision floating-point strided array in-place.,base.strided.srev,Function,false,true,false,blas/ext/base/drev;blas/ext/base/grev
blas/ext/base/ssort,Sort a single-precision floating-point strided array.,,,false,true,false,
blas/ext/base/ssort2hp,Simultaneously sort two single-precision floating-point strided arrays based on the sort order of the first array using heapsort.,base.strided.ssort2hp,Function,false,true,false,blas/ext/base/dsort2hp;blas/ext/base/gsort2hp;blas/ext/base/ssorthp
blas/ext/base/ssort2ins,Simultaneously sort two single-precision floating-point strided arrays based on the sort order of the first array using insertion sort.,base.strided.ssort2ins,Function,false,true,false,blas/ext/base/dsort2ins;blas/ext/base/gsort2ins;blas/ext/base/ssortins
blas/ext/base/ssort2sh,Simultaneously sort two single-precision floating-point strided arrays based on the sort order of the first array using Shellsort.,base.strided.ssort2sh,Function,false,true,false,blas/ext/base/dsort2sh;blas/ext/base/gsort2sh;blas/ext/base/ssortsh
blas/ext/base/ssorthp,Sort a single-precision floating-point strided array using heapsort.,base.strided.ssorthp,Function,false,true,false,blas/ext/base/dsorthp;blas/ext/base/gsorthp;blas/ext/base/ssort2hp
blas/ext/base/ssortins,Sort a single-precision floating-point strided array using insertion sort.,base.strided.ssortins,Function,false,true,false,blas/ext/base/dsortins;blas/ext/base/gsortins;blas/ext/base/ssort2ins
blas/ext/base/ssortsh,Sort a single-precision floating-point strided array using Shellsort.,base.strided.ssortsh,Function,false,true,false,blas/ext/base/dsortsh;blas/ext/base/gsortsh;blas/ext/base/ssort2sh
blas/ext/base/ssum,Calculate the sum of single-precision floating-point strided array elements.,base.strided.ssum,Function,false,true,false,blas/ext/base/dsum;stats/strided/smean;blas/ext/base/snansum;blas/ext/base/gsum
blas/ext/base/ssumkbn,Calculate the sum of single-precision floating-point strided array elements using an improved Kahan–Babuška algorithm.,base.strided.ssumkbn,Function,false,true,false,blas/ext/base/dsumkbn;blas/ext/base/gsumkbn;blas/ext/base/snansumkbn;blas/ext/base/ssum;blas/ext/base/ssumkbn2;blas/ext/base/ssumors;blas/ext/base/ssumpw
blas/ext/base/ssumkbn2,Calculate the sum of single-precision floating-point strided array elements using a second-order iterative Kahan–Babuška algorithm.,base.strided.ssumkbn2,Function,false,true,false,blas/ext/base/dsumkbn2;blas/ext/base/gsumkbn2;blas/ext/base/snansumkbn2;blas/ext/base/ssum;blas/ext/base/ssumkbn;blas/ext/base/ssumors;blas/ext/base/ssumpw
blas/ext/base/ssumors,Calculate the sum of single-precision floating-point strided array elements using ordinary recursive summation.,base.strided.ssumors,Function,false,true,false,blas/ext/base/dsumors;blas/ext/base/gsumors;blas/ext/base/snansumors;blas/ext/base/ssum;blas/ext/base/ssumkbn2;blas/ext/base/ssumpw
blas/ext/base/ssumpw,Calculate the sum of single-precision floating-point strided array elements using pairwise summation.,base.strided.ssumpw,Function,false,true,false,blas/ext/base/dsumpw;blas/ext/base/gsumpw;blas/ext/base/snansumpw;blas/ext/base/ssum;blas/ext/base/ssumkbn2;blas/ext/base/ssumors
blas/ext/base/sunitspace,Fill a single-precision floating-point strided array with linearly spaced numeric elements which increment by `1` starting from a specified value.,,,false,true,false,
blas/ext/base/svander,Generate a single-precision floating-point Vandermonde matrix.,,,false,true,false,
blas/ext/base/szero-to,Fill a single-precision floating-point strided array with linearly spaced numeric elements which increment by `1` starting from zero.,,,false,true,false,
blas/ext/base/wasm/dapx,Add a scalar constant to each element in a double-precision floating-point strided array.,,,false,false,true,
blas/ext/base/wasm/dapxsum,Add a constant to each double-precision floating-point strided array element and compute the sum.,,,false,false,true,
blas/ext/base/wasm/dapxsumkbn,Add a constant to each double-precision floating-point strided array element and compute the sum using an improved Kahan–Babuška algorithm.,,,false,false,true,
blas/ext/base/wasm/dapxsumors,Add a constant to each double-precision floating-point strided array element and compute the sum using ordinary recursive summation.,,,false,false,true,
blas/ext/base/wasm/dapxsumpw,Add a constant to each double-precision floating-point strided array element and compute the sum using pairwise summation.,,,false,false,true,
blas/ext/base/wasm/dasumpw,Calculate the sum of absolute values (L1 norm) of double-precision floating-point strided array elements using pairwise summation.,,,false,false,true,
blas/ext/base/wasm/dnanasumors,"Calculate the sum of absolute values (L1 norm) of double-precision floating-point strided array elements, ignoring NaN values and using ordinary recursive summation.",,,false,false,true,
blas/ext/base/wasm/dnansumkbn2,"Compute the sum of double-precision floating-point strided array elements, ignoring `NaN` values and using a second-order iterative Kahan–Babuška algorithm.",,,false,false,true,
blas/ext/base/wasm/dnansumpw,"Calculate the sum of double-precision floating-point strided array elements, ignoring NaN values and using pairwise summation.",,,false,false,true,
blas/ext/base/wasm,Extensions to basic linear algebra subprograms (BLAS) compiled to WebAssembly.,,,false,false,false,
blas/ext/base/wasm/sapxsumkbn,Add a constant to each single-precision floating-point strided array element and compute the sum using an improved Kahan–Babuška algorithm.,,,false,false,true,
blas/ext/base/zfill,Fill a double-precision complex floating-point strided array with a specified scalar constant.,,,false,true,false,
blas/ext/base/zindex-of-row,Return the index of the first row in a double-precision complex floating-point input matrix which has the same elements as a provided search vector.,,,false,true,false,
blas/ext/base/znancount,Calculate the number of non-NaN elements in a double-precision complex floating-point strided array.,,,false,true,false,
blas/ext/base/zone-to,Fill a double-precision complex floating-point strided array with linearly spaced numeric elements which increment by `1` starting from one.,,,false,true,false,
blas/ext/base/zsum,Calculate the sum of double-precision complex floating-point strided array elements.,,,false,true,false,
blas/ext/base/zsumkbn,Calculate the sum of double-precision complex floating-point strided array elements using an improved Kahan–Babuška algorithm.,,,false,true,false,
blas/ext/base/zunitspace,Fill a double-precision complex floating-point strided array with linearly spaced numeric elements which increment by `1` starting from a specified value.,,,false,true,false,
blas/ext/base/zzero-to,Fill a double-precision complex floating-point strided array with linearly spaced numeric elements which increment by `1` starting from zero.,,,false,true,false,
blas/ext/circshift,Circularly shift the elements of an input ndarray by a specified number of positions along one or more ndarray dimensions.,,,false,false,false,
blas/ext/cusum,Compute the cumulative sum along one or more ndarray dimensions.,,,false,false,false,
blas/ext/find-index,Return the index of the first element along an ndarray dimension which passes a test implemented by a predicate function.,,,false,false,false,
blas/ext/find-last-index,Return the index of the last element along an ndarray dimension which passes a test implemented by a predicate function.,,,false,false,false,
blas/ext/index-of,Return the first index of a specified search element along an ndarray dimension.,,,false,false,false,
blas/ext/join,Return an ndarray created by joining elements using a separator along one or more ndarray dimensions.,,,false,false,false,
blas/ext/last-index-of,Return the last index of a specified search element along an ndarray dimension.,,,false,false,false,
blas/ext/linspace,Return a new ndarray filled with linearly spaced values over a specified interval along one or more ndarray dimensions.,,,false,false,false,
blas/ext/one-to,Return a new ndarray filled with linearly spaced numeric elements which increment by 1 starting from one along one or more ndarray dimensions.,,,false,false,false,
blas/ext,Extended BLAS.,,,false,false,false,
blas/ext/sort,Sort an input ndarray along one or more ndarray dimensions.,,,false,false,false,
blas/ext/sorthp,Sort an input ndarray along one or more ndarray dimensions using heapsort.,,,false,false,false,
blas/ext/sum,Compute the sum along one or more ndarray dimensions.,,,false,false,false,
blas/ext/to-sortedhp,Return a new ndarray containing the elements of an input ndarray sorted along one or more ndarray dimensions using heapsort.,,,false,false,false,
blas/ext/zero-to,Return a new ndarray filled with linearly spaced numeric elements which increment by 1 starting from zero along one or more ndarray dimensions.,,,false,false,false,
blas/gdot,Calculate the dot product of two vectors.,gdot,Function,false,false,false,blas/base/gdot;blas/ddot;blas/sdot
blas/gswap,Interchange two vectors.,gswap,Function,false,false,false,blas/base/gswap;blas/dswap;blas/sswap
blas,BLAS.,,,false,false,false,
blas/sdot,Calculate the dot product of two single-precision floating-point vectors.,sdot,Function,false,false,false,blas/base/sdot;blas/ddot;blas/gdot
blas/sswap,Interchange two single-precision floating-point vectors.,sswap,Function,false,false,false,blas/base/sswap;blas/dswap;blas/gswap
blas/tools,BLAS tools.,,,false,false,false,
blas/tools/swap-factory,Return a function which interchanges two vectors.,,,false,false,false,
boolean/ctor,Boolean constructor.,Boolean,Function,false,false,false,
boolean,Boolean.,,,false,false,false,
buffer/alloc-unsafe,Allocate a buffer having a specified number of bytes.,allocUnsafe,Function,false,false,false,buffer/ctor;buffer/from-array;buffer/from-arraybuffer;buffer/from-buffer;buffer/from-string
buffer/ctor,Buffer.,Buffer,Function,false,false,false,array/buffer
buffer/from-array,Allocate a buffer using an octet array.,array2buffer,Function,false,false,false,buffer/ctor;buffer/from-arraybuffer;buffer/from-buffer;buffer/from-string
buffer/from-arraybuffer,Allocate a buffer from an ArrayBuffer.,arraybuffer2buffer,Function,false,false,false,buffer/ctor;buffer/from-array;buffer/from-buffer;buffer/from-string
buffer/from-buffer,Copy buffer data to a new Buffer instance.,copyBuffer,Function,false,false,false,buffer/alloc-unsafe;buffer/ctor
buffer/from-string,Allocate a buffer containing a provided string.,string2buffer,Function,false,false,false,buffer/ctor;buffer/from-array;buffer/from-arraybuffer;buffer/from-buffer
buffer,Buffer.,,,false,false,false,
buffer/reviver,Revive a JSON-serialized Buffer.,reviveBuffer,Function,false,false,false,buffer/to-json
buffer/to-json,Return a JSON representation of a Buffer.,buffer2json,Function,false,false,false,array/to-json;buffer/reviver
cli/ctor,Command-line interface.,,,false,false,false,
cli,Command-line interface.,,,false,false,false,
complex/base/assert/is-almost-equal,Test whether two complex numbers are approximately equal within a specified number of ULPs (units in the last place).,,,false,false,false,
complex/base/assert/is-almost-same-value,Test whether two complex numbers are approximately the same value within a specified number of ULPs (units in the last place).,,,false,false,false,
complex/base/assert,"Base (i.e., lower-level) complex number assertion functions.",,,false,false,false,
complex/base/cast-return,Wrap a function and casts a function's return value to a complex number.,,,false,false,false,
complex/base,"Base (i.e., lower-level) complex number functions.",,,false,false,false,
complex/base/parse,Parse a string representing a complex number into a complex like object.,,,false,false,false,
complex/base/wrap-function,Wrap a function accepting complex number arguments to support providing both real and complex numbers.,,,false,false,false,
complex/cmplx,Create a complex number.,complex,Function,false,false,false,complex/float64/ctor;complex/float32/ctor
complex/ctors,Complex number constructors.,complexCtors,Function,false,false,false,array/typed-complex-ctors
complex/dtype,Return the data type of a complex number.,complexDataType,Function,false,false,false,array/dtype
complex/dtypes,List of complex number data types.,complexDataTypes,Function,false,false,false,array/typed-complex-dtypes
complex/float32/base/add,Add two single-precision complex floating-point numbers.,base.caddf,Function,false,true,false,complex/float64/base/add;complex/float32/base/mul;complex/float32/base/sub
complex/float32/base/add3,Compute the sum of three single-precision complex floating-point numbers.,,,false,true,false,
complex/float32/base/assert/is-almost-equal,Test whether two single-precision complex floating-point numbers are approximately equal within a specified number of ULPs (units in the last place).,,,false,false,false,
complex/float32/base/assert/is-almost-same-value,Test whether two single-precision complex floating-point numbers are approximately the same value within a specified number of ULPs (units in the last place).,,,false,false,false,
complex/float32/base/assert/is-equal,Test whether two single-precision complex floating-point numbers are equal.,,,false,false,false,
complex/float32/base/assert/is-not-equal,Test whether two single-precision complex floating-point numbers are not equal.,,,false,false,false,
complex/float32/base/assert/is-same-value-zero,Test whether two single-precision complex floating-point numbers are the same value.,,,false,false,false,
complex/float32/base/assert/is-same-value,Test whether two single-precision complex floating-point numbers are the same value.,,,false,false,false,
complex/float32/base/assert,"Base (i.e., lower-level) single-precision complex number assertion functions.",,,false,false,false,
complex/float32/base/identity,Evaluate the identity function for a single-precision complex floating-point number.,base.cidentityf,Function,false,true,false,complex/float64/base/identity;number/float32/base/identity
complex/float32/base/mul-add,Perform a multiply-add operation involving three single-precision complex floating-point numbers.,,,false,true,false,
complex/float32/base/mul,Multiply two single-precision complex floating-point numbers.,base.cmulf,Function,false,true,false,complex/float32/base/add;complex/float64/base/mul;complex/float32/base/sub
complex/float32/base/neg,Negate a single-precision complex floating-point number.,base.cnegf,Function,false,true,false,complex/float64/base/neg;math/base/special/cabsf
complex/float32/base,"Base (i.e., lower-level) single-precision complex number functions.",,,false,false,false,
complex/float32/base/scale,Scale a single-precision complex floating-point number by a real-valued single-precision floating-point scalar constant.,,,false,true,false,
complex/float32/base/sub,Subtract two single-precision complex floating-point numbers.,base.csubf,Function,false,true,false,complex/float32/base/add;complex/float32/base/mul;complex/float64/base/sub
complex/float32/conj,Return the complex conjugate of a single-precision complex floating-point number.,conjf,Function,false,false,false,complex/float64/conj;complex/float32/imag;complex/float32/real;complex/float32/reim
complex/float32/ctor,64-bit complex number.,Complex64,Function,false,false,false,complex/cmplx;complex/float64/ctor
complex/float32/imag,Return the imaginary component of a single-precision complex floating-point number.,imagf,Function,false,false,false,complex/float64/imag;complex/float32/real;complex/float32/reim
complex/float32,Single-precision complex number functions.,,,false,false,false,
complex/float32/parse,Parse a string representation of a 64-bit complex number.,,,false,false,false,
complex/float32/real,Return the real component of a single-precision complex floating-point number.,realf,Function,false,false,false,complex/float32/imag;complex/float64/real;complex/float32/reim
complex/float32/reim,Return the real and imaginary components of a single-precision complex floating-point number.,reimf,Function,false,false,false,complex/float32/imag;complex/float32/real;complex/float64/reim
complex/float32/reviver,Revive a JSON-serialized 64-bit complex number.,reviveComplex64,Function,false,false,false,complex/float32/ctor;complex/float64/reviver;complex/reviver
complex/float64/base/add,Add two double-precision complex floating-point numbers.,base.cadd,Function,false,true,false,complex/float64/base/div;complex/float64/base/mul;complex/float64/base/sub
complex/float64/base/add3,Compute the sum of three double-precision complex floating-point numbers.,,,false,true,false,
complex/float64/base/assert/is-almost-equal,Test whether two double-precision complex floating-point numbers are approximately equal within a specified number of ULPs (units in the last place).,,,false,false,false,
complex/float64/base/assert/is-almost-same-value,Test whether two double-precision complex floating-point numbers are approximately the same value within a specified number of ULPs (units in the last place).,,,false,false,false,
complex/float64/base/assert/is-equal,Test whether two double-precision complex floating-point numbers are equal.,,,false,false,false,
complex/float64/base/assert/is-not-equal,Test whether two double-precision complex floating-point numbers are not equal.,,,false,false,false,
complex/float64/base/assert/is-same-value-zero,Test whether two double-precision complex floating-point numbers are the same value.,,,false,false,false,
complex/float64/base/assert/is-same-value,Test whether two double-precision complex floating-point numbers are the same value.,,,false,false,false,
complex/float64/base/assert,"Base (i.e., lower-level) double-precision complex number assertion functions.",,,false,false,false,
complex/float64/base/div,Divide two complex numbers.,base.cdiv,Function,false,true,false,complex/float64/base/add;complex/float64/base/mul;complex/float64/base/sub
complex/float64/base/identity,Evaluate the identity function for a double-precision complex floating-point number.,base.cidentity,Function,false,true,false,complex/float32/base/identity;number/float64/base/identity
complex/float64/base/mul-add,Perform a multiply-add operation involving three double-precision complex floating-point numbers.,,,false,true,false,
complex/float64/base/mul,Multiply two double-precision complex floating-point numbers.,base.cmul,Function,false,true,false,complex/float64/base/add;complex/float64/base/div;complex/float64/base/sub
complex/float64/base/neg,Negate a double-precision complex floating-point number.,base.cneg,Function,false,true,false,math/base/special/cabs
complex/float64/base,"Base (i.e., lower-level) double-precision complex number functions.",,,false,false,false,
complex/float64/base/scale,Scale a double-precision complex floating-point number by a real-valued double-precision floating-point scalar constant.,,,false,true,false,
complex/float64/base/sub,Subtract two double-precision complex floating-point numbers.,base.csub,Function,false,true,false,complex/float64/base/add;complex/float64/base/div;complex/float64/base/mul
complex/float64/conj,Return the complex conjugate of a double-precision complex floating-point number.,conj,Function,false,true,false,complex/float64/imag;complex/float64/real;complex/float64/reim
complex/float64/ctor,128-bit complex number.,Complex128,Function,false,false,false,complex/cmplx;complex/float32/ctor
complex/float64/imag,Return the imaginary component of a double-precision complex floating-point number.,imag,Function,false,false,false,complex/float64/real;complex/float64/reim
complex/float64,Double-precision complex number functions.,,,false,false,false,
complex/float64/parse,Parse a string representation of a 128-bit complex number.,,,false,false,false,
complex/float64/real,Return the real component of a double-precision complex floating-point number.,real,Function,false,false,false,complex/float64/imag;complex/float64/reim
complex/float64/reim,Return the real and imaginary components of a double-precision complex floating-point number.,reim,Function,false,false,false,complex/float64/imag;complex/float64/real
complex/float64/reviver,Revive a JSON-serialized 128-bit complex number.,reviveComplex128,Function,false,false,false,complex/float64/ctor;complex/float32/reviver;complex/reviver
complex,Complex numbers.,,,false,false,false,
complex/promotion-rules,Return the complex number data type with the smallest size and closest kind to which data types can be safely cast.,complexPromotionRules,Function,false,false,false,array/promotion-rules;ndarray/promotion-rules
complex/reviver,Revive a JSON-serialized complex number.,reviveComplex,Function,false,false,false,complex/float64/ctor;complex/float32/ctor;complex/float64/reviver;complex/float32/reviver
console/log-each-map,Insert array element values and the result of a callback function into a format string and print the result.,,,false,false,false,
console/log-each,Insert array element values into a format string and print the result.,,,false,false,false,
console/log,Output a message to the debugger console.,,,false,false,false,
console,Debugger console.,,,false,false,false,
constants/array/max-array-length,Maximum length for a generic array.,MAX_ARRAY_LENGTH,number,false,false,false,constants/array/max-typed-array-length
constants/array/max-typed-array-length,Maximum length for a typed array.,MAX_TYPED_ARRAY_LENGTH,number,false,false,false,constants/array/max-array-length
constants/array,Array constants.,,,false,false,false,
constants/complex128/nan,Canonical double-precision complex floating-point NaN.,COMPLEX128_NAN,number,false,false,false,constants/complex64/nan
constants/complex128/num-bytes,Size (in bytes) of a 128-bit complex number.,COMPLEX128_NUM_BYTES,number,false,false,false,constants/complex64/num-bytes;constants/float64/num-bytes
constants/complex128,128-bit complex number mathematical constants.,,,false,false,false,
constants/complex128/zero,Double-precision complex floating-point zero.,COMPLEX128_ZERO,number,false,false,false,constants/complex64/zero
constants/complex64/nan,Canonical single-precision complex floating-point NaN.,COMPLEX64_NAN,number,false,false,false,constants/complex128/nan
constants/complex64/num-bytes,Size (in bytes) of a 64-bit complex number.,COMPLEX64_NUM_BYTES,number,false,false,false,constants/complex128/num-bytes;constants/float32/num-bytes
constants/complex64,64-bit complex number mathematical constants.,,,false,false,false,
constants/complex64/zero,Single-precision complex floating-point zero.,COMPLEX64_ZERO,number,false,false,false,constants/complex128/zero
constants/float16/abs-mask,Mask for excluding the sign bit of a half-precision floating-point number.,,,false,false,false,
constants/float16/apery,Half-precision (float16) approximation of Apéry's constant.,,,false,false,false,
constants/float16/catalan,Catalan's constant.,,,false,false,false,
constants/float16/cbrt-eps,Cube root of half-precision floating-point epsilon.,FLOAT16_CBRT_EPS,number,false,false,false,constants/float16/eps;constants/float16/sqrt-eps;constants/float32/cbrt-eps;constants/float64/cbrt-eps
constants/float16/e,Half-precision (float16) approximation of Euler's number.,,,false,false,false,
constants/float16/eps,Difference between one and the smallest value greater than one that can be represented as a half-precision floating-point number.,FLOAT16_EPS,number,false,false,false,constants/float32/eps;constants/float64/eps
constants/float16/eulergamma,Half-precision (float16) approximation of the Euler–Mascheroni constant.,,,false,false,false,
constants/float16/exponent-bias,The bias of a half-precision floating-point number's exponent.,FLOAT16_EXPONENT_BIAS,number,false,false,false,constants/float32/exponent-bias;constants/float64/exponent-bias
constants/float16/exponent-mask,Mask for the exponent of a half-precision floating-point number.,,,false,false,false,
constants/float16/fourth-pi,1/4 times π.,,,false,false,false,
constants/float16/half-ln-two,One half times the natural logarithm of 2 as a half-precision floating-point number.,,,false,false,false,
constants/float16/half-pi,1/2 times π.,,,false,false,false,
constants/float16/ln-half,Natural logarithm of 1/2 as a half-precision floating-point number,,,false,false,false,
constants/float16/ln-pi,Natural logarithm of π as a half-precision floating-point number.,,,false,false,false,
constants/float16/ln-sqrt-two-pi,Natural logarithm of the square root of 2π.,,,false,false,false,
constants/float16/ln-ten,Natural logarithm of `10` as a half-precision floating-point number.,,,false,false,false,
constants/float16/ln-two-pi,Natural logarithm of 2π.,,,false,false,false,
constants/float16/ln-two,Natural logarithm of 2 as a half-precision floating-point number.,,,false,false,false,
constants/float16/log10-e,Base 10 logarithm of Euler's number.,,,false,false,false,
constants/float16/log2-e,Base 2 logarithm of Euler's number.,,,false,false,false,
constants/float16/max-base10-exponent-subnormal,The maximum base 10 exponent for a subnormal half-precision floating-point number.,,,false,false,false,
constants/float16/max-base10-exponent,The maximum base 10 exponent for a half-precision floating-point number.,,,false,false,false,
constants/float16/max-base2-exponent-subnormal,The maximum biased base 2 exponent for a subnormal half-precision floating-point number.,,,false,false,false,
constants/float16/max-base2-exponent,The maximum biased base 2 exponent for a half-precision floating-point number.,,,false,false,false,
constants/float16/max-ln,Natural logarithm of the maximum half-precision floating-point number.,,,false,false,false,
constants/float16/max-safe-integer,Maximum safe half-precision floating-point integer.,FLOAT16_MAX_SAFE_INTEGER,number,false,false,false,constants/float16/min-safe-integer;constants/float32/max-safe-integer;constants/float64/max-safe-integer
constants/float16/max,Maximum half-precision floating-point number.,FLOAT16_MAX,number,false,false,false,constants/float32/max;constants/float64/max
constants/float16/min-base10-exponent-subnormal,The minimum base 10 exponent for a subnormal half-precision floating-point number.,,,false,false,false,
constants/float16/min-base10-exponent,The minimum base 10 exponent for a normal half-precision floating-point number.,,,false,false,false,
constants/float16/min-base2-exponent-subnormal,The minimum biased base 2 exponent for a subnormal half-precision floating-point number.,,,false,false,false,
constants/float16/min-base2-exponent,The minimum biased base 2 exponent for a normal half-precision floating-point number.,,,false,false,false,
constants/float16/min-ln,Natural logarithm of the smallest normalized half-precision floating-point number.,,,false,false,false,
constants/float16/min-safe-integer,Minimum safe half-precision floating-point integer.,FLOAT16_MIN_SAFE_INTEGER,number,false,false,false,constants/float16/max-safe-integer;constants/float32/min-safe-integer;constants/float64/min-safe-integer
constants/float16/nan,Half-precision floating-point NaN.,,,false,false,false,
constants/float16/ninf,Half-precision floating-point negative infinity.,FLOAT16_NINF,number,false,false,false,constants/float16/pinf;constants/float32/ninf;constants/float64/ninf
constants/float16/num-bytes,Size (in bytes) of a half-precision floating-point number.,FLOAT16_NUM_BYTES,number,false,false,false,constants/float32/num-bytes;constants/float64/num-bytes
constants/float16/num-exponent-bits,Number of exponent bits for a half-precision floating-point number.,,,false,false,false,
constants/float16/num-significand-bits,Number of significand bits for a half-precision floating-point number.,,,false,false,false,
constants/float16,Half-precision floating-point mathematical constants.,,,false,false,false,
constants/float16/phi,Half-precision (float16) approximation of the golden ratio (φ).,,,false,false,false,
constants/float16/pi-squared,π².,,,false,false,false,
constants/float16/pi,π.,,,false,false,false,
constants/float16/pinf,Half-precision floating-point positive infinity.,FLOAT16_PINF,number,false,false,false,constants/float16/ninf;constants/float32/pinf;constants/float64/pinf
constants/float16/precision,Effective number of bits in the significand of a half-precision floating-point number.,FLOAT16_PRECISION,number,false,false,false,constants/float32/precision;constants/float64/precision
constants/float16/sign-mask,Mask for the sign bit of a half-precision floating-point number.,,,false,false,false,
constants/float16/significand-mask,Mask for the significand of a half-precision floating-point number.,,,false,false,false,
constants/float16/smallest-normal,Smallest positive normalized half-precision floating-point number.,FLOAT16_SMALLEST_NORMAL,number,false,false,false,constants/float16/smallest-subnormal;constants/float32/smallest-normal;constants/float64/smallest-normal
constants/float16/smallest-subnormal,Smallest positive half-precision floating-point subnormal number.,FLOAT16_SMALLEST_SUBNORMAL,number,false,false,false,constants/float16/smallest-normal;constants/float32/smallest-subnormal;constants/float64/smallest-subnormal
constants/float16/sqrt-eps,Square root of half-precision floating-point epsilon.,FLOAT16_SQRT_EPS,number,false,false,false,constants/float16/eps;constants/float32/sqrt-eps;constants/float64/sqrt-eps
constants/float16/sqrt-half,Square root of 1/2 as a half-precision floating-point number.,,,false,false,false,
constants/float16/sqrt-three,Square root of 3 as a half-precision floating-point number.,,,false,false,false,
constants/float16/sqrt-two-pi,Square root of 2π as a half-precision floating-point number.,,,false,false,false,
constants/float16/sqrt-two,Half-precision (float16) approximation of the square root of 2.,,,false,false,false,
constants/float16/two-pi,2π.,,,false,false,false,
constants/float32/abs-mask,Mask for excluding the sign bit of a single-precision floating-point number.,FLOAT32_ABS_MASK,number,false,false,false,constants/float32/exponent-mask;constants/float32/sign-mask;constants/float32/significand-mask
constants/float32/apery,Apéry's constant.,,,false,false,false,
constants/float32/catalan,Catalan's constant.,,,false,false,false,
constants/float32/cbrt-eps,Cube root of single-precision floating-point epsilon.,FLOAT32_CBRT_EPS,number,false,false,false,constants/float32/eps;constants/float32/sqrt-eps;constants/float64/cbrt-eps
constants/float32/e,Euler's number.,FLOAT32_E,number,false,false,false,constants/float64/e
constants/float32/eps,Difference between one and the smallest value greater than one that can be represented as a single-precision floating-point number.,FLOAT32_EPS,number,false,false,false,constants/float64/eps
constants/float32/eulergamma,The Euler-Mascheroni constant.,,,false,false,false,
constants/float32/exponent-bias,The bias of a single-precision floating-point number's exponent.,FLOAT32_EXPONENT_BIAS,number,false,false,false,constants/float16/exponent-bias;constants/float64/exponent-bias
constants/float32/exponent-mask,Mask for the exponent of a single-precision floating-point number.,FLOAT32_EXPONENT_MASK,number,false,false,false,constants/float32/sign-mask;constants/float32/significand-mask;constants/float32/abs-mask
constants/float32/fourth-pi,1/4 times π.,FLOAT32_FOURTH_PI,number,false,false,false,constants/float32/half-pi;constants/float32/pi;constants/float32/two-pi
constants/float32/fourth-root-eps,Fourth root of single-precision floating-point epsilon.,,,false,false,false,
constants/float32/gamma-lanczos-g,Arbitrary constant `g` to be used in Lanczos approximation functions.,,,false,false,false,
constants/float32/glaisher-kinkelin,Glaisher-Kinkelin constant.,,,false,false,false,
constants/float32/half-ln-two,One half times the natural logarithm of 2 as a single-precision floating-point number.,FLOAT32_HALF_LN_TWO,number,false,false,false,constants/float64/half-ln-two
constants/float32/half-pi,1/2 times π.,FLOAT32_HALF_PI,number,false,false,false,constants/float32/fourth-pi;constants/float32/pi;constants/float32/two-pi
constants/float32/ln-half,Natural logarithm of 1/2 as a single-precision floating-point number,FLOAT32_LN_HALF,number,false,false,false,constants/float64/ln-half
constants/float32/ln-pi,Natural logarithm of π as a single-precision floating-point number.,FLOAT32_LN_PI,number,false,false,false,constants/float32/pi;constants/float64/ln-pi
constants/float32/ln-sqrt-two-pi,Natural logarithm of the square root of 2π.,,,false,false,false,
constants/float32/ln-ten,Natural logarithm of `10` as a single-precision floating-point number.,FLOAT32_LN_TEN,number,false,false,false,constants/float32/ln-two;constants/float64/ln-ten
constants/float32/ln-two-pi,Natural logarithm of 2π.,,,false,false,false,
constants/float32/ln-two,Natural logarithm of 2 as a single-precision floating-point number.,FLOAT32_LN_TWO,number,false,false,false,constants/float32/ln-ten;constants/float64/ln-two
constants/float32/log10-e,Base 10 logarithm of Euler's number.,,,false,false,false,
constants/float32/log2-e,Base 2 logarithm of Euler's number.,,,false,false,false,
constants/float32/max-base10-exponent-subnormal,The maximum base 10 exponent for a subnormal single-precision floating-point number.,FLOAT32_MAX_BASE10_EXPONENT_SUBNORMAL,number,false,false,false,constants/float32/max-base10-exponent;constants/float64/max-base10-exponent-subnormal
constants/float32/max-base10-exponent,The maximum base 10 exponent for a single-precision floating-point number.,FLOAT32_MAX_BASE10_EXPONENT,number,false,false,false,constants/float32/max-base10-exponent-subnormal;constants/float64/max-base10-exponent
constants/float32/max-base2-exponent-subnormal,The maximum biased base 2 exponent for a subnormal single-precision floating-point number.,FLOAT32_MAX_BASE2_EXPONENT_SUBNORMAL,number,false,false,false,constants/float32/max-base2-exponent;constants/float64/max-base2-exponent-subnormal
constants/float32/max-base2-exponent,The maximum biased base 2 exponent for a single-precision floating-point number.,FLOAT32_MAX_BASE2_EXPONENT,number,false,false,false,constants/float32/max-base2-exponent-subnormal;constants/float64/max-base2-exponent
constants/float32/max-ln,Natural logarithm of the maximum single-precision floating-point number.,,,false,false,false,
constants/float32/max-nth-double-factorial,Maximum nth double factorial when stored in single-precision floating-point format.,,,false,false,false,
constants/float32/max-nth-factorial,Maximum nth factorial when stored in single-precision floating-point format.,,,false,false,false,
constants/float32/max-safe-fibonacci,Maximum safe Fibonacci number when stored in single-precision floating-point format.,FLOAT32_MAX_SAFE_FIBONACCI,number,false,false,false,constants/float64/max-safe-fibonacci
constants/float32/max-safe-integer,Maximum safe single-precision floating-point integer.,FLOAT32_MAX_SAFE_INTEGER,number,false,false,false,constants/float16/max-safe-integer;constants/float32/min-safe-integer;constants/float64/max-safe-integer
constants/float32/max-safe-lucas,Maximum safe Lucas number when stored in single-precision floating-point format.,,,false,false,false,
constants/float32/max-safe-nth-double-factorial,Maximum safe nth double factorial when stored in single-precision floating-point format.,,,false,false,false,
constants/float32/max-safe-nth-factorial,Maximum safe nth factorial when stored in single-precision floating-point format.,FLOAT32_MAX_SAFE_NTH_FACTORIAL,number,false,false,false,
constants/float32/max-safe-nth-fibonacci,Maximum safe nth Fibonacci number when stored in single-precision floating-point format.,FLOAT32_MAX_SAFE_NTH_FIBONACCI,number,false,false,false,constants/float64/max-safe-nth-fibonacci
constants/float32/max-safe-nth-lucas,Maximum safe nth Lucas number when stored in single-precision floating-point format.,FLOAT32_MAX_SAFE_NTH_LUCAS,number,false,false,false,constants/float64/max-safe-nth-lucas
constants/float32/max-safe-nth-tribonacci,Maximum safe nth Tribonacci number when stored in single-precision floating-point format.,,,false,false,false,
constants/float32/max,Maximum single-precision floating-point number.,FLOAT32_MAX,number,false,false,false,constants/float16/max;constants/float64/max
constants/float32/min-base10-exponent-subnormal,The minimum base 10 exponent for a subnormal single-precision floating-point number.,FLOAT32_MIN_BASE10_EXPONENT_SUBNORMAL,number,false,false,false,constants/float32/min-base10-exponent;constants/float64/min-base10-exponent-subnormal
constants/float32/min-base10-exponent,The minimum base 10 exponent for a normal single-precision floating-point number.,FLOAT32_MIN_BASE10_EXPONENT,number,false,false,false,constants/float32/min-base10-exponent-subnormal;constants/float64/min-base10-exponent
constants/float32/min-base2-exponent-subnormal,The minimum biased base 2 exponent for a subnormal single-precision floating-point number.,FLOAT32_MIN_BASE2_EXPONENT_SUBNORMAL,number,false,false,false,constants/float32/min-base2-exponent;constants/float64/min-base2-exponent-subnormal
constants/float32/min-base2-exponent,The minimum biased base 2 exponent for a normal single-precision floating-point number.,FLOAT32_MIN_BASE2_EXPONENT,number,false,false,false,constants/float32/min-base2-exponent-subnormal;constants/float64/min-base2-exponent
constants/float32/min-ln,Natural logarithm of the smallest normalized single-precision floating-point number.,,,false,false,false,
constants/float32/min-safe-integer,Minimum safe single-precision floating-point integer.,FLOAT32_MIN_SAFE_INTEGER,number,false,false,false,constants/float16/min-safe-integer;constants/float32/max-safe-integer;constants/float64/min-safe-integer
constants/float32/nan,Single-precision floating-point NaN.,FLOAT32_NAN,number,false,false,false,constants/float64/nan
constants/float32/ninf,Single-precision floating-point negative infinity.,FLOAT32_NINF,number,false,false,false,constants/float32/pinf;constants/float64/ninf
constants/float32/num-bytes,Size (in bytes) of a single-precision floating-point number.,FLOAT32_NUM_BYTES,number,false,false,false,constants/float16/num-bytes;constants/float64/num-bytes
constants/float32/num-exponent-bits,Number of exponent bits for a single-precision floating-point number.,,,false,false,false,
constants/float32/num-significand-bits,Number of significand bits for a single-precision floating-point number.,,,false,false,false,
constants/float32,Single-precision floating-point mathematical constants.,,,false,false,false,
constants/float32/phi,Golden ratio.,FLOAT32_PHI,number,false,false,false,constants/float64/phi
constants/float32/pi-squared,π².,,,false,false,false,
constants/float32/pi,π.,FLOAT32_PI,number,false,false,false,constants/float32/fourth-pi;constants/float32/half-pi;constants/float32/two-pi
constants/float32/pinf,Single-precision floating-point positive infinity.,FLOAT32_PINF,number,false,false,false,constants/float32/ninf;constants/float64/pinf
constants/float32/precision,Effective number of bits in the significand of a single-precision floating-point number.,FLOAT32_PRECISION,number,false,false,false,constants/float16/precision;constants/float64/precision
constants/float32/sign-mask,Mask for the sign bit of a single-precision floating-point number.,FLOAT32_SIGN_MASK,number,false,false,false,constants/float32/exponent-mask;constants/float32/significand-mask;constants/float32/abs-mask
constants/float32/significand-mask,Mask for the significand of a single-precision floating-point number.,FLOAT32_SIGNIFICAND_MASK,number,false,false,false,constants/float32/exponent-mask;constants/float32/sign-mask;constants/float32/abs-mask
constants/float32/smallest-normal,Smallest positive normalized single-precision floating-point number.,FLOAT32_SMALLEST_NORMAL,number,false,false,false,constants/float32/smallest-subnormal;constants/float64/smallest-normal
constants/float32/smallest-subnormal,Smallest positive single-precision floating-point subnormal number.,FLOAT32_SMALLEST_SUBNORMAL,number,false,false,false,constants/float32/smallest-normal;constants/float64/smallest-subnormal
constants/float32/sqrt-eps,Square root of single-precision floating-point epsilon.,FLOAT32_SQRT_EPS,number,false,false,false,constants/float32/eps;constants/float64/sqrt-eps
constants/float32/sqrt-half-pi,Square root of 0.5π as a single-precision floating-point number.,FLOAT32_SQRT_HALF_PI,number,false,false,false,constants/float64/sqrt-half-pi
constants/float32/sqrt-half,Square root of 1/2 as a single-precision floating-point number.,FLOAT32_SQRT_HALF,number,false,false,false,constants/float64/sqrt-half
constants/float32/sqrt-phi,Square root of the golden ratio as a single-precision floating-point number.,FLOAT32_SQRT_PHI,number,false,false,false,constants/float64/sqrt-phi
constants/float32/sqrt-pi,Square root of the mathematical constant π as a single-precision floating-point number.,FLOAT32_SQRT_PI,number,false,false,false,constants/float32/pi;constants/float64/sqrt-pi
constants/float32/sqrt-three,Square root of 3 as a single-precision floating-point number.,FLOAT32_SQRT_THREE,number,false,false,false,constants/float32/sqrt-two;constants/float64/sqrt-three
constants/float32/sqrt-two-pi,Square root of 2π as a single-precision floating-point number.,FLOAT32_SQRT_TWO_PI,number,false,false,false,constants/float32/pi;constants/float32/two-pi;constants/float64/sqrt-two-pi
constants/float32/sqrt-two,Square root of `2` as a single-precision floating-point number.,FLOAT32_SQRT_TWO,number,false,false,false,constants/float32/sqrt-three;constants/float64/sqrt-two
constants/float32/two-pi,2π.,FLOAT32_TWO_PI,number,false,false,false,constants/float32/fourth-pi;constants/float32/half-pi;constants/float32/pi
constants/float64/apery,Apéry's constant.,APERY,number,false,false,false,
constants/float64/catalan,Catalan's constant.,CATALAN,number,false,false,false,
constants/float64/cbrt-eps,Cube root of double-precision floating-point epsilon.,CBRT_EPS,number,false,false,false,constants/float64/eps;constants/float64/sqrt-eps
constants/float64/e,Euler's number.,E,number,false,false,false,
constants/float64/eps,Difference between one and the smallest value greater than one that can be represented as a double-precision floating-point number.,EPS,number,false,false,false,constants/float32/eps
constants/float64/eulergamma,The Euler-Mascheroni constant.,EULERGAMMA,number,false,false,false,
constants/float64/exponent-bias,The bias of a double-precision floating-point number's exponent.,FLOAT64_EXPONENT_BIAS,number,false,false,false,constants/float16/exponent-bias;constants/float32/exponent-bias
constants/float64/fourth-pi,1/4 times π.,FOURTH_PI,number,false,false,false,constants/float64/pi
constants/float64/fourth-root-eps,Fourth root of double-precision floating-point epsilon.,FOURTH_ROOT_EPS,number,false,false,false,constants/float64/eps
constants/float64/gamma-lanczos-g,Arbitrary constant `g` to be used in Lanczos approximation functions.,GAMMA_LANCZOS_G,number,false,false,false,
constants/float64/glaisher-kinkelin,Glaisher-Kinkelin constant.,GLAISHER,number,false,false,false,
constants/float64/half-ln-two,One half times the natural logarithm of 2.,HALF_LN2,number,false,false,false,constants/float64/ln-two
constants/float64/half-pi,1/2 times π.,HALF_PI,number,false,false,false,constants/float64/pi
constants/float64/high-word-abs-mask,High word mask for excluding the sign bit of a double-precision floating-point number.,FLOAT64_HIGH_WORD_ABS_MASK,number,false,false,false,constants/float64/high-word-sign-mask;constants/float64/high-word-exponent-mask;constants/float64/high-word-significand-mask
constants/float64/high-word-exponent-mask,High word mask for the exponent of a double-precision floating-point number.,FLOAT64_HIGH_WORD_EXPONENT_MASK,number,false,false,false,constants/float64/high-word-significand-mask;constants/float64/high-word-sign-mask;constants/float64/high-word-abs-mask
constants/float64/high-word-sign-mask,High word mask for the sign bit of a double-precision floating-point number.,FLOAT64_HIGH_WORD_SIGN_MASK,number,false,false,false,constants/float64/high-word-exponent-mask;constants/float64/high-word-significand-mask;constants/float64/high-word-abs-mask
constants/float64/high-word-significand-mask,High word mask for the significand of a double-precision floating-point number.,FLOAT64_HIGH_WORD_SIGNIFICAND_MASK,number,false,false,false,constants/float64/high-word-exponent-mask;constants/float64/high-word-sign-mask;constants/float64/high-word-abs-mask
constants/float64/ln-half,Natural logarithm of 1/2.,LN_HALF,number,false,false,false,
constants/float64/ln-pi,Natural logarithm of π.,LN_PI,number,false,false,false,constants/float64/pi
constants/float64/ln-sqrt-two-pi,Natural logarithm of the square root of 2π.,LN_SQRT_TWO_PI,number,false,false,false,constants/float64/pi
constants/float64/ln-ten,Natural logarithm of 10.,LN10,number,false,false,false,constants/float64/ln-two
constants/float64/ln-two-pi,Natural logarithm of 2π.,LN_TWO_PI,number,false,false,false,constants/float64/two-pi
constants/float64/ln-two,Natural logarithm of 2.,LN2,number,false,false,false,constants/float64/ln-ten
constants/float64/log10-e,Base 10 logarithm of Euler's number.,LOG10E,number,false,false,false,constants/float64/e;constants/float64/log2-e
constants/float64/log2-e,Base 2 logarithm of Euler's number.,LOG2E,number,false,false,false,constants/float64/e;constants/float64/log10-e
constants/float64/max-base10-exponent-subnormal,The maximum base 10 exponent for a subnormal double-precision floating-point number.,FLOAT64_MAX_BASE10_EXPONENT_SUBNORMAL,number,false,false,false,constants/float64/max-base10-exponent;constants/float64/max-base2-exponent-subnormal;constants/float64/min-base10-exponent-subnormal
constants/float64/max-base10-exponent,The maximum base 10 exponent for a double-precision floating-point number.,FLOAT64_MAX_BASE10_EXPONENT,number,false,false,false,constants/float64/max-base10-exponent-subnormal;constants/float64/max-base2-exponent;constants/float64/min-base10-exponent
constants/float64/max-base2-exponent-subnormal,The maximum biased base 2 exponent for a subnormal double-precision floating-point number.,FLOAT64_MAX_BASE2_EXPONENT_SUBNORMAL,number,false,false,false,constants/float64/max-base10-exponent-subnormal;constants/float64/max-base2-exponent;constants/float64/min-base2-exponent-subnormal
constants/float64/max-base2-exponent,The maximum biased base 2 exponent for a double-precision floating-point number.,FLOAT64_MAX_BASE2_EXPONENT,number,false,false,false,constants/float64/max-base10-exponent;constants/float64/max-base2-exponent-subnormal;constants/float64/min-base2-exponent
constants/float64/max-ln,Natural logarithm of the maximum double-precision floating-point number.,FLOAT64_MAX_LN,number,false,false,false,constants/float64/min-ln
constants/float64/max-nth-double-factorial,Maximum nth double factorial when stored in double-precision floating-point format.,,,false,false,false,
constants/float64/max-nth-factorial,Maximum nth factorial when stored in double-precision floating-point format.,,,false,false,false,
constants/float64/max-safe-fibonacci,Maximum safe Fibonacci number when stored in double-precision floating-point format.,FLOAT64_MAX_SAFE_FIBONACCI,number,false,false,false,constants/float64/max-safe-nth-fibonacci
constants/float64/max-safe-integer,Maximum safe double-precision floating-point integer.,FLOAT64_MAX_SAFE_INTEGER,number,false,false,false,constants/float16/max-safe-integer;constants/float32/max-safe-integer;constants/float64/min-safe-integer
constants/float64/max-safe-lucas,Maximum safe Lucas number when stored in double-precision floating-point format.,FLOAT64_MAX_SAFE_LUCAS,number,false,false,false,constants/float64/max-safe-fibonacci;constants/float64/max-safe-nth-lucas
constants/float64/max-safe-nth-double-factorial,Maximum safe nth double factorial when stored in double-precision floating-point format.,,,false,false,false,
constants/float64/max-safe-nth-factorial,Maximum safe nth factorial when stored in double-precision floating-point format.,,,false,false,false,
constants/float64/max-safe-nth-fibonacci,Maximum safe nth Fibonacci number when stored in double-precision floating-point format.,FLOAT64_MAX_SAFE_NTH_FIBONACCI,number,false,false,false,constants/float64/max-safe-fibonacci
constants/float64/max-safe-nth-lucas,Maximum safe nth Lucas number when stored in double-precision floating-point format.,FLOAT64_MAX_SAFE_NTH_LUCAS,number,false,false,false,constants/float64/max-safe-lucas;constants/float64/max-safe-nth-fibonacci
constants/float64/max-safe-nth-tribonacci,Maximum safe nth Tribonacci number when stored in double-precision floating-point format.,,,false,false,false,
constants/float64/max,Maximum double-precision floating-point number.,FLOAT64_MAX,number,false,false,false,constants/float16/max;constants/float32/max
constants/float64/min-base10-exponent-subnormal,The minimum base 10 exponent for a subnormal double-precision floating-point number.,FLOAT64_MIN_BASE10_EXPONENT_SUBNORMAL,number,false,false,false,constants/float64/max-base10-exponent-subnormal;constants/float64/min-base10-exponent;constants/float64/min-base2-exponent-subnormal
constants/float64/min-base10-exponent,The minimum base 10 exponent for a normal double-precision floating-point number.,FLOAT64_MIN_BASE10_EXPONENT,number,false,false,false,constants/float64/max-base10-exponent;constants/float64/min-base10-exponent-subnormal;constants/float64/min-base2-exponent
constants/float64/min-base2-exponent-subnormal,The minimum biased base 2 exponent for a subnormal double-precision floating-point number.,FLOAT64_MIN_BASE2_EXPONENT_SUBNORMAL,number,false,false,false,constants/float64/max-base2-exponent-subnormal;constants/float64/min-base10-exponent-subnormal;constants/float64/min-base2-exponent
constants/float64/min-base2-exponent,The minimum biased base 2 exponent for a normal double-precision floating-point number.,FLOAT64_MIN_BASE2_EXPONENT,number,false,false,false,constants/float64/max-base2-exponent;constants/float64/min-base10-exponent;constants/float64/min-base2-exponent-subnormal
constants/float64/min-ln,Natural logarithm of the smallest normalized double-precision floating-point number.,FLOAT64_MIN_LN,number,false,false,false,constants/float64/max-ln
constants/float64/min-safe-integer,Minimum safe double-precision floating-point integer.,FLOAT64_MIN_SAFE_INTEGER,number,false,false,false,constants/float16/min-safe-integer;constants/float32/min-safe-integer;constants/float64/max-safe-integer
constants/float64/nan,Double-precision floating-point NaN.,NAN,number,false,false,false,constants/float32/nan
constants/float64/ninf,Double-precision floating-point negative infinity.,NINF,number,false,false,false,constants/float16/ninf;constants/float32/ninf;constants/float64/pinf
constants/float64/num-bytes,Size (in bytes) of a double-precision floating-point number.,FLOAT64_NUM_BYTES,number,false,false,false,constants/float16/num-bytes;constants/float32/num-bytes
constants/float64/num-high-word-significand-bits,Number of significand bits in the high word of a double-precision floating-point number.,,,false,false,false,
constants/float64,Double-precision floating-point mathematical constants.,,,false,false,false,
constants/float64/phi,Golden ratio.,PHI,number,false,false,false,
constants/float64/pi-squared,π².,PI_SQUARED,number,false,false,false,constants/float64/pi
constants/float64/pi,π.,PI,number,false,false,false,constants/float64/two-pi
constants/float64/pinf,Double-precision floating-point positive infinity.,PINF,number,false,false,false,constants/float64/ninf
constants/float64/precision,Effective number of bits in the significand of a double-precision floating-point number.,FLOAT64_PRECISION,number,false,false,false,constants/float16/precision;constants/float32/precision
constants/float64/smallest-normal,Smallest positive double-precision floating-point normal number.,FLOAT64_SMALLEST_NORMAL,number,false,false,false,constants/float32/smallest-normal;constants/float64/smallest-subnormal
constants/float64/smallest-subnormal,Smallest positive double-precision floating-point number.,FLOAT64_SMALLEST_SUBNORMAL,number,false,false,false,constants/float32/smallest-subnormal;constants/float64/smallest-normal
constants/float64/sqrt-eps,Square root of double-precision floating-point epsilon.,SQRT_EPS,number,false,false,false,constants/float64/eps
constants/float64/sqrt-half-pi,Square root of 0.5π.,SQRT_HALF_PI,number,false,false,false,constants/float64/pi
constants/float64/sqrt-half,Square root of 1/2.,SQRT_HALF,number,false,false,false,constants/float64/ln-half
constants/float64/sqrt-phi,Square root of the golden ratio.,SQRT_PHI,number,false,false,false,constants/float64/phi
constants/float64/sqrt-pi,Square root of π.,SQRT_PI,number,false,false,false,constants/float64/pi
constants/float64/sqrt-three,Square root of 3.,SQRT_THREE,number,false,false,false,
constants/float64/sqrt-two-pi,Square root of 2π.,SQRT_TWO_PI,number,false,false,false,constants/float64/two-pi
constants/float64/sqrt-two,Square root of 2.,SQRT_TWO,number,false,false,false,constants/float64/ln-two
constants/float64/two-pi,2π.,TWO_PI,number,false,false,false,constants/float64/pi
constants/int16/max,Maximum signed 16-bit integer.,INT16_MAX,number,false,false,false,constants/int16/min
constants/int16/min,Minimum signed 16-bit integer.,INT16_MIN,number,false,false,false,constants/int16/max
constants/int16/num-bytes,Size (in bytes) of a 16-bit signed integer.,INT16_NUM_BYTES,number,false,false,false,constants/int32/num-bytes;constants/int8/num-bytes;constants/uint16/num-bytes
constants/int16,16-bit signed integer mathematical constants.,,,false,false,false,
constants/int32/max,Maximum signed 32-bit integer.,INT32_MAX,number,false,false,false,constants/int32/min
constants/int32/min,Minimum signed 32-bit integer.,INT32_MIN,number,false,false,false,constants/int32/max
constants/int32/num-bytes,Size (in bytes) of a 32-bit signed integer.,INT32_NUM_BYTES,number,false,false,false,constants/int16/num-bytes;constants/int8/num-bytes;constants/uint32/num-bytes
constants/int32,32-bit signed integer mathematical constants.,,,false,false,false,
constants/int8/max,Maximum signed 8-bit integer.,INT8_MAX,number,false,false,false,constants/int8/min
constants/int8/min,Minimum signed 8-bit integer.,INT8_MIN,number,false,false,false,constants/int8/max
constants/int8/num-bytes,Size (in bytes) of an 8-bit signed integer.,INT8_NUM_BYTES,number,false,false,false,constants/int16/num-bytes;constants/int32/num-bytes;constants/uint8/num-bytes
constants/int8,8-bit signed integer mathematical constants.,,,false,false,false,
constants,Constants.,,,false,false,false,
constants/path/delimiter-posix,POSIX path delimiter.,PATH_DELIMITER_POSIX,string,false,false,false,constants/path/delimiter;constants/path/delimiter-win32
constants/path/delimiter-win32,Windows path delimiter.,PATH_DELIMITER_WIN32,string,false,false,false,constants/path/delimiter;constants/path/delimiter-posix
constants/path/delimiter,Platform-specific path delimiter.,PATH_DELIMITER,string,false,false,false,constants/path/delimiter-posix;constants/path/delimiter-win32
constants/path,Standard string path constants.,,,false,false,false,
constants/path/sep-posix,POSIX path segment separator.,PATH_SEP_POSIX,string,false,false,false,constants/path/sep;constants/path/sep-win32
constants/path/sep-win32,Windows path segment separator.,PATH_SEP_WIN32,string,false,false,false,constants/path/sep;constants/path/sep-posix
constants/path/sep,Platform-specific path segment separator.,PATH_SEP,string,false,false,false,constants/path/sep-posix;constants/path/sep-win32
constants/time/hours-in-day,Number of hours in a day.,HOURS_IN_DAY,number,false,false,false,constants/time/hours-in-week
constants/time/hours-in-week,Number of hours in a week.,HOURS_IN_WEEK,number,false,false,false,constants/time/hours-in-day
constants/time/milliseconds-in-day,Number of milliseconds in a day.,MILLISECONDS_IN_DAY,number,false,false,false,
constants/time/milliseconds-in-hour,Number of milliseconds in an hour.,MILLISECONDS_IN_HOUR,number,false,false,false,
constants/time/milliseconds-in-minute,Number of milliseconds in a minute.,MILLISECONDS_IN_MINUTE,number,false,false,false,
constants/time/milliseconds-in-second,Number of milliseconds in a second.,MILLISECONDS_IN_SECOND,number,false,false,false,
constants/time/milliseconds-in-week,Number of milliseconds in a week.,MILLISECONDS_IN_WEEK,number,false,false,false,
constants/time/minutes-in-day,Number of minutes in a day.,MINUTES_IN_DAY,number,false,false,false,
constants/time/minutes-in-hour,Number of minutes in an hour.,MINUTES_IN_HOUR,number,false,false,false,
constants/time/minutes-in-week,Number of minutes in a week.,MINUTES_IN_WEEK,number,false,false,false,
constants/time/months-in-year,Number of months in a year.,MONTHS_IN_YEAR,number,false,false,false,
constants/time,Time constants.,,,false,false,false,
constants/time/seconds-in-day,Number of seconds in a day.,SECONDS_IN_DAY,number,false,false,false,
constants/time/seconds-in-hour,Number of seconds in an hour.,SECONDS_IN_HOUR,number,false,false,false,
constants/time/seconds-in-minute,Number of seconds in a minute.,SECONDS_IN_MINUTE,number,false,false,false,
constants/time/seconds-in-week,Number of seconds in a week.,SECONDS_IN_WEEK,number,false,false,false,
constants/uint16/max,Maximum unsigned 16-bit integer.,UINT16_MAX,number,false,false,false,constants/int16/max
constants/uint16/num-bytes,Size (in bytes) of a 16-bit unsigned integer.,UINT16_NUM_BYTES,number,false,false,false,constants/int16/num-bytes;constants/uint32/num-bytes;constants/uint8/num-bytes
constants/uint16,16-bit unsigned integer mathematical constants.,,,false,false,false,
constants/uint32/max,Maximum unsigned 32-bit integer.,UINT32_MAX,number,false,false,false,constants/int32/max
constants/uint32/num-bytes,Size (in bytes) of a 32-bit unsigned integer.,UINT32_NUM_BYTES,number,false,false,false,constants/int32/num-bytes;constants/uint16/num-bytes;constants/uint8/num-bytes
constants/uint32,32-bit unsigned integer mathematical constants.,,,false,false,false,
constants/uint8/max,Maximum unsigned 8-bit integer.,UINT8_MAX,number,false,false,false,constants/int8/max
constants/uint8/num-bytes,Size (in bytes) of an 8-bit unsigned integer.,UINT8_NUM_BYTES,number,false,false,false,constants/int8/num-bytes;constants/uint16/num-bytes;constants/uint32/num-bytes
constants/uint8,8-bit unsigned integer mathematical constants.,,,false,false,false,
constants/unicode/max-bmp,Maximum Unicode code point in the Basic Multilingual Plane (BMP).,UNICODE_MAX_BMP,number,false,false,false,constants/unicode/max
constants/unicode/max,Maximum Unicode code point.,UNICODE_MAX,number,false,false,false,constants/unicode/max-bmp
constants/unicode,Standard string unicode constants.,,,false,false,false,
datasets/afinn-111,A list of English words rated for valence.,AFINN_111,Function,true,false,false,datasets/afinn-96
datasets/afinn-96,A list of English words rated for valence.,AFINN_96,Function,true,false,false,datasets/afinn-111
datasets/anscombes-quartet,Anscombe's quartet.,ANSCOMBES_QUARTET,Function,true,false,false,
datasets/berndt-cps-wages-1985,A random sample of 534 workers from the Current Population Survey (CPS) from 1985.,BERNDT_CPS_WAGES_1985,Function,true,false,false,
datasets/cdc-nchs-us-births-1969-1988,"US birth data from 1969 to 1988, as provided by the Center for Disease Control and Prevention's National Center for Health Statistics.",CDC_NCHS_US_BIRTHS_1969_1988,Function,true,false,false,datasets/cdc-nchs-us-births-1994-2003;datasets/ssa-us-births-2000-2014
datasets/cdc-nchs-us-births-1994-2003,"US birth data from 1994 to 2003, as provided by the Center for Disease Control and Prevention's National Center for Health Statistics.",CDC_NCHS_US_BIRTHS_1994_2003,Function,true,false,false,datasets/cdc-nchs-us-births-1969-1988;datasets/ssa-us-births-2000-2014
datasets/cdc-nchs-us-infant-mortality-bw-1915-2013,"US infant mortality data, by race, from 1915 to 2013, as provided by the Center for Disease Control and Prevention's National Center for Health Statistics.",CDC_NCHS_US_INFANT_MORTALITY_BW_1915_2013,Function,true,false,false,
datasets/cmudict,The Carnegie Mellon Pronouncing Dictionary (CMUdict).,CMUDICT,Function,true,false,false,
datasets/dale-chall-new,A list of familiar American-English words.,DALE_CHALL_NEW,Function,true,false,false,
datasets/emoji-code-picto,Emoji codes and pictographs.,EMOJI_CODE_PICTO,Function,true,false,false,datasets/emoji;datasets/emoji-picto-code
datasets/emoji-picto-code,Emoji pictographs and codes.,EMOJI_PICTO_CODE,Function,true,false,false,datasets/emoji;datasets/emoji-code-picto
datasets/emoji,Emoji.,EMOJI,Function,true,false,false,datasets/emoji-code-picto;datasets/emoji-picto-code
datasets/female-first-names-en,A list of common female first names in English speaking countries.,FEMALE_FIRST_NAMES_EN,Function,true,false,false,datasets/male-first-names-en
datasets/fivethirtyeight-ffq,FiveThirtyEight reader responses to a food frequency questionnaire (FFQ).,FIVETHIRTYEIGHT_FFQ,Function,true,false,false,
datasets/frb-sf-wage-rigidity,Wage rates for U.S. workers that have not changed jobs within the year.,FRB_SF_WAGE_RIGIDITY,Function,true,false,false,
datasets/harrison-boston-house-prices-corrected,"A (corrected) dataset derived from information collected by the US Census Service concerning housing in Boston, Massachusetts (1978).",HARRISON_BOSTON_HOUSE_PRICES_CORRECTED,Function,true,false,false,datasets/harrison-boston-house-prices;datasets/pace-boston-house-prices
datasets/harrison-boston-house-prices,"A dataset derived from information collected by the US Census Service concerning housing in Boston, Massachusetts (1978).",HARRISON_BOSTON_HOUSE_PRICES,Function,true,false,false,datasets/harrison-boston-house-prices-corrected;datasets/pace-boston-house-prices
datasets/herndon-venus-semidiameters,"Fifteen observations of the vertical semidiameter of Venus, made by Lieutenant Herndon, with the meridian circle at Washington, in the year 1846.",HERNDON_VENUS_SEMIDIAMETERS,Function,true,false,false,
datasets/img-acanthus-mollis,Acanthus mollis.,IMG_ACANTHUS_MOLLIS,Function,true,false,false,datasets/img-allium-oreophilum
datasets/img-airplane-from-above,"Image of an airplane, viewed from above looking down.",IMG_AIRPLANE_FROM_ABOVE,Function,true,false,false,
datasets/img-allium-oreophilum,Allium oreophilum (pink lily leek).,IMG_ALLIUM_OREOPHILUM,Function,true,false,false,datasets/img-acanthus-mollis
datasets/img-black-canyon,Image of Black Canyon.,IMG_BLACK_CANYON,Function,true,false,false,
datasets/img-dust-bowl-home,Image of an abandoned Dust Bowl home.,IMG_DUST_BOWL_HOME,Function,true,false,false,
datasets/img-french-alpine-landscape,Image of a French alpine landscape.,IMG_FRENCH_ALPINE_LANDSCAPE,Function,true,false,false,
datasets/img-locomotion-house-cat,Twenty-four views of a house cat.,IMG_LOCOMOTION_HOUSE_CAT,Function,true,false,false,datasets/img-locomotion-nude-male
datasets/img-locomotion-nude-male,Forty-eight views of a nude male moving in place.,IMG_LOCOMOTION_NUDE_MALE,Function,true,false,false,datasets/img-locomotion-house-cat
datasets/img-march-pastoral,Image of sheep in a pastoral setting.,IMG_MARCH_PASTORAL,Function,true,false,false,
datasets/img-nagasaki-boats,Image of boats in a river in Nagasaki.,IMG_NAGASAKI_BOATS,Function,true,false,false,
datasets/liu-negative-opinion-words-en,A list of negative opinion words.,LIU_NEGATIVE_OPINION_WORDS_EN,Function,true,false,false,datasets/liu-positive-opinion-words-en
datasets/liu-positive-opinion-words-en,A list of positive opinion words.,LIU_POSITIVE_OPINION_WORDS_EN,Function,true,false,false,datasets/liu-negative-opinion-words-en
datasets/male-first-names-en,A list of common male first names in English speaking countries.,MALE_FIRST_NAMES_EN,Function,true,false,false,datasets/female-first-names-en
datasets/minard-napoleons-march,Data for Charles Joseph Minard's cartographic depiction of Napoleon's Russian campaign of 1812.,MINARD_NAPOLEONS_MARCH,Function,true,false,false,
datasets/moby-dick,The text of Moby Dick by Herman Melville.,MOBY_DICK,Function,true,false,false,
datasets/month-names-en,A list of month names (English).,MONTH_NAMES_EN,Function,true,false,false,
datasets/nightingales-rose,Dataset for Nightingale's famous polar area diagram.,NIGHTINGALES_ROSE,Function,true,false,false,
datasets/pace-boston-house-prices,"A (corrected) dataset derived from information collected by the US Census Service concerning housing in Boston, Massachusetts (1978).",PACE_BOSTON_HOUSE_PRICES,Function,true,false,false,datasets/harrison-boston-house-prices;datasets/harrison-boston-house-prices-corrected
datasets,Datasets.,datasets,Function,true,false,false,
datasets/primes-100k,"The first 100,000 prime numbers.",PRIMES_100K,Function,true,false,false,math/iter/sequences/primes
datasets/savoy-stopwords-fin,A list of Finnish stop words.,SAVOY_STOPWORDS_FIN,Function,true,false,false,
datasets/savoy-stopwords-fr,A list of French stop words.,SAVOY_STOPWORDS_FR,Function,true,false,false,
datasets/savoy-stopwords-ger,A list of German stop words.,SAVOY_STOPWORDS_GER,Function,true,false,false,
datasets/savoy-stopwords-it,A list of Italian stop words.,SAVOY_STOPWORDS_IT,Function,true,false,false,
datasets/savoy-stopwords-por,A list of Portuguese stop words.,SAVOY_STOPWORDS_POR,Function,true,false,false,
datasets/savoy-stopwords-sp,A list of Spanish stop words.,SAVOY_STOPWORDS_SP,Function,true,false,false,
datasets/savoy-stopwords-swe,A list of Swedish stop words.,SAVOY_STOPWORDS_SWE,Function,true,false,false,
datasets/sotu,State of the Union addresses by U.S. Presidents.,SOTU,Function,true,false,false,
datasets/spache-revised,A list of simple American-English words (revised Spache).,SPACHE_REVISED,Function,true,false,false,
datasets/spam-assassin,Spam Assassin public mail corpus.,SPAM_ASSASSIN,Function,true,false,false,
datasets/ssa-us-births-2000-2014,"US birth data from 2000 to 2014, as provided by the Social Security Administration.",SSA_US_BIRTHS_2000_2014,Function,true,false,false,datasets/cdc-nchs-us-births-1969-1988;datasets/cdc-nchs-us-births-1994-2003
datasets/standard-card-deck,A list of two or three letter abbreviations for each card in a standard 52-card deck.,STANDARD_CARD_DECK,Function,true,false,false,
datasets/stopwords-en,A list of English stop words.,STOPWORDS_EN,Function,true,false,false,
datasets/suthaharan-multi-hop-sensor-network,Labeled wireless sensor network data set collected from a multi-hop wireless sensor network deployment using TelosB motes.,SUTHAHARAN_MULTI_HOP_SENSOR_NETWORK,Function,true,false,false,datasets/suthaharan-single-hop-sensor-network
datasets/suthaharan-single-hop-sensor-network,Labeled wireless sensor network data set collected from a simple single-hop wireless sensor network deployment using TelosB motes.,SUTHAHARAN_SINGLE_HOP_SENSOR_NETWORK,Function,true,false,false,datasets/suthaharan-multi-hop-sensor-network
datasets/us-states-abbr,A list of US state two-letter abbreviations in alphabetical order according to state name.,US_STATES_ABBR,Function,true,false,false,datasets/us-states-capitals;datasets/us-states-names
datasets/us-states-capitals-names,US state capitals and names.,US_STATES_CAPITALS_NAMES,Function,true,false,false,datasets/us-states-capitals;datasets/us-states-names;datasets/us-states-names-capitals
datasets/us-states-capitals,A list of US state capitals in alphabetical order according to state name.,US_STATES_CAPITALS,Function,true,false,false,datasets/us-states-abbr;datasets/us-states-capitals-names;datasets/us-states-names;datasets/us-states-names-capitals
datasets/us-states-names-capitals,US state names and capitals.,US_STATES_NAMES_CAPITALS,Function,true,false,false,datasets/us-states-capitals;datasets/us-states-names;datasets/us-states-names-capitals
datasets/us-states-names,A list of US state names in alphabetical order.,US_STATES_NAMES,Function,true,false,false,datasets/us-states-abbr;datasets/us-states-capitals;datasets/us-states-capitals-names;datasets/us-states-names-capitals
dstructs/circular-buffer,Circular buffer.,CircularBuffer,Function,false,false,false,dstructs/fifo;dstructs/stack
dstructs/compact-adjacency-matrix,Compact adjacency matrix.,,,false,false,false,
dstructs/doubly-linked-list,Doubly linked list.,DoublyLinkedList,Function,false,false,false,dstructs/linked-list;dstructs/stack
dstructs/fifo,First-in-first-out (FIFO) queue.,FIFO,Function,false,false,false,dstructs/stack
dstructs/linked-list,Linked list.,LinkedList,Function,false,false,false,dstructs/doubly-linked-list;dstructs/stack
dstructs/named-typed-tuple,Named typed tuple.,namedtypedtuple,Function,false,false,false,array/typed
dstructs,Data structures.,,,false,false,false,
dstructs/stack,Stack.,Stack,Function,false,false,false,dstructs/fifo
dstructs/struct,"Fixed-width composite data type (a.k.a., a `struct`).",structFactory,Function,false,false,false,
error,Errors.,,,false,false,false,
error/reviver,Revive a JSON-serialized error object.,reviveError,Function,false,false,false,error/to-json
error/to-json,Return a JSON representation of an error object.,error2json,Function,false,false,false,error/reviver
error/tools/database,Standard library error code database.,,,false,false,false,
error/tools/fmtprodmsg-factory,Return a function which formats an error message for production.,,,false,false,false,
error/tools/fmtprodmsg,Format an error message for production.,,,false,false,false,
error/tools/id2msg,Return an error message corresponding to a provided two-character error identifier.,,,true,false,false,
error/tools/id2pkg,Return the package name associated with a specified error identifier prefix.,,,true,false,false,
error/tools/msg2id,Return a two-character error identifier corresponding to a provided error message.,,,true,false,false,
error/tools,Error tools.,,,false,false,false,
error/tools/pkg2id,Return the error identifier prefix associated with a specified package name.,,,true,false,false,
fft/base/fftpack/decompose,Factorize a sequence length into a product of integers.,,,false,false,false,
fs/append-file,Append data to a file.,,,true,false,false,
fs/close,Close a file descriptor.,close,Function,false,false,false,fs/exists;fs/open;fs/read-file
fs/exists,Test whether a path exists on the filesystem.,exists,Function,true,false,false,fs/read-file;fs/read-dir
fs/open,Open a file.,open,Function,false,false,false,fs/close;fs/exists;fs/read-file
fs,Filesystem APIs.,,,false,false,false,
fs/read-dir,Read the entire contents of a directory.,readDir,Function,true,false,false,fs/exists;fs/read-file
fs/read-file-list,Read the entire contents of each file in a file list.,readFileList,Function,true,false,false,
fs/read-file,Read the entire contents of a file.,readFile,Function,true,false,false,fs/exists;fs/open;fs/read-dir;fs/read-json;fs/write-file
fs/read-json,Read a file as JSON.,readJSON,Function,false,false,false,fs/read-file
fs/read-ndjson,Read a file as newline-delimited JSON.,,,false,false,false,
fs/read-wasm,Read a file as WebAssembly.,readWASM,Function,false,false,false,fs/read-file
fs/rename,Rename a file.,rename,Function,true,false,false,fs/exists;fs/read-file;fs/write-file;fs/unlink
fs/resolve-parent-path-by,Resolve a path according to a predicate function by walking parent directories.,resolveParentPathBy,Function,false,false,false,fs/resolve-parent-path
fs/resolve-parent-path,Resolve a path by walking parent directories.,resolveParentPath,Function,true,false,false,fs/resolve-parent-path-by
fs/resolve-parent-paths,Resolve paths from a set of paths by walking parent directories.,,,true,false,false,
fs/unlink,Remove a directory entry.,unlink,Function,true,false,false,fs/exists
fs/write-file,Write data to a file.,writeFile,Function,true,false,false,fs/exists;fs/read-file
function/ctor,Function constructor.,Function,Function,false,false,false,
function,Function.,,,false,false,false,
function/thunk,Generate a thunk.,thunk,Function,false,false,false,
function/to-string,Return a string representing the source code of a provided function.,function2string,Function,false,false,false,function/ctor
iter/advance,Advance an iterator.,iterAdvance,Function,false,false,false,iter/head;iter/slice
iter/any-by,Test whether at least one iterated value passes a test implemented by a predicate function.,iterAnyBy,Function,false,false,false,iter/any;iter/every-by;iter/for-each;iter/none-by;iter/some-by
iter/any,Test whether at least one iterated value is truthy.,iterAny,Function,false,false,false,iter/any-by;iter/every;iter/for-each;iter/none;iter/some
iter/concat,Create an iterator which iterates over the values of two or more iterators.,iterConcat,Function,false,false,false,
iter/constant,Create an iterator which always returns the same value.,iterConstant,Function,false,false,false,utils/constant-function
iter/counter,Create an iterator which iteratively returns the number of iterated values.,iterCounter,Function,false,false,false,iter/length
iter/cuany-by,Create an iterator which cumulatively tests whether at least one iterated value passes a test implemented by a predicate function.,,,false,false,false,
iter/cuany,Create an iterator which cumulatively tests whether at least one iterated value is truthy.,,,false,false,false,
iter/cuevery-by,Create an iterator which cumulatively tests whether every iterated value passes a test implemented by a predicate function.,,,false,false,false,
iter/cuevery,Create an iterator which cumulatively tests whether every iterated value is truthy.,,,false,false,false,
iter/cunone-by,Create an iterator which cumulatively tests whether every iterated value fails a test implemented by a predicate function.,,,false,false,false,
iter/cunone,Create an iterator which cumulatively tests whether every iterated value is falsy.,,,false,false,false,
iter/cusome-by,Create an iterator which cumulatively tests whether at least `n` iterated values pass a test implemented by a predicate function.,,,false,false,false,
iter/cusome,Create an iterator which cumulatively tests whether at least `n` iterated values are truthy.,,,false,false,false,
iter/datespace,Create an iterator which returns evenly spaced dates over a specified interval.,iterDatespace,Function,false,false,false,array/from-iterator;iter/incrspace;iter/linspace;iter/logspace;iter/step
iter/dedupe-by,Create an iterator which removes consecutive values that resolve to the same value according to a provided function.,iterDedupeBy,Function,false,false,false,iter/dedupe;iter/unique
iter/dedupe,Create an iterator which removes consecutive duplicated values.,iterDedupe,Function,false,false,false,iter/dedupe-by;iter/unique
iter/do-until-each,"Create an iterator which, while a test condition is false, invokes a function for each iterated value before returning the iterated value.",iterDoUntilEach,Function,false,false,false,iter/do-while-each;iter/until-each;iter/while-each
iter/do-while-each,"Create an iterator which, while a test condition is true, invokes a function for each iterated value before returning the iterated value.",iterDoWhileEach,Function,false,false,false,iter/do-until-each;iter/until-each;iter/while-each
iter/empty,Create an empty iterator.,iterEmpty,Function,false,false,false,iter/constant
iter/every-by,Test whether every iterated value passes a test implemented by a predicate function.,iterEveryBy,Function,false,false,false,iter/any-by;iter/every;iter/for-each;iter/none-by;iter/some-by
iter/every,Test whether all iterated values are truthy.,iterEvery,Function,false,false,false,iter/any;iter/every-by;iter/for-each;iter/none;iter/some
iter/fill,Create an iterator which replaces all values from a provided iterator from a start index to an end index with a static value.,iterFill,Function,false,false,false,
iter/filter-map,Create an iterator which both filters and maps the values of another iterator.,iterFilterMap,Function,false,false,false,iter/filter;iter/map
iter/filter,Create an iterator which filters the values of another iterator according to a predicate function.,iterFilter,Function,false,false,false,iter/filter-map;iter/map;iter/reject
iter/first,Return the first iterated value.,iterFirst,Function,false,false,false,iter/head;iter/last;iter/nth
iter/flow,Create a fluent interface for chaining together iterator methods.,iterFlow,Function,false,false,false,iter/pipeline
iter/for-each,Create an iterator which invokes a function for each iterated value before returning the iterated value.,iterForEach,Function,false,false,false,iter/map
iter/head,Create an iterator which returns the first `n` values of a provided iterator.,iterHead,Function,false,false,false,iter/first;iter/slice
iter/incrspace,Create an iterator which returns evenly spaced numbers according to a specified increment.,iterIncrspace,Function,false,false,false,array/from-iterator;iter/datespace;iter/linspace;iter/logspace;iter/step;iter/unitspace
iter/intersection-by-hash,Create an iterator which returns the intersection of two or more iterators according to a hash function.,iterIntersectionByHash,Function,false,false,false,iter/intersection;iter/unique-by-hash
iter/intersection,Create an iterator which returns the intersection of two or more iterators.,iterIntersection,Function,false,false,false,iter/intersection-by-hash;iter/union;iter/unique
iter/last,Consume an entire iterator and return the last iterated value.,iterLast,Function,false,false,false,iter/first;iter/nth
iter/length,Return an iterator's length.,iterLength,Function,false,false,false,iter/counter
iter/linspace,Create an iterator which returns evenly spaced numbers over a specified interval.,iterLinspace,Function,false,false,false,array/from-iterator;iter/datespace;iter/incrspace;iter/logspace;iter/step;iter/unitspace
iter/logspace,Create an iterator which returns evenly spaced numbers on a log scale.,iterLogspace,Function,false,false,false,array/from-iterator;iter/datespace;iter/incrspace;iter/linspace;iter/step
iter/map,Create an iterator which invokes a function for each iterated value.,iterMap,Function,false,false,false,iter/filter;iter/filter-map;iter/for-each;iter/reject
iter/mapn,Create an iterator which transforms iterated values from two or more iterators by applying the iterated values as arguments to a provided function.,iterMapN,Function,false,false,false,iter/map
iter/none-by,Test whether every iterated value fails a test implemented by a predicate function.,iterNoneBy,Function,false,false,false,iter/any-by;iter/every-by;iter/for-each;iter/none;iter/some-by
iter/none,Test whether all iterated values are falsy.,iterNone,Function,false,false,false,iter/any;iter/every;iter/for-each;iter/none-by;iter/some
iter/nth,Return the nth iterated value.,iterNth,Function,false,false,false,iter/first;iter/last
iter,Standard iterator utilities.,,,false,false,false,
iter/pipeline-thunk,Create an iterator thunk.,iterThunk,Function,false,false,false,iter/pipeline
iter/pipeline,Create an iterator pipeline.,iterPipeline,Function,false,false,false,iter/flow;iter/pipeline-thunk
iter/pop,Create an iterator which skips the last value of a provided iterator.,iterPop,Function,false,false,false,iter/push;iter/shift;iter/slice
iter/push,Create an iterator which appends additional values to the end of a provided iterator.,iterPush,Function,false,false,false,iter/concat;iter/unshift
iter/reject,Create an iterator which rejects the values of another iterator according to a predicate function.,iterReject,Function,false,false,false,iter/filter;iter/map
iter/replicate-by,Create an iterator which replicates each iterated value according to a provided function.,iterReplicateBy,Function,false,false,false,iter/replicate
iter/replicate,Create an iterator which replicates each iterated value a specified number of times.,iterReplicate,Function,false,false,false,iter/replicate-by
iter/shift,Create an iterator which skips the first value of a provided iterator.,iterShift,Function,false,false,false,iter/pop;iter/slice;iter/unshift
iter/slice,Create an iterator which returns a subsequence of iterated values from a provided iterator.,iterSlice,Function,false,false,false,iter/first;iter/head
iter/some-by,Test whether at least `n` iterated values pass a test implemented by a predicate function.,iterSomeBy,Function,false,false,false,iter/any-by;iter/every-by;iter/for-each;iter/none-by;iter/some
iter/some,Test whether at least `n` iterated values are truthy.,iterSome,Function,false,false,false,iter/any;iter/every;iter/for-each;iter/none;iter/some-by
iter/step,Create an iterator which returns a sequence of numbers according to a specified increment.,iterStep,Function,false,false,false,array/from-iterator;iter/datespace;iter/incrspace;iter/linspace;iter/logspace;iter/unitspace
iter/strided-by,Create an iterator which steps according to a provided callback function.,iterStridedBy,Function,false,false,false,iter/advance;iter/nth;iter/strided
iter/strided,Create an iterator which steps by a specified amount.,iterStrided,Function,false,false,false,iter/advance;iter/nth;iter/strided-by
iter/to-array-view-right,Fill an array-like object view from right to left with values returned from an iterator.,iterator2arrayviewRight,Function,false,false,false,array/from-iterator;array/to-view-iterator-right;iter/to-array-view
iter/to-array-view,Fill an array-like object view with values returned from an iterator.,iterator2arrayview,Function,false,false,false,array/from-iterator;array/to-view-iterator;iter/to-array-view-right
iter/union,Create an iterator which returns the union of two or more iterators.,iterUnion,Function,false,false,false,iter/intersection;iter/unique
iter/unique-by-hash,Create an iterator which returns unique values according to a hash function.,iterUniqueByHash,Function,false,false,false,iter/unique;iter/unique-by
iter/unique-by,Create an iterator which returns unique values according to a predicate function.,iterUniqueBy,Function,false,false,false,iter/unique;iter/unique-by-hash
iter/unique,Create an iterator which returns unique values.,iterUnique,Function,false,false,false,iter/unique-by;iter/unique-by-hash
iter/unitspace,Create an iterator which returns numbers incremented by one.,iterUnitspace,Function,false,false,false,array/from-iterator;iter/incrspace;iter/linspace;iter/step
iter/unshift,Create an iterator which prepends values to the beginning of a provided iterator.,iterUnshift,Function,false,false,false,iter/concat;iter/push;iter/shift
iter/until-each,"Create an iterator which, while a test condition is false, invokes a function for each iterated value before returning the iterated value.",iterUntilEach,Function,false,false,false,iter/while-each
iter/while-each,"Create an iterator which, while a test condition is true, invokes a function for each iterated value before returning the iterated value.",iterWhileEach,Function,false,false,false,iter/until-each
lapack/base/clacgv,Conjugate each element in a single-precision complex floating-point vector.,,,false,false,false,
lapack/base/clacpy,Copy all or part of a matrix A to another matrix B.,,,false,false,false,
lapack/base/claset,Set the off-diagonal elements and the diagonal elements of a single-precision complex floating-point matrix to specified values.,,,false,false,false,
lapack/base/claswp,Perform a series of row interchanges on an input matrix.,,,false,false,false,
lapack/base/crot,LAPACK auxiliary routine to apply a plane rotation with real cosine and complex sine.,,,false,false,false,
lapack/base/dge-trans,Convert a matrix from row-major layout to column-major layout or vice versa.,,,false,false,false,
lapack/base/dgttrf,Compute an `LU` factorization of a real tridiagonal matrix `A` using elimination with partial pivoting and row interchanges,,,false,false,false,
lapack/base/dlacpy,Copy all or part of a matrix A to another matrix B.,,,false,true,false,
lapack/base/dladiv,LAPACK routine to divide two double-precision complex floating-point numbers in real arithmetic.,,,false,false,false,
lapack/base/dlamch,Determine double-precision floating-point machine parameters.,,,false,false,false,
lapack/base/dlapy2,LAPACK routine to calculate sqrt(x^2 + y^2) in a manner which doesn't cause unnecessary overflow.,,,false,false,false,
lapack/base/dlapy3,LAPACK routine to calculate sqrt(x^2 + y^2 + z^2) in a manner which doesn't cause unnecessary overflow.,,,false,false,false,
lapack/base/dlarf1f,LAPACK routine to apply a real elementary reflector `H = I - tau * v * v^T` to a real M by N matrix `C`.,,,false,false,false,
lapack/base/dlaset,Set the off-diagonal elements and the diagonal elements of a double-precision floating-point matrix to specified values.,,,false,false,false,
lapack/base/dlassq,Return an updated sum of squares represented in scaled form.,,,false,false,false,
lapack/base/dlaswp,Perform a series of row interchanges on an input matrix.,,,false,false,false,
lapack/base/dpttrf,Compute the `L * D * L^T` factorization of a real symmetric positive definite tridiagonal matrix `A`.,,,false,false,false,
lapack/base/iladlc,LAPACK routine to find the index of the last non-zero column in an input matrix.,,,false,false,false,
lapack/base/iladlr,LAPACK routine to find the index of the last non-zero row in an input matrix.,,,false,false,false,
lapack/base,"Base (i.e., lower-level) LAPACK routines.",,,false,false,false,
lapack/base/sge-trans,Convert a matrix from row-major layout to column-major layout or vice versa.,,,false,false,false,
lapack/base/shared,Common symbols and type definitions shared across base LAPACK APIs.,,,false,false,false,
lapack/base/slacpy,Copy all or part of a matrix A to another matrix B.,,,false,false,false,
lapack/base/slaswp,Perform a series of row interchanges on an input matrix.,,,false,false,false,
lapack/base/spttrf,Compute the `L * D * L^T` factorization of a real symmetric positive definite tridiagonal matrix `A`.,,,false,false,false,
lapack/base/xerbla,Error handler for LAPACK routines.,,,false,true,false,
lapack/base/zlacgv,Conjugate each element in a double-precision complex floating-point vector.,,,false,false,false,
lapack/base/zlacpy,Copy all or part of a matrix A to another matrix B.,,,false,false,false,
lapack/base/zlaset,Set the off-diagonal elements and the diagonal elements of a double-precision complex floating-point matrix to specified values.,,,false,false,false,
lapack/base/zlaswp,Perform a series of row interchanges on an input matrix.,,,false,false,false,
lapack/base/zrot,LAPACK auxiliary routine to apply a plane rotation with real cosine and complex sine.,,,false,false,false,
lapack,LAPACK routines.,,,false,false,false,
math/array,Math functions applied to arrays.,,,false,false,false,
math/array/special/abs,Compute the absolute value for each element in an input array.,,,false,false,false,
math/array/special,Special math functions applied to arrays.,,,false,false,false,
math/array/tools,Math array function tools.,,,false,false,false,
math/array/tools/unary-factory,Create a function for applying a unary function to each element in a provided array.,,,false,false,false,
math/array/tools/unary,Constructor for applying a unary function to each element in an input array.,,,false,false,false,
math/base/assert/int32-is-even,Test if a 32-bit integer is even.,base.isEvenInt32,Function,false,true,false,math/base/assert/is-even;math/base/assert/int32-is-odd
math/base/assert/int32-is-odd,Test if a 32-bit integer is odd.,base.isOddInt32,Function,false,true,false,math/base/assert/int32-is-even;math/base/assert/is-odd
math/base/assert/is-composite,Test if a number is composite.,base.isComposite,Function,false,true,false,math/base/assert/is-integer;math/base/assert/is-prime
math/base/assert/is-coprime,Test if two numbers are coprime.,base.isCoprime,Function,false,false,false,math/base/assert/is-composite;math/base/assert/is-prime;math/base/special/gcd
math/base/assert/is-even,Test if a finite numeric value is an even number.,base.isEven,Function,false,true,false,math/base/assert/is-odd
math/base/assert/is-evenf,Test if a finite single-precision floating-point number is an even number.,,,false,true,false,
math/base/assert/is-finite,Test if a double-precision floating-point numeric value is finite.,base.isFinite,Function,false,true,false,math/base/assert/is-infinite
math/base/assert/is-finitef,Test if a single-precision floating-point numeric value is finite.,base.isFinitef,Function,false,true,false,math/base/assert/is-infinitef
math/base/assert/is-infinite,Test if a double-precision floating-point numeric value is infinite.,base.isInfinite,Function,false,true,false,math/base/assert/is-finite
math/base/assert/is-infinitef,Test if a single-precision floating-point numeric value is infinite.,base.isInfinitef,Function,false,true,false,math/base/assert/is-finitef
math/base/assert/is-integer,Test if a finite double-precision floating-point number is an integer.,base.isInteger,Function,false,true,false,
math/base/assert/is-integerf,Test if a finite single-precision floating-point number is an integer.,,,false,true,false,
math/base/assert/is-nan,Test if a double-precision floating-point numeric value is NaN.,base.isnan,Function,false,true,false,math/base/assert/is-nanf
math/base/assert/is-nanf,Test if a single-precision floating-point numeric value is NaN.,base.isnanf,Function,false,true,false,math/base/assert/is-nan
math/base/assert/is-negative-finite,Test if a double-precision floating-point numeric value is a negative finite number.,base.isNegativeFinite,Function,false,true,false,math/base/assert/is-positive-finite;math/base/assert/is-nonnegative-finite;math/base/assert/is-nonpositive-finite
math/base/assert/is-negative-integer,Test if a finite double-precision floating-point number is a negative integer.,base.isNegativeInteger,Function,false,true,false,math/base/assert/is-integer;math/base/assert/is-nonnegative-integer;math/base/assert/is-nonpositive-integer;math/base/assert/is-positive-integer
math/base/assert/is-negative-integerf,Test if a finite single-precision floating-point number is a negative integer.,,,false,true,false,
math/base/assert/is-negative-zero,Test if a double-precision floating-point numeric value is negative zero.,base.isNegativeZero,Function,false,true,false,math/base/assert/is-positive-zero
math/base/assert/is-negative-zerof,Test if a single-precision floating-point numeric value is negative zero.,base.isNegativeZerof,Function,false,true,false,math/base/assert/is-negative-zero;math/base/assert/is-positive-zerof
math/base/assert/is-nonnegative-finite,Test if a numeric value is a nonnegative finite number.,base.isNonNegativeFinite,Function,false,true,false,math/base/assert/is-negative-finite;math/base/assert/is-positive-finite;math/base/assert/is-nonpositive-finite
math/base/assert/is-nonnegative-integer,Test if a finite double-precision floating-point number is a nonnegative integer.,base.isNonNegativeInteger,Function,false,true,false,math/base/assert/is-integer;math/base/assert/is-negative-integer;math/base/assert/is-nonpositive-integer;math/base/assert/is-positive-integer
math/base/assert/is-nonnegative-integerf,Test if a finite single-precision floating-point number is a nonnegative integer.,,,false,true,false,
math/base/assert/is-nonpositive-finite,Test if a numeric value is a nonpositive finite number.,base.isNonPositiveFinite,Function,false,true,false,math/base/assert/is-negative-finite;math/base/assert/is-positive-finite;math/base/assert/is-nonnegative-finite
math/base/assert/is-nonpositive-integer,Test if a finite double-precision floating-point number is a nonpositive integer.,base.isNonPositiveInteger,Function,false,true,false,math/base/assert/is-integer;math/base/assert/is-negative-integer;math/base/assert/is-nonnegative-integer;math/base/assert/is-positive-integer
math/base/assert/is-odd,Test if a finite numeric value is an odd number.,base.isOdd,Function,false,true,false,math/base/assert/is-even
math/base/assert/is-oddf,Test if a finite single-precision floating-point number is an odd number.,,,false,true,false,
math/base/assert/is-positive-finite,Test if a double-precision floating-point numeric value is a positive finite number.,base.isPositiveFinite,Function,false,true,false,math/base/assert/is-negative-finite;math/base/assert/is-nonnegative-finite;math/base/assert/is-nonpositive-finite
math/base/assert/is-positive-integer,Test if a finite double-precision floating-point number is a positive integer.,base.isPositiveInteger,Function,false,true,false,math/base/assert/is-integer;math/base/assert/is-negative-integer;math/base/assert/is-nonnegative-integer;math/base/assert/is-nonpositive-integer
math/base/assert/is-positive-zero,Test if a double-precision floating-point numeric value is positive zero.,base.isPositiveZero,Function,false,true,false,math/base/assert/is-negative-zero
math/base/assert/is-positive-zerof,Test if a single-precision floating-point numeric value is positive zero.,base.isPositiveZerof,Function,false,true,false,math/base/assert/is-negative-zerof;math/base/assert/is-positive-zero
math/base/assert/is-prime,Test if a number is prime.,base.isPrime,Function,false,true,false,math/base/assert/is-composite;math/base/assert/is-integer
math/base/assert/is-probability,Test if a double-precision floating-point number is a probability.,base.isProbability,Function,false,true,false,
math/base/assert/is-probabilityf,Test if a single-precision floating-point number is a probability.,,,false,true,false,
math/base/assert/is-safe-integer,Test if a finite double-precision floating-point number is a safe integer.,base.isSafeInteger,Function,false,true,false,
math/base/assert,Base mathematical assertion utilities.,,,false,false,false,
math/base/assert/uint32-is-pow2,Test whether an unsigned integer is a power of 2.,base.isPow2Uint32,Function,false,true,false,
math/base/napi/binary,C APIs for registering a Node-API module exporting an interface for invoking a binary numerical function.,,,false,true,false,
math/base/napi,C APIs for registering a Node-API module exporting interfaces.,,,false,false,false,
math/base/napi/quaternary,C APIs for registering a Node-API module exporting an interface for invoking a quaternary numerical function.,,,false,true,false,
math/base/napi/quinary,C APIs for registering a Node-API module exporting an interface for invoking a quinary numerical function.,,,false,true,false,
math/base/napi/ternary,C APIs for registering a Node-API module exporting an interface for invoking a ternary numerical function.,,,false,true,false,
math/base/napi/unary,C APIs for registering a Node-API module exporting an interface for invoking a unary numerical function.,,,false,true,false,
math/base,"Base (i.e., lower-level) math functions.",,,false,false,false,
math/base/special/abs,Compute the absolute value of a double-precision floating-point number.,base.abs,Function,false,true,false,math/base/special/abs2;math/base/special/absf;math/base/special/labs
math/base/special/abs2,Compute the squared absolute value of a double-precision floating-point number.,base.abs2,Function,false,true,false,math/base/special/abs;math/base/special/abs2f
math/base/special/abs2f,Compute the squared absolute value of a single-precision floating-point number.,base.abs2f,Function,false,true,false,math/base/special/abs2;math/base/special/absf
math/base/special/absf,Compute the absolute value of a single-precision floating-point number.,base.absf,Function,false,true,false,math/base/special/abs;math/base/special/abs2f;math/base/special/labs
math/base/special/absgammalnf,Natural logarithm of the absolute value of the gamma function for a single-precision floating-point number.,,,false,true,false,
math/base/special/acos,Compute the arccosine of a double-precision floating-point number.,base.acos,Function,false,true,false,math/base/special/acosh;math/base/special/asin;math/base/special/atan
math/base/special/acosd,Compute the arccosine (in degrees) of a double-precision floating-point number.,base.acosd,Function,false,true,false,math/base/special/acos;math/base/special/acosdf;math/base/special/acosh;math/base/special/asind;math/base/special/atand
math/base/special/acosdf,Compute the arccosine (in degrees) of a single-precision floating-point number.,base.acosdf,Function,false,true,false,math/base/special/acosd;math/base/special/acosf;math/base/special/asindf
math/base/special/acosf,Compute the arccosine of a single-precision floating-point number.,base.acosf,Function,false,true,false,math/base/special/acos;math/base/special/acosh;math/base/special/asinf;math/base/special/atanf
math/base/special/acosh,Compute the hyperbolic arccosine of a double-precision floating-point number.,base.acosh,Function,false,true,false,math/base/special/acos;math/base/special/asinh;math/base/special/atanh
math/base/special/acoshf,Compute the hyperbolic arccosine of a single-precision floating-point number.,,,false,true,false,
math/base/special/acot,Compute the inverse cotangent.,base.acot,Function,false,true,false,math/base/special/acoth;math/base/special/atan;math/base/special/cot
math/base/special/acotd,Compute the arccotangent (in degrees) of a double-precision floating-point number.,base.acotd,Function,false,true,false,math/base/special/acot;math/base/special/acotdf;math/base/special/acoth;math/base/special/atand;math/base/special/cotd
math/base/special/acotdf,Compute the arccotangent (in degrees) of a single-precision floating-point number.,base.acotdf,Function,false,true,false,math/base/special/acotd;math/base/special/acotf
math/base/special/acotf,Compute the inverse cotangent of a single-precision floating-point number.,base.acotf,Function,false,true,false,math/base/special/acot;math/base/special/acoth;math/base/special/atanf
math/base/special/acoth,Compute the inverse hyperbolic cotangent.,base.acoth,Function,false,true,false,math/base/special/acosh;math/base/special/acot;math/base/special/asinh;math/base/special/atanh
math/base/special/acothf,Compute the inverse hyperbolic cotangent of a single-precision floating-point number.,,,false,true,false,
math/base/special/acovercos,Compute the inverse coversed cosine.,base.acovercos,Function,false,true,false,math/base/special/acoversin;math/base/special/avercos;math/base/special/covercos;math/base/special/vercos
math/base/special/acovercosf,Compute the inverse coversed cosine of a single-precision floating-point number (in radians).,,,false,true,false,
math/base/special/acoversin,Compute the inverse coversed sine.,base.acoversin,Function,false,true,false,math/base/special/acovercos;math/base/special/aversin;math/base/special/coversin;math/base/special/versin
math/base/special/acoversinf,Compute the inverse coversed sine of a single-precision floating-point number (in radians).,,,false,true,false,
math/base/special/acsc,Compute the arccosecant of a number.,base.acsc,Function,false,true,false,math/base/special/acot;math/base/special/acsch;math/base/special/asec;math/base/special/asin;math/base/special/csc
math/base/special/acscd,Compute the arccosecant (in degrees) of a double-precision floating-point number.,base.acscd,Function,false,true,false,math/base/special/acsc;math/base/special/acsch;math/base/special/asecd;math/base/special/asind;math/base/special/cscd
math/base/special/acscdf,Compute the arccosecant (in degrees) of a single-precision floating-point number.,base.acscdf,Function,false,true,false,math/base/special/acsc;math/base/special/acsch;math/base/special/asecdf;math/base/special/asindf
math/base/special/acscf,Compute the arccosecant of a single-precision floating-point number.,base.acscf,Function,false,true,false,math/base/special/acsc;math/base/special/acsch;math/base/special/asecf;math/base/special/asinf
math/base/special/acsch,Compute the hyperbolic arccosecant of a number.,base.acsch,Function,false,true,false,math/base/special/acoth;math/base/special/acsc;math/base/special/asech;math/base/special/asinh;math/base/special/csc;math/base/special/csch
math/base/special/ahavercos,Compute the inverse half-value versed cosine.,base.ahavercos,Function,false,true,false,math/base/special/ahaversin;math/base/special/havercos;math/base/special/vercos
math/base/special/ahavercosf,Compute the inverse half-value versed cosine for a single-precision floating point number.,,,false,true,false,
math/base/special/ahaversin,Compute the inverse half-value versed sine.,base.ahaversin,Function,false,true,false,math/base/special/ahavercos;math/base/special/haversin;math/base/special/versin
math/base/special/ahaversinf,Compute the inverse half-value versed sine of a single-precision floating-point number.,,,false,true,false,
math/base/special/asec,Compute the inverse (arc) secant of a number.,base.asec,Function,false,true,false,math/base/special/acot;math/base/special/acsc;math/base/special/asech;math/base/special/acos
math/base/special/asecd,Compute the arcsecant (in degrees) of a double-precision floating-point number.,base.asecd,Function,false,true,false,math/base/special/asec;math/base/special/asech;math/base/special/acosd;math/base/special/secd
math/base/special/asecdf,Compute the arcsecant (in degrees) of a single-precision floating-point number.,base.asecdf,Function,false,true,false,math/base/special/asec;math/base/special/asech;math/base/special/acosdf
math/base/special/asecf,Compute the inverse (arc) secant of a single-precision floating-point number.,base.asecf,Function,false,true,false,math/base/special/asec;math/base/special/asech;math/base/special/acosf
math/base/special/asech,Compute the hyperbolic arcsecant of a number.,base.asech,Function,false,true,false,math/base/special/acosh;math/base/special/asec;math/base/special/asech;math/base/special/acoth
math/base/special/asin,Compute the arcsine of a double-precision floating-point number.,base.asin,Function,false,true,false,math/base/special/acos;math/base/special/asinh;math/base/special/atan
math/base/special/asind,Compute the arcsine (in degrees) of a double-precision floating-point number.,base.asind,Function,false,true,false,math/base/special/asin;math/base/special/asinh;math/base/special/atand
math/base/special/asindf,Compute the arcsine (in degrees) of a single-precision floating-point number.,base.asindf,Function,false,true,false,math/base/special/asinf;math/base/special/asind
math/base/special/asinf,Compute the arcsine of a single-precision floating-point number.,base.asinf,Function,false,true,false,math/base/special/asin;math/base/special/asindf
math/base/special/asinh,Compute the hyperbolic arcsine of a double-precision floating-point number.,base.asinh,Function,false,true,false,math/base/special/acosh;math/base/special/asin;math/base/special/atanh
math/base/special/asinhf,Compute the hyperbolic arcsine of a single-precision floating-point number.,,,false,true,false,
math/base/special/atan,Compute the arctangent of a double-precision floating-point number.,base.atan,Function,false,true,false,math/base/special/acos;math/base/special/asin;math/base/special/atanh
math/base/special/atan2,"Compute the angle in the plane (in radians) between the positive x-axis and the ray from (0,0) to the point (x,y).",base.atan2,Function,false,true,false,math/base/special/atan
math/base/special/atan2d,"Compute the angle in the plane (in degrees) between the positive x-axis and the ray from (0,0) to the point (x,y).",,,false,true,false,
math/base/special/atan2f,"Compute the angle in the plane (in radians) between the positive x-axis and the ray from (0,0) to the point (x,y) as a single-precision floating-point number.",,,false,true,false,
math/base/special/atand,Compute the arctangent (in degrees) of a double-precision floating-point number.,base.atand,Function,false,true,false,math/base/special/atan;math/base/special/atanh;math/base/special/acosd
math/base/special/atandf,Compute the arctangent (in degrees) of a single-precision floating-point number.,,,false,true,false,
math/base/special/atanf,Compute the arctangent of a single-precision floating-point number.,base.atanf,Function,false,true,false,math/base/special/atan;math/base/special/atanh;math/base/special/acosf
math/base/special/atanh,Compute the hyperbolic arctangent of a double-precision floating-point number.,base.atanh,Function,false,true,false,math/base/special/acosh;math/base/special/asinh;math/base/special/atan
math/base/special/atanhf,Compute the hyperbolic arctangent of a single-precision floating-point number.,,,false,true,false,
math/base/special/avercos,Compute the inverse versed cosine.,base.avercos,Function,false,true,false,math/base/special/aversin;math/base/special/versin
math/base/special/avercosf,Compute the inverse versed cosine of a single-precision floating-point number (in radians).,,,false,true,false,
math/base/special/aversin,Compute the inverse versed sine.,base.aversin,Function,false,true,false,math/base/special/avercos;math/base/special/vercos
math/base/special/aversinf,Compute the inverse versed sine of a single-precision floating-point number (in radians).,,,false,true,false,
math/base/special/bernoulli,Compute the nth Bernoulli number.,base.bernoulli,Function,false,true,false,
math/base/special/bernoullif,Compute the nth Bernoulli number as a single-precision floating-point number.,,,false,true,false,
math/base/special/besselj0,Compute the Bessel function of the first kind of order zero.,base.besselj0,Function,false,true,false,math/base/special/besselj1;math/base/special/bessely0;math/base/special/bessely1
math/base/special/besselj1,Compute the Bessel function of the first kind of order one.,base.besselj1,Function,false,true,false,math/base/special/besselj0;math/base/special/bessely0;math/base/special/bessely1
math/base/special/bessely0,Compute the Bessel function of the second kind of order zero.,base.bessely0,Function,false,true,false,math/base/special/besselj0;math/base/special/besselj1;math/base/special/bessely1
math/base/special/bessely1,Compute the Bessel function of the second kind of order one.,base.bessely1,Function,false,true,false,math/base/special/besselj0;math/base/special/besselj1;math/base/special/bessely0
math/base/special/beta,Beta function.,base.beta,Function,false,true,false,math/base/special/betainc;math/base/special/betaincinv;math/base/special/betaln
math/base/special/betainc,Incomplete beta function.,base.betainc,Function,false,false,false,math/base/special/beta;math/base/special/betaincinv;math/base/special/betaln
math/base/special/betaincinv,Inverse incomplete beta function.,base.betaincinv,Function,false,false,false,math/base/special/beta;math/base/special/betainc;math/base/special/betaln
math/base/special/betaln,Natural logarithm of the beta function.,base.betaln,Function,false,true,false,math/base/special/beta;math/base/special/betainc;math/base/special/betaincinv
math/base/special/binet,Evaluate Binet's formula extended to real numbers.,base.binet,Function,false,true,false,math/base/special/fibonacci;math/base/special/negafibonacci
math/base/special/binomcoef,Compute the binomial coefficient.,base.binomcoef,Function,false,true,false,
math/base/special/binomcoeff,Compute the binomial coefficient as a single-precision floating-point number.,,,false,true,false,
math/base/special/binomcoefln,Compute the natural logarithm of the binomial coefficient.,base.binomcoefln,Function,false,true,false,
math/base/special/boxcox,Compute a one-parameter Box-Cox transformation.,base.boxcox,Function,false,true,false,math/base/special/boxcoxinv;math/base/special/boxcox1p;math/base/special/boxcox1pinv
math/base/special/boxcox1p,Compute a one-parameter Box-Cox transformation of 1+x.,base.boxcox1p,Function,false,true,false,math/base/special/boxcox;math/base/special/boxcox1pinv;math/base/special/boxcoxinv
math/base/special/boxcox1pinv,Compute the inverse of a one-parameter Box-Cox transformation for 1+x.,base.boxcox1pinv,Function,false,true,false,math/base/special/boxcox;math/base/special/boxcox1p;math/base/special/boxcoxinv
math/base/special/boxcoxinv,Compute the inverse of a one-parameter Box-Cox transformation.,base.boxcoxinv,Function,false,true,false,math/base/special/boxcox;math/base/special/boxcox1p;math/base/special/boxcox1pinv
math/base/special/cabs,Compute the absolute value of a double-precision complex floating-point number.,base.cabs,Function,false,true,false,math/base/special/cabs2;math/base/special/abs
math/base/special/cabs2,Compute the squared absolute value of a double-precision complex floating-point number.,base.cabs2,Function,false,true,false,math/base/special/cabs;math/base/special/abs2
math/base/special/cabs2f,Compute the squared absolute value of a single-precision complex floating-point number.,base.cabs2f,Function,false,true,false,math/base/special/cabs2;math/base/special/cabsf;math/base/special/abs2f
math/base/special/cabsf,Compute the absolute value of a single-precision complex floating-point number.,base.cabsf,Function,false,true,false,math/base/special/cabs;math/base/special/cabs2f;math/base/special/absf
math/base/special/cbrt,Compute the cube root of a double-precision floating-point number.,base.cbrt,Function,false,true,false,math/base/special/pow;math/base/special/sqrt
math/base/special/cbrtf,Compute the cube root of a single-precision floating-point number.,base.cbrtf,Function,false,true,false,math/base/special/cbrt;math/base/special/sqrtf
math/base/special/cceil,Round each component of a double-precision complex floating-point number toward positive infinity.,base.cceil,Function,false,true,false,math/base/special/cceiln;math/base/special/cfloor;math/base/special/cround
math/base/special/cceilf,Round each component of a single-precision complex floating-point number toward positive infinity.,base.cceilf,Function,false,true,false,math/base/special/cceil
math/base/special/cceiln,Round each component of a double-precision complex floating-point number to the nearest multiple of 10^n toward positive infinity.,base.cceiln,Function,false,true,false,math/base/special/cceil;math/base/special/cfloorn;math/base/special/croundn
math/base/special/ccis,Compute the ccis function of a double-precision complex floating-point number.,base.ccis,Function,false,true,false,
math/base/special/ceil,Round a double-precision floating-point number toward positive infinity.,base.ceil,Function,false,true,false,math/base/special/ceiln;math/base/special/floor;math/base/special/round
math/base/special/ceil10,Round a numeric value to the nearest power of 10 toward positive infinity.,base.ceil10,Function,false,true,false,math/base/special/ceil;math/base/special/ceil2;math/base/special/floor10;math/base/special/round10
math/base/special/ceil2,Round a numeric value to the nearest power of two toward positive infinity.,base.ceil2,Function,false,true,false,math/base/special/ceil;math/base/special/ceil10;math/base/special/floor2;math/base/special/round2
math/base/special/ceilb,Round a numeric value to the nearest multiple of b^n toward positive infinity.,base.ceilb,Function,false,true,false,math/base/special/ceil;math/base/special/ceiln;math/base/special/floorb;math/base/special/roundb
math/base/special/ceilf,Round a single-precision floating-point number toward positive infinity.,base.ceilf,Function,false,true,false,math/base/special/floorf
math/base/special/ceiln,Round a numeric value to the nearest multiple of 10^n toward positive infinity.,base.ceiln,Function,false,true,false,math/base/special/ceil;math/base/special/ceilb;math/base/special/floorn;math/base/special/roundn
math/base/special/ceilsd,Round a numeric value to the nearest number toward positive infinity with N significant figures.,base.ceilsd,Function,false,true,false,math/base/special/ceil;math/base/special/floorsd;math/base/special/roundsd;math/base/special/truncsd
math/base/special/cexp,Evaluate the exponential function for a double-precision complex floating-point number.,base.cexp,Function,false,true,false,
math/base/special/cflipsign,Return a double-precision complex floating-point number with the same magnitude as `z` and the sign of `y*z`.,base.cflipsign,Function,false,true,false,complex/float64/base/neg;math/base/special/csignum
math/base/special/cflipsignf,Return a single-precision complex floating-point number with the same magnitude as `z` and the sign of `y*z`.,base.cflipsignf,Function,false,true,false,complex/float32/base/neg;math/base/special/cflipsign
math/base/special/cfloor,Round each component of a double-precision complex floating-point number toward negative infinity.,base.cfloor,Function,false,true,false,math/base/special/cceil;math/base/special/cfloorn;math/base/special/cround
math/base/special/cfloorf,Round each component of a single-precision complex floating-point number toward negative infinity.,,,false,true,false,
math/base/special/cfloorn,Round each component of a double-precision complex floating-point number to the nearest multiple of 10^n toward negative infinity.,base.cfloorn,Function,false,true,false,math/base/special/cceiln;math/base/special/cfloor;math/base/special/croundn
math/base/special/cinv,Compute the inverse of a double-precision complex floating-point number.,base.cinv,Function,false,true,false,complex/float64/base/div;math/base/special/cinvf
math/base/special/cinvf,Compute the inverse of a single-precision complex floating-point number.,base.cinvf,Function,false,true,false,math/base/special/cinv
math/base/special/clamp,Restrict a double-precision floating-point number to a specified range.,base.clamp,Function,false,true,false,math/base/special/clampf;math/base/special/wrap
math/base/special/clampf,Restrict a single-precision floating-point number to a specified range.,base.clampf,Function,false,true,false,math/base/special/clamp
math/base/special/copysign,Return a double-precision floating-point number with the magnitude of x and the sign of y.,base.copysign,Function,false,true,false,math/base/special/flipsign
math/base/special/copysignf,Return a single-precision floating-point number with the magnitude of x and the sign of y.,base.copysignf,Function,false,true,false,math/base/special/copysign;math/base/special/flipsignf
math/base/special/cos,Compute the cosine of a number.,base.cos,Function,false,true,false,math/base/special/cospi;math/base/special/cosm1;math/base/special/sin;math/base/special/tan
math/base/special/cosd,Compute the cosine of an angle measured in degrees.,base.cosd,Function,false,true,false,math/base/special/tand
math/base/special/cosdf,Compute the cosine of a single-precision floating-point number (in degrees).,,,false,true,false,
math/base/special/cosf,Compute the cosine of a single-precision floating-point number (in radians).,,,false,true,false,
math/base/special/cosh,Compute the hyperbolic cosine of a double-precision floating-point number.,base.cosh,Function,false,true,false,math/base/special/cos;math/base/special/sinh;math/base/special/tanh
math/base/special/coshf,Compute the hyperbolic cosine of a single-precision floating-point number.,,,false,true,false,
math/base/special/cosm1,Compute the cosine of a number minus one.,base.cosm1,Function,false,true,false,math/base/special/cos
math/base/special/cosm1f,Compute the cosine of a single-precision floating-point number minus one.,,,false,true,false,
math/base/special/cospi,Compute cos(πx).,base.cospi,Function,false,true,false,math/base/special/cos
math/base/special/cospif,Compute cos(πx) in single-precision floating-point format.,,,false,true,false,
math/base/special/cot,Evaluate the cotangent of a number.,base.cot,Function,false,true,false,math/base/special/csc;math/base/special/tan
math/base/special/cotd,Compute the cotangent of an angle measured in degrees.,base.cotd,Function,false,true,false,math/base/special/cscd;math/base/special/secd;math/base/special/tand
math/base/special/cotdf,Compute the cotangent of a single-precision floating-point number (in degrees).,,,false,true,false,
math/base/special/cotf,Evaluate the cotangent of a single-precision floating-point number (in radians).,,,false,true,false,
math/base/special/coth,Compute the hyperbolic cotangent of a number.,base.coth,Function,false,true,false,math/base/special/acoth;math/base/special/cot;math/base/special/csch;math/base/special/tanh
math/base/special/covercos,Compute the coversed cosine.,base.covercos,Function,false,true,false,math/base/special/coversin;math/base/special/vercos
math/base/special/covercosf,Compute the coversed cosine of a single-precision floating-point number (in radians).,,,false,true,false,
math/base/special/coversin,Compute the coversed sine.,base.coversin,Function,false,true,false,math/base/special/covercos;math/base/special/versin
math/base/special/coversinf,Compute the coversed sine of a single-precision floating-point number (in radians).,,,false,true,false,
math/base/special/cphase,Compute the argument of a double-precision complex floating-point number in radians.,base.cphase,Function,false,true,false,math/base/special/cabs
math/base/special/cphasef,Compute the argument of a single-precision complex floating-point number in radians.,,,false,true,false,
math/base/special/cpolar,Compute the absolute value and the phase of a double-precision complex floating-point number.,base.cpolar,Function,false,true,false,math/base/special/cabs;math/base/special/cphase
math/base/special/cpolarf,Compute the absolute value and the phase of a single-precision complex floating-point number.,,,false,true,false,
math/base/special/cround,Round each component of a double-precision complex floating-point number to the nearest integer.,base.cround,Function,false,true,false,math/base/special/cceil;math/base/special/cfloor;math/base/special/croundn
math/base/special/croundf,Round each component of a single-precision complex floating-point number to the nearest integer.,,,false,true,false,
math/base/special/croundn,Round each component of a double-precision complex floating-point number to the nearest multiple of 10^n.,base.croundn,Function,false,true,false,math/base/special/cceiln;math/base/special/cfloorn;math/base/special/cround
math/base/special/csc,Compute the cosecant of a number.,base.csc,Function,false,true,false,math/base/special/cot;math/base/special/sin
math/base/special/cscd,Compute the cosecant of a degree.,base.cscd,Function,false,true,false,math/base/special/cotd;math/base/special/secd
math/base/special/cscdf,Compute the cosecant of a single-precision floating-point number (in degrees).,,,false,true,false,
math/base/special/cscf,Compute the cosecant of a single-precision floating-point number (in radians).,,,false,true,false,
math/base/special/csch,Compute the hyperbolic cosecant of a number.,base.csch,Function,false,true,false,math/base/special/acsch;math/base/special/csc;math/base/special/coth;math/base/special/sinh
math/base/special/csignum,Evaluate the signum function of a double-precision complex floating-point number.,base.csignum,Function,false,true,false,math/base/special/signum
math/base/special/csignumf,Evaluate the signum function of a single-precision complex floating-point number.,,,false,true,false,
math/base/special/deg2rad,Convert an angle from degrees to radians.,base.deg2rad,Function,false,true,false,math/base/special/rad2deg
math/base/special/deg2radf,Convert an angle from degrees to radians (single-precision).,base.deg2radf,Function,false,true,false,math/base/special/deg2rad;math/base/special/rad2degf
math/base/special/digamma,Digamma function.,base.digamma,Function,false,true,false,math/base/special/gamma;math/base/special/trigamma
math/base/special/dirac-delta,Evaluate the Dirac delta function.,base.diracDelta,Function,false,true,false,math/base/special/kronecker-delta
math/base/special/dirac-deltaf,Evaluate the Dirac delta function for a single-precision floating-point number.,,,false,true,false,
math/base/special/dirichlet-eta,Dirichlet eta function.,base.eta,Function,false,true,false,
math/base/special/ellipe,Compute the complete elliptic integral of the second kind.,base.ellipe,Function,false,true,false,math/base/special/ellipj;math/base/special/ellipk
math/base/special/ellipj,"Compute the Jacobi elliptic functions sn, cn, and dn.",base.ellipj,Function,false,true,false,math/base/special/ellipe;math/base/special/ellipk
math/base/special/ellipk,Compute the complete elliptic integral of the first kind.,base.ellipk,Function,false,true,false,math/base/special/ellipe;math/base/special/ellipj
math/base/special/erf,Error function.,base.erf,Function,false,true,false,math/base/special/erfc;math/base/special/erfinv;math/base/special/erfcinv
math/base/special/erfc,Complementary error function.,base.erfc,Function,false,true,false,math/base/special/erf;math/base/special/erfinv;math/base/special/erfcinv;math/base/special/erfcx
math/base/special/erfcinv,Inverse complementary error function.,base.erfcinv,Function,false,true,false,math/base/special/erf;math/base/special/erfc;math/base/special/erfinv;math/base/special/erfcx
math/base/special/erfcx,Scaled complementary error function.,base.erfcx,Function,false,true,false,math/base/special/erfc;math/base/special/erfcinv;math/base/special/erf;math/base/special/erfinv
math/base/special/erfinv,Inverse error function.,base.erfinv,Function,false,true,false,math/base/special/erf;math/base/special/erfc;math/base/special/erfcinv
math/base/special/exp,Natural exponential function.,base.exp,Function,false,true,false,math/base/special/exp10;math/base/special/exp2;math/base/special/expm1;math/base/special/ln
math/base/special/exp10,Base 10 exponential function.,base.exp10,Function,false,true,false,math/base/special/exp;math/base/special/exp2;math/base/special/log10
math/base/special/exp2,Base 2 exponential function.,base.exp2,Function,false,true,false,math/base/special/exp;math/base/special/exp10;math/base/special/log2
math/base/special/expit,Standard logistic function.,base.expit,Function,false,true,false,math/base/special/exp;math/base/special/logit
math/base/special/expm1,Compute exp(x) - 1.,base.expm1,Function,false,true,false,math/base/special/exp;math/base/special/expm1rel
math/base/special/expm1rel,Relative error exponential.,base.expm1rel,Function,false,true,false,math/base/special/exp;math/base/special/expm1
math/base/special/factorial,Evaluate a factorial.,base.factorial,Function,false,true,false,math/base/special/factorialln
math/base/special/factorial2,Evaluate the double factorial.,base.factorial2,Function,false,true,false,math/base/special/factorial
math/base/special/factorial2f,Evaluate the double factorial function as a single-precision floating-point number.,,,false,true,false,
math/base/special/factorialln,Evaluate the natural logarithm of the factorial function.,base.factorialln,Function,false,true,false,math/base/special/factorial
math/base/special/factoriallnf,Evaluate the natural logarithm of the factorial of a single-precision floating-point number.,,,false,true,false,
math/base/special/falling-factorial,Compute the falling factorial.,base.fallingFactorial,Function,false,true,false,math/base/special/rising-factorial
math/base/special/fast/abs,Compute an absolute value.,fastmath.abs,Function,false,true,false,math/base/special/abs
math/base/special/fast/absf,Compute the absolute value of a single-precision floating-point number.,,,false,true,false,
math/base/special/fast/acosh,Compute the hyperbolic arccosine of a number.,fastmath.acosh,Function,false,true,false,math/base/special/acosh
math/base/special/fast/alpha-max-plus-beta-min,Compute the hypotenuse using the alpha max plus beta min algorithm.,fastmath.ampbm,Function,false,true,false,math/base/special/hypot
math/base/special/fast/asinh,Compute the hyperbolic arcsine of a number.,fastmath.asinh,Function,false,true,false,math/base/special/asinh
math/base/special/fast/atanh,Compute the hyperbolic arctangent of a number.,fastmath.atanh,Function,false,true,false,math/base/special/atanh
math/base/special/fast/atanhf,Compute the hyperbolic arctangent of a single-precision floating-point number.,,,false,true,false,
math/base/special/fast/hypot,Compute the hypotenuse.,fastmath.hypot,Function,false,true,false,math/base/special/hypot
math/base/special/fast/hypotf,Compute the hypotenuse of a single-precision floating-point number.,,,false,true,false,
math/base/special/fast/max,Return the maximum value.,fastmath.max,Function,false,true,false,math/base/special/max
math/base/special/fast/maxf,Return the maximum single-precision floating-point number.,,,false,true,false,
math/base/special/fast/min,Return the minimum value.,fastmath.min,Function,false,true,false,math/base/special/min
math/base/special/fast/minf,Return the minimum single-precision floating-point number.,,,false,true,false,
math/base/special/fast,Fast math special functions.,,,false,false,false,
math/base/special/fast/pow-int,Exponential function.,fastmath.powint,Function,false,true,false,math/base/special/pow
math/base/special/fast/uint32-log2,Compute an integer binary logarithm (base two).,fastmath.log2Uint32,Function,false,true,false,math/base/special/log2
math/base/special/fast/uint32-sqrt,Compute an integer square root.,fastmath.sqrtUint32,Function,false,true,false,math/base/special/sqrt
math/base/special/fibonacci-index,Compute the Fibonacci number index.,base.fibonacciIndex,Function,false,true,false,math/base/special/fibonacci
math/base/special/fibonacci-indexf,Compute the Fibonacci number index of a single-precision floating-point number.,,,false,true,false,
math/base/special/fibonacci,Compute the nth Fibonacci number.,base.fibonacci,Function,false,true,false,math/base/special/binet;math/base/special/fibonacci-index;math/base/special/lucas;math/base/special/negafibonacci
math/base/special/fibonaccif,Compute the nth Fibonacci number as a single-precision floating-point number.,,,false,true,false,
math/base/special/flipsign,Return a double-precision floating-point number with the magnitude of x and the sign of x*y.,base.flipsign,Function,false,true,false,math/base/special/copysign
math/base/special/flipsignf,Return a single-precision floating-point number with the magnitude of x and the sign of x*y.,base.flipsignf,Function,false,true,false,math/base/special/copysignf;math/base/special/flipsign
math/base/special/floor,Round a double-precision floating-point number toward negative infinity.,base.floor,Function,false,true,false,math/base/special/ceil;math/base/special/round
math/base/special/floor10,Round a numeric value to the nearest power of 10 toward negative infinity.,base.floor10,Function,false,true,false,math/base/special/ceil10;math/base/special/floor;math/base/special/floor2;math/base/special/round10
math/base/special/floor2,Round a numeric value to the nearest power of two toward negative infinity.,base.floor2,Function,false,true,false,math/base/special/ceil2;math/base/special/floor;math/base/special/floor10;math/base/special/round2
math/base/special/floor2f,Round a single-precision floating-point number to the nearest power of two toward negative infinity.,,,false,true,false,
math/base/special/floorb,Round a numeric value to the nearest multiple of b^n toward negative infinity.,base.floorb,Function,false,true,false,math/base/special/ceilb;math/base/special/floor;math/base/special/floorn;math/base/special/roundb
math/base/special/floorf,Round a single-precision floating-point number toward negative infinity.,base.floorf,Function,false,true,false,math/base/special/ceilf;math/base/special/floor
math/base/special/floorn,Round a double-precision floating-point number to the nearest multiple of 10^n toward negative infinity.,base.floorn,Function,false,true,false,math/base/special/ceiln;math/base/special/floor;math/base/special/floorb;math/base/special/roundn
math/base/special/floornf,Round a single-precision floating-point number to the nearest multiple of 10^n toward negative infinity.,,,false,true,false,
math/base/special/floorsd,Round a numeric value to the nearest number toward negative infinity with N significant figures.,base.floorsd,Function,false,true,false,math/base/special/ceilsd;math/base/special/floor;math/base/special/roundsd;math/base/special/truncsd
math/base/special/fmod,Modulus function.,,,false,true,false,
math/base/special/fmodf,Evaluate the modulus function for single-precision floating-point numbers.,,,false,true,false,
math/base/special/fresnel,Compute the Fresnel integrals S(x) and C(x).,base.fresnel,Function,false,true,false,math/base/special/fresnelc;math/base/special/fresnels
math/base/special/fresnelc,Compute the Fresnel integral C(x).,base.fresnelc,Function,false,true,false,math/base/special/fresnel;math/base/special/fresnels
math/base/special/fresnels,Compute the Fresnel integral S(x).,base.fresnels,Function,false,true,false,math/base/special/fresnel;math/base/special/fresnelc
math/base/special/frexp,Split a double-precision floating-point number into a normalized fraction and an integer power of two.,base.frexp,Function,false,true,false,math/base/special/ldexp
math/base/special/frexpf,Split a single-precision floating-point number into a normalized fraction and an integer power of two.,,,false,true,false,
math/base/special/gamma-delta-ratio,Compute the ratio of two gamma functions.,base.gammaDeltaRatio,Function,false,true,false,math/base/special/gamma
math/base/special/gamma-lanczos-sum-expg-scaled,Calculate a scaled Lanczos sum for the approximation of the gamma function.,base.gammaLanczosSumExpGScaled,Function,false,true,false,math/base/special/gamma;math/base/special/gamma-lanczos-sum
math/base/special/gamma-lanczos-sum-expg-scaledf,Calculate a scaled Lanczos sum for the approximation of the gamma function as a single precision floating-point number.,,,false,true,false,
math/base/special/gamma-lanczos-sum,Calculate the Lanczos sum for the approximation of the gamma function.,base.gammaLanczosSum,Function,false,true,false,math/base/special/gamma;math/base/special/gamma-lanczos-sum-expg-scaled
math/base/special/gamma,Gamma function.,base.gamma,Function,false,true,false,math/base/special/gamma1pm1;math/base/special/gammainc;math/base/special/gammaincinv;math/base/special/gammaln
math/base/special/gamma1pm1,Compute gamma(x+1) - 1.,base.gamma1pm1,Function,false,true,false,math/base/special/gamma;math/base/special/gammainc;math/base/special/gammaincinv;math/base/special/gammaln
math/base/special/gammainc,Incomplete gamma function.,base.gammainc,Function,false,true,false,math/base/special/gamma;math/base/special/gamma1pm1;math/base/special/gammaincinv;math/base/special/gammaln
math/base/special/gammaincinv,Inverse incomplete gamma function.,base.gammaincinv,Function,false,false,false,math/base/special/gamma;math/base/special/gamma1pm1;math/base/special/gammainc;math/base/special/gammaln
math/base/special/gammaln,Natural logarithm of the gamma function.,base.gammaln,Function,false,true,false,math/base/special/gamma;math/base/special/gammainc;math/base/special/gammaincinv
math/base/special/gammasgn,Sign of the gamma function.,base.gammasgn,Function,false,true,false,math/base/special/gamma
math/base/special/gammasgnf,Computes the sign of the gamma function for a single-precision floating-point number.,,,false,true,false,
math/base/special/gcd,Compute the greatest common divisor (gcd).,base.gcd,Function,false,true,false,math/base/special/lcm
math/base/special/gcdf,Compute the greatest common divisor (gcd) of two single-precision floating-point numbers.,,,false,true,false,
math/base/special/hacovercos,Compute the half-value coversed cosine.,base.hacovercos,Function,false,true,false,math/base/special/hacoversin;math/base/special/havercos
math/base/special/hacovercosf,Compute the half-value coversed cosine of a single-precision floating-point number (in radians).,,,false,true,false,
math/base/special/hacoversin,Compute the half-value coversed sine.,base.hacoversin,Function,false,true,false,math/base/special/hacovercos;math/base/special/haversin
math/base/special/hacoversinf,Compute the half-value coversed sine of a single-precision floating-point number (in radians).,,,false,true,false,
math/base/special/havercos,Compute the half-value versed cosine.,base.havercos,Function,false,true,false,math/base/special/haversin;math/base/special/vercos
math/base/special/havercosf,Compute the half-value versed cosine of a single-precision floating-point number (in radians).,,,false,true,false,
math/base/special/haversin,Compute the half-value versed sine.,base.haversin,Function,false,true,false,math/base/special/havercos;math/base/special/versin
math/base/special/haversinf,Compute the half-value versed sine of a single-precision floating-point number (in radians).,,,false,true,false,
math/base/special/heaviside,Evaluate the Heaviside function.,base.heaviside,Function,false,true,false,math/base/special/ramp
math/base/special/heavisidef,Evaluate the Heaviside function for a single-precision floating-point number.,,,false,true,false,
math/base/special/hyp2f1,Evaluates the Gaussian hypergeometric function.,,,false,true,false,
math/base/special/hypot,Compute the hypotenuse avoiding overflow and underflow.,base.hypot,Function,false,true,false,
math/base/special/hypotf,Compute the hypotenuse avoiding overflow and underflow (single-precision).,base.hypotf,Function,false,true,false,math/base/special/hypot
math/base/special/inv,Compute the multiplicative inverse of a double-precision floating-point number.,base.inv,Function,false,true,false,math/base/special/pow
math/base/special/invf,Compute the multiplicative inverse of a single-precision floating-point number.,base.invf,Function,false,true,false,math/base/special/inv
math/base/special/kernel-betainc,Incomplete beta function and its first derivative.,base.kernelBetainc,Function,false,false,false,math/base/special/betainc
math/base/special/kernel-betaincinv,Inverse incomplete beta function.,base.kernelBetaincinv,Function,false,false,false,math/base/special/betaincinv
math/base/special/kernel-cos,"Compute the cosine of a double-precision floating-point number on [-π/4, π/4].",base.kernelCos,Function,false,true,false,math/base/special/cos;math/base/special/kernel-sin;math/base/special/kernel-tan
math/base/special/kernel-cosf,"Compute the cosine of a number on [-π/4, π/4] in single-precision floating-point format.",,,false,true,false,
math/base/special/kernel-log1p,"Evaluate a correction term for double-precision base-2 and base-10 logarithms when 1+f is in [√2/2, √2].",base.kernelLog1p,Function,false,true,false,math/base/special/log1p
math/base/special/kernel-log1pf,"Evaluate a correction term for single-precision base-2 and base-10 logarithms when 1+f is in [√2/2, √2].",,,false,true,false,
math/base/special/kernel-sin,"Compute the sine of a double-precision floating-point number on [-π/4, π/4].",base.kernelSin,Function,false,true,false,math/base/special/kernel-cos;math/base/special/kernel-tan;math/base/special/sin
math/base/special/kernel-sincos,"Simultaneously compute the sine and cosine of an angle measured in radians on the interval [-π/4, π/4].",,,false,true,false,
math/base/special/kernel-sincosf,"Simultaneously compute the sine and cosine of an angle measured in radians on [-π/4, π/4] in single-precision floating-point format.",,,false,true,false,
math/base/special/kernel-sinf,"Compute the sine of a number on [-π/4, π/4] in single-precision floating-point format.",,,false,true,false,
math/base/special/kernel-tan,"Compute the tangent of a double-precision floating-point number on [-π/4, π/4].",base.kernelTan,Function,false,true,false,math/base/special/kernel-cos;math/base/special/kernel-sin;math/base/special/tan
math/base/special/kernel-tanf,"Compute the tangent of a number on [-π/4, π/4] in single-precision floating-point format.",,,false,true,false,
math/base/special/kronecker-delta,Evaluate the Kronecker delta.,base.kroneckerDelta,Function,false,true,false,math/base/special/dirac-delta
math/base/special/kronecker-deltaf,Evaluate the Kronecker delta (single-precision).,base.kroneckerDeltaf,Function,false,true,false,math/base/special/kronecker-delta
math/base/special/labs,Compute an absolute value of a signed 32-bit integer.,base.labs,Function,false,true,false,math/base/special/abs
math/base/special/lcm,Compute the least common multiple (lcm).,base.lcm,Function,false,true,false,math/base/special/gcd
math/base/special/lcmf,Compute the least common multiple (lcm) of two single-precision floating-point numbers.,,,false,true,false,
math/base/special/ldexp,Multiply a double-precision floating-point number by an integer power of two.,base.ldexp,Function,false,true,false,math/base/special/frexp
math/base/special/ldexpf,Multiply a single-precision floating-point number by an integer power of two.,,,false,true,false,
math/base/special/ln,Evaluate the natural logarithm of a double-precision floating-point number.,base.ln,Function,false,true,false,math/base/special/exp;math/base/special/log10;math/base/special/log1p;math/base/special/log2
math/base/special/lnf,Evaluate the natural logarithm of a single-precision floating-point number.,,,false,true,false,
math/base/special/log,Compute the base `b` logarithm of a double-precision floating-point number.,base.log,Function,false,true,false,math/base/special/exp;math/base/special/ln;math/base/special/log10;math/base/special/log1p;math/base/special/log2
math/base/special/log10,Common logarithm (base ten).,base.log10,Function,false,true,false,math/base/special/exp10;math/base/special/ln;math/base/special/log
math/base/special/log1mexp,Evaluate the natural logarithm of 1-exp(-|x|).,base.log1mexp,Function,false,true,false,math/base/special/exp;math/base/special/ln;math/base/special/log1p;math/base/special/log1pexp
math/base/special/log1p,Evaluate the natural logarithm of 1+x.,base.log1p,Function,false,true,false,math/base/special/ln;math/base/special/log
math/base/special/log1pexp,Evaluate the natural logarithm of 1+exp(x).,base.log1pexp,Function,false,true,false,math/base/special/exp;math/base/special/ln;math/base/special/log1mexp;math/base/special/log1p
math/base/special/log1pf,Evaluate the natural logarithm of 1+x as a single-precision floating-point number.,,,false,true,false,
math/base/special/log1pmx,Evaluate ln(1+x) - x.,base.log1pmx,Function,false,true,false,math/base/special/ln;math/base/special/log1p
math/base/special/log2,Binary logarithm (base 2).,base.log2,Function,false,true,false,math/base/special/exp2;math/base/special/ln;math/base/special/log
math/base/special/logaddexp,Compute the natural logarithm of exp(x) + exp(y).,base.logaddexp,Function,false,true,false,math/base/special/exp;math/base/special/ln
math/base/special/logf,Compute the base `b` logarithm of a single-precision floating-point number.,,,false,true,false,
math/base/special/logit,Logit function.,base.logit,Function,false,true,false,
math/base/special/logitf,Logit function for a single-precision floating-point number.,,,false,true,false,
math/base/special/lucas,Compute the nth Lucas number.,base.lucas,Function,false,true,false,math/base/special/fibonacci;math/base/special/negalucas
math/base/special/lucasf,Compute the nth Lucas number as a single-precision floating-point number.,,,false,true,false,
math/base/special/max,Return the maximum value.,base.max,Function,false,true,false,math/base/special/maxabs;math/base/special/maxn;math/base/special/min
math/base/special/maxabs,Return the maximum absolute value.,base.maxabs,Function,false,true,false,math/base/special/max;math/base/special/minabs
math/base/special/maxabsf,Return the maximum absolute single-precision floating-point number.,,,false,true,false,
math/base/special/maxabsn,Return the maximum absolute value.,base.maxabsn,Function,false,false,false,math/base/special/maxn;math/base/special/maxabs;math/base/special/minabsn
math/base/special/maxf,Return the maximum single-precision floating-point number.,,,false,true,false,
math/base/special/maxn,Return the maximum value.,base.maxn,Function,false,false,false,math/base/special/max;math/base/special/maxabsn;math/base/special/minn
math/base/special/min,Return the minimum value.,base.min,Function,false,true,false,math/base/special/max;math/base/special/minabs;math/base/special/minn
math/base/special/minabs,Return the minimum absolute value.,base.minabs,Function,false,true,false,math/base/special/maxabs;math/base/special/min
math/base/special/minabsf,Return the minimum absolute single-precision floating-point number.,,,false,true,false,
math/base/special/minabsn,Return the minimum absolute value.,base.minabsn,Function,false,false,false,math/base/special/maxabsn;math/base/special/minn;math/base/special/minabs
math/base/special/minf,Return the minimum single-precision floating-point number.,,,false,true,false,
math/base/special/minmax,Return the minimum and maximum values.,base.minmax,Function,false,true,false,math/base/special/max;math/base/special/min;math/base/special/minmaxabs
math/base/special/minmaxabs,Return the minimum and maximum absolute values.,base.minmaxabs,Function,false,true,false,math/base/special/maxabs;math/base/special/minabs;math/base/special/minmax
math/base/special/minmaxabsf,Return the minimum and maximum absolute values of two single-precision floating-point numbers.,,,false,true,false,
math/base/special/minmaxabsn,Return the minimum and maximum absolute values.,base.minmaxabsn,Function,false,false,false,math/base/special/maxabsn;math/base/special/minabsn;math/base/special/minmaxn
math/base/special/minmaxf,Return the minimum and maximum of two single-precision floating-point numbers.,,,false,true,false,
math/base/special/minmaxn,Return the minimum and maximum values.,base.minmaxn,Function,false,false,false,math/base/special/maxn;math/base/special/minn;math/base/special/minmaxabsn
math/base/special/minn,Return the minimum value.,base.minn,Function,false,false,false,math/base/special/maxn;math/base/special/min;math/base/special/minabsn
math/base/special/modf,Decompose a double-precision floating-point number into integral and fractional parts.,base.modf,Function,false,true,false,
math/base/special/modff,Decompose a single-precision floating-point number into integral and fractional parts.,,,false,true,false,
math/base/special/nanmax,"Return the maximum value, ignoring NaN.",,,false,true,false,
math/base/special/nanmaxf,"Return the maximum value of two single-precision floating-point numbers, ignoring NaN.",,,false,true,false,
math/base/special/nanmin,"Return the minimum value, ignoring NaN.",,,false,true,false,
math/base/special/nanminf,"Return the minimum value of two single-precision floating-point numbers, ignoring NaN.",,,false,true,false,
math/base/special/negafibonacci,Compute the nth negaFibonacci number.,base.negafibonacci,Function,false,true,false,math/base/special/fibonacci;math/base/special/negalucas
math/base/special/negafibonaccif,Compute the nth negaFibonacci number as a single-precision floating-point number.,,,false,true,false,
math/base/special/negalucas,Compute the nth negaLucas number.,base.negalucas,Function,false,true,false,math/base/special/fibonacci;math/base/special/lucas;math/base/special/negafibonacci
math/base/special/negalucasf,Compute the nth negaLucas number in single-precision floating-point format.,,,false,true,false,
math/base/special/nonfibonacci,Compute the nth non-Fibonacci number.,base.nonfibonacci,Function,false,true,false,math/base/special/fibonacci
math/base/special/nonfibonaccif,Compute the nth non-Fibonacci single-precision floating-point number.,,,false,true,false,
math/base/special,"Base (i.e., lower-level) special math functions.",,,false,false,false,
math/base/special/pdiff,Return the positive difference between `x` and `y`.,base.pdiff,Function,false,true,false,
math/base/special/pdifff,Return the positive difference between `x` and `y`.,base.pdifff,Function,false,true,false,math/base/special/pdiff
math/base/special/polygamma,Polygamma function.,base.polygamma,Function,false,false,false,math/base/special/trigamma;math/base/special/digamma;math/base/special/gamma
math/base/special/pow,Exponential function.,base.pow,Function,false,true,false,math/base/special/exp;math/base/special/powm1
math/base/special/powf,Exponential function for a single-precision floating-point number.,,,false,true,false,
math/base/special/powm1,Evaluate bˣ - 1.,base.powm1,Function,false,true,false,math/base/special/pow
math/base/special/rad2deg,Convert an angle from radians to degrees.,base.rad2deg,Function,false,true,false,math/base/special/deg2rad
math/base/special/rad2degf,Convert an angle from radians to degrees (single-precision).,base.rad2degf,Function,false,true,false,math/base/special/rad2deg
math/base/special/ramp,Evaluate the ramp function.,base.ramp,Function,false,true,false,math/base/special/heaviside
math/base/special/rampf,Evaluate the ramp function (single-precision).,base.rampf,Function,false,true,false,math/base/special/ramp
math/base/special/rcbrt,Compute the reciprocal cube root of a double-precision floating-point number.,base.rcbrt,Function,false,true,false,math/base/special/cbrt
math/base/special/rcbrtf,Compute the reciprocal cube root of a single-precision floating-point number.,base.rcbrtf,Function,false,true,false,math/base/special/rcbrt;math/base/special/cbrtf
math/base/special/rempio2,Compute `x - nπ/2 = r`.,base.rempio2,Function,false,true,false,
math/base/special/rempio2f,Compute `x - nπ/2 = r`.,,,false,true,false,
math/base/special/riemann-zeta,Riemann Zeta function.,base.zeta,Function,false,true,false,
math/base/special/rising-factorial,Compute the rising factorial.,base.risingFactorial,Function,false,true,false,math/base/special/falling-factorial
math/base/special/round-nearest-even,Round a double-precision floating-point number to the nearest integer value with ties rounding to the nearest even integer.,,,false,true,false,
math/base/special/round,Round a numeric value to the nearest integer.,base.round,Function,false,true,false,math/base/special/ceil;math/base/special/floor;math/base/special/roundn;math/base/special/trunc
math/base/special/round10,Round a numeric value to the nearest power of 10 on a linear scale.,base.round10,Function,false,true,false,math/base/special/ceil10;math/base/special/floor10;math/base/special/round;math/base/special/round2
math/base/special/round2,Round a numeric value to the nearest power of two on a linear scale.,base.round2,Function,false,true,false,math/base/special/ceil2;math/base/special/floor2;math/base/special/round;math/base/special/round10
math/base/special/roundb,Round a numeric value to the nearest multiple of b^n on a linear scale.,base.roundb,Function,false,true,false,math/base/special/ceilb;math/base/special/floorb;math/base/special/round;math/base/special/roundn
math/base/special/roundf,Round a single-precision floating-point number to the nearest integer.,,,false,true,false,
math/base/special/roundn,Round a double-precision floating-point number to the nearest multiple of 10^n.,base.roundn,Function,false,true,false,math/base/special/ceiln;math/base/special/floorn;math/base/special/round;math/base/special/roundb
math/base/special/roundnf,Round a single-precision floating-point number to the nearest multiple of 10^n.,,,false,true,false,
math/base/special/roundsd,Round a double-precision floating-point number to the nearest value with N significant figures.,base.roundsd,Function,false,true,false,math/base/special/ceilsd;math/base/special/floorsd;math/base/special/round;math/base/special/truncsd
math/base/special/rsqrt,Compute the reciprocal square root of a double-precision floating-point number.,base.rsqrt,Function,false,true,false,math/base/special/sqrt
math/base/special/rsqrtf,Compute the reciprocal square root of a single-precision floating-point number.,base.rsqrtf,Function,false,true,false,math/base/special/rsqrt;math/base/special/sqrtf
math/base/special/sec,Compute the secant of a number.,,,false,true,false,
math/base/special/secd,Compute the secant of an angle measured in degrees.,base.secd,Function,false,true,false,math/base/special/cosd;math/base/special/cos
math/base/special/secdf,Compute the secant of a single-precision floating-point number (in degrees).,,,false,true,false,
math/base/special/secf,Compute the secant of a single-precision floating-point number (in radians).,,,false,true,false,
math/base/special/sech,Compute the hyperbolic secant of a double-precision floating-point number.,,,false,true,false,
math/base/special/sici,Sine and cosine integrals.,base.sici,Function,false,false,false,
math/base/special/signum,Evaluate the signum function for a double-precision floating-point number.,base.signum,Function,false,true,false,
math/base/special/signumf,Evaluate the signum function for a single-precision floating-point number.,base.signumf,Function,false,true,false,math/base/special/signum
math/base/special/sin,Compute the sine of a number.,base.sin,Function,false,true,false,math/base/special/cos;math/base/special/sinpi;math/base/special/tan
math/base/special/sinc,Compute the normalized cardinal sine of a number.,base.sinc,Function,false,true,false,math/base/special/sin
math/base/special/sincf,Compute the normalized cardinal sine of a single-precision floating-point number (in radians).,,,false,true,false,
math/base/special/sincos,Simultaneously compute the sine and cosine of an angle measured in radians.,base.sincos,Function,false,true,false,math/base/special/cos;math/base/special/sin;math/base/special/sincospi
math/base/special/sincosd,Simultaneously compute the sine and cosine of an angle measured in degrees.,,,false,true,false,
math/base/special/sincosdf,Simultaneously compute the sine and cosine of a single-precision floating-point number (in degrees).,,,false,true,false,
math/base/special/sincosf,Simultaneously compute the sine and cosine of a single-precision floating-point number (in radians).,,,false,true,false,
math/base/special/sincospi,Simultaneously compute the sine and cosine of a number times π.,base.sincospi,Function,false,true,false,math/base/special/cospi;math/base/special/sincos;math/base/special/sinpi
math/base/special/sind,Compute the sine of an angle measured in degrees.,,,false,true,false,
math/base/special/sindf,Compute the sine of a single-precision floating-point number (in degrees).,,,false,true,false,
math/base/special/sinf,Compute the sine of a single-precision floating-point number (in radians).,,,false,true,false,
math/base/special/sinh,Compute the hyperbolic sine of a double-precision floating-point number.,base.sinh,Function,false,true,false,math/base/special/cosh;math/base/special/sin;math/base/special/tanh
math/base/special/sinpi,Compute sin(πx).,base.sinpi,Function,false,true,false,math/base/special/sin
math/base/special/sinpif,Compute sin(πx) in single-precision floating-point format.,,,false,true,false,
math/base/special/spence,"Spence's function, also known as the dilogarithm.",base.spence,Function,false,true,false,
math/base/special/spencef,Spence's function (the dilogarithm) for a single-precision floating-point number.,,,false,true,false,
math/base/special/sqrt,Compute the principal square root of a double-precision floating-point number.,base.sqrt,Function,false,true,false,math/base/special/cbrt;math/base/special/rsqrt
math/base/special/sqrt1pm1,Compute sqrt(1 + x) - 1.,base.sqrt1pm1,Function,false,true,false,math/base/special/sqrt
math/base/special/sqrtf,Compute the principal square root of a single-precision floating-point number.,base.sqrtf,Function,false,true,false,math/base/special/cbrtf;math/base/special/rsqrtf;math/base/special/sqrt
math/base/special/sqrtpi,Compute the principal square root of the product of π and a positive double-precision floating-point number.,base.sqrtpi,Function,false,true,false,math/base/special/sqrt
math/base/special/sqrtpif,Compute the principal square root of the product of π and a positive single-precision floating-point number.,,,false,true,false,
math/base/special/tan,Evaluate the tangent of a number.,base.tan,Function,false,true,false,math/base/special/cos;math/base/special/sin
math/base/special/tand,Compute the tangent of an angle measured in degrees.,base.tand,Function,false,true,false,math/base/special/tan;math/base/special/cosd
math/base/special/tandf,Compute the tangent of a single-precision floating-point number (in degrees).,,,false,true,false,
math/base/special/tanf,Evaluate the tangent of a single-precision floating-point number (in radians).,,,false,true,false,
math/base/special/tanh,Compute the hyperbolic tangent of a double-precision floating-point number.,base.tanh,Function,false,true,false,math/base/special/cosh;math/base/special/sinh;math/base/special/tan
math/base/special/tribonacci,Compute the nth Tribonacci number.,base.tribonacci,Function,false,true,false,math/base/special/fibonacci
math/base/special/tribonaccif,Compute the nth Tribonacci number as a single-precision floating-point number.,,,false,true,false,
math/base/special/trigamma,Trigamma function.,base.trigamma,Function,false,true,false,math/base/special/digamma;math/base/special/gamma
math/base/special/trigammaf,Trigamma function for a single-precision floating-point number.,,,false,true,false,
math/base/special/trunc,Round a double-precision floating-point number toward zero.,base.trunc,Function,false,true,false,math/base/special/ceil;math/base/special/floor;math/base/special/round
math/base/special/trunc10,Round a numeric value to the nearest power of 10 toward zero.,base.trunc10,Function,false,true,false,math/base/special/ceil10;math/base/special/floor10;math/base/special/round10;math/base/special/trunc;math/base/special/trunc2
math/base/special/trunc2,Round a numeric value to the nearest power of two toward zero.,base.trunc2,Function,false,true,false,math/base/special/ceil2;math/base/special/floor2;math/base/special/round2;math/base/special/trunc;math/base/special/trunc10
math/base/special/truncb,Round a numeric value to the nearest multiple of b^n toward zero.,base.truncb,Function,false,true,false,math/base/special/ceilb;math/base/special/floorb;math/base/special/roundb;math/base/special/trunc;math/base/special/truncn
math/base/special/truncf,Round a single-precision floating-point number toward zero.,base.truncf,Function,false,true,false,math/base/special/ceilf;math/base/special/floorf;math/base/special/trunc
math/base/special/truncn,Round a numeric value to the nearest multiple of 10^n toward zero.,base.truncn,Function,false,true,false,math/base/special/ceiln;math/base/special/floorn;math/base/special/roundn;math/base/special/trunc;math/base/special/truncb
math/base/special/truncsd,Round a numeric value to the nearest number toward zero with N significant figures.,base.truncsd,Function,false,true,false,math/base/special/ceilsd;math/base/special/floorsd;math/base/special/roundsd;math/base/special/trunc
math/base/special/vercos,Compute the versed cosine.,base.vercos,Function,false,true,false,math/base/special/cos;math/base/special/versin
math/base/special/vercosf,Compute the versed cosine of a single-precision floating-point number (in radians).,,,false,true,false,
math/base/special/versin,Compute the versed sine.,base.versin,Function,false,true,false,math/base/special/cos;math/base/special/sin;math/base/special/vercos
math/base/special/versinf,Compute the versed sine of a single-precision floating-point number (in radians).,,,false,true,false,
math/base/special/wrap,"Wrap a value to the half-open interval [min,max).",base.wrap,Function,false,true,false,math/base/special/clamp
math/base/special/wrapf,"Wrap a single-precision floating-point value to the half-open interval [min,max).",,,false,true,false,
math/base/special/xlog1py,Compute `x * ln(y+1)` so that the result is `0` if `x = 0`.,base.xlog1py,Function,false,true,false,math/base/special/log1p;math/base/special/xlogy
math/base/special/xlogy,Compute `x * ln(y)` so that the result is `0` if `x = 0`.,base.xlogy,Function,false,true,false,math/base/special/ln;math/base/special/xlog1py
math/base/special/xlogyf,Compute `x * ln(y)` so that the result is `0` if `x = 0` for single-precision floating-point numbers `x` and `y`.,,,false,true,false,
math/base/tools/chebyshev-series,Evaluate a Chebyshev series.,,,false,false,false,
math/base/tools/chebyshev-seriesf,Evaluate a Chebyshev series using single-precision floating-point arithmetic.,,,false,false,false,
math/base/tools/continued-fraction,Continued fraction approximation.,base.continuedFraction,Function,false,false,false,
math/base/tools/evalpoly-compile-c,Compile a C function for evaluating a polynomial.,,,false,false,false,
math/base/tools/evalpoly-compile,Compile a module for evaluating a polynomial.,,,false,false,false,
math/base/tools/evalpoly,Evaluate a polynomial using double-precision floating-point arithmetic.,base.evalpoly,Function,false,false,false,math/base/tools/evalrational
math/base/tools/evalpolyf,Evaluate a polynomial using single-precision floating-point arithmetic.,,,false,false,false,
math/base/tools/evalrational-compile-c,Compile a C function for evaluating a rational function.,,,false,false,false,
math/base/tools/evalrational-compile,Compile a module for evaluating a rational function.,,,false,false,false,
math/base/tools/evalrational,Evaluate a rational function using double-precision floating-point arithmetic.,base.evalrational,Function,false,false,false,math/base/tools/evalpoly
math/base/tools/evalrationalf,Evaluate a rational function using single-precision floating-point arithmetic.,,,false,false,false,
math/base/tools/fibpoly,Evaluate a Fibonacci polynomial.,base.fibpoly,Function,false,false,false,math/base/tools/evalpoly;math/base/tools/lucaspoly
math/base/tools/hermitepoly,Evaluate a physicist's Hermite polynomial.,base.hermitepoly,Function,false,false,false,math/base/tools/evalpoly;math/base/tools/normhermitepoly
math/base/tools/lucaspoly,Evaluate a Lucas polynomial.,base.lucaspoly,Function,false,false,false,math/base/tools/evalpoly;math/base/tools/fibpoly
math/base/tools/normhermitepoly,Evaluate a normalized Hermite polynomial using double-precision floating-point arithmetic.,base.normhermitepoly,Function,false,false,false,math/base/tools/evalpoly;math/base/tools/hermitepoly
math/base/tools/normhermitepolyf,Evaluate a normalized Hermite polynomial using single-precision floating-point arithmetic.,,,false,false,false,
math/base/tools,Base math tools.,,,false,false,false,
math/base/tools/sum-series,Compute the sum of an infinite series.,base.sumSeries,Function,false,false,false,
math/base/utils/absolute-difference,Compute the absolute difference of two real numbers.,base.absdiff,Function,false,false,false,math/base/utils/relative-difference;math/base/utils/float64-epsilon-difference
math/base/utils/float64-epsilon-difference,Compute the relative difference of two real numbers in units of double-precision floating-point epsilon.,base.epsdiff,Function,false,false,false,math/base/utils/absolute-difference;math/base/utils/relative-difference
math/base/utils,Base math utilities.,,,false,false,false,
math/base/utils/relative-difference,Compute the relative difference of two real numbers.,base.reldiff,Function,false,false,false,math/base/utils/absolute-difference;math/base/utils/float64-epsilon-difference
math/iter/ops/add,Create an iterator which performs element-wise addition of two or more iterators.,iterAdd,Function,false,false,false,math/iter/ops/divide;math/iter/ops/multiply;math/iter/ops/subtract
math/iter/ops/divide,Create an iterator which performs element-wise division of two or more iterators.,iterDivide,Function,false,false,false,math/iter/ops/add;math/iter/ops/divide;math/iter/ops/multiply
math/iter/ops/mod,Create an iterator which performs an element-wise modulo operation of two or more iterators.,iterMod,Function,false,false,false,math/iter/ops/divide
math/iter/ops/multiply,Create an iterator which performs element-wise multiplication of two or more iterators.,iterMultiply,Function,false,false,false,math/iter/ops/add;math/iter/ops/divide;math/iter/ops/subtract
math/iter/ops,Math operator iterators.,,,false,false,false,
math/iter/ops/subtract,Create an iterator which performs element-wise subtraction of two or more iterators.,iterSubtract,Function,false,false,false,math/iter/ops/add;math/iter/ops/divide;math/iter/ops/multiply
math/iter,Math iterators.,,,false,false,false,
math/iter/sequences/composites,Create an iterator which generates a sequence of composite numbers.,iterCompositesSeq,Function,false,false,false,math/iter/sequences/integers;math/iter/sequences/positive-integers;math/iter/sequences/primes
math/iter/sequences/continued-fraction,Create an iterator which generates a list of all continued fraction terms which can be obtained given the precision of a provided number.,iterContinuedFractionSeq,Function,false,false,false,math/iter/utils/continued-fraction
math/iter/sequences/cubes,Create an iterator which generates a sequence of cubes.,iterCubesSeq,Function,false,false,false,math/iter/sequences/fourth-powers;math/iter/sequences/squares
math/iter/sequences/even-integers,Create an iterator which generates an interleaved sequence of even integers.,iterEvenIntegersSeq,Function,false,false,false,math/iter/sequences/integers;math/iter/sequences/odd-integers
math/iter/sequences/factorials,Create an iterator which generates a sequence of factorials.,iterFactorialsSeq,Function,false,false,false,math/iter/special/factorial
math/iter/sequences/fibonacci,Create an iterator which generates a Fibonacci sequence.,iterFibonacciSeq,Function,false,false,false,math/base/special/fibonacci;math/iter/sequences/lucas;math/iter/sequences/negafibonacci;math/iter/sequences/nonfibonacci
math/iter/sequences/fifth-powers,Create an iterator which generates a sequence of fifth powers.,iterFifthPowersSeq,Function,false,false,false,math/iter/sequences/cubes;math/iter/sequences/fourth-powers;math/iter/sequences/squares
math/iter/sequences/fourth-powers,Create an iterator which generates a sequence of fourth powers.,iterFourthPowersSeq,Function,false,false,false,math/iter/sequences/cubes;math/iter/sequences/fifth-powers;math/iter/sequences/squares
math/iter/sequences/integers,Create an iterator which generates an interleaved integer sequence.,iterIntegersSeq,Function,false,false,false,math/iter/sequences/negative-integers;math/iter/sequences/nonnegative-integers;math/iter/sequences/nonpositive-integers;math/iter/sequences/positive-integers
math/iter/sequences/lucas,Create an iterator which generates a Lucas sequence.,iterLucasSeq,Function,false,false,false,math/base/special/lucas;math/iter/sequences/fibonacci;math/iter/sequences/negalucas
math/iter/sequences/negafibonacci,Create an iterator which generates a negaFibonacci sequence.,iterNegaFibonacciSeq,Function,false,false,false,math/base/special/negafibonacci;math/iter/sequences/fibonacci;math/iter/sequences/nonfibonacci
math/iter/sequences/negalucas,Create an iterator which generates a negaLucas sequence.,iterNegaLucasSeq,Function,false,false,false,math/base/special/negalucas;math/iter/sequences/lucas;math/iter/sequences/negafibonacci
math/iter/sequences/negative-even-integers,Create an iterator which generates a sequence of negative even integers.,iterNegativeEvenIntegersSeq,Function,false,false,false,math/iter/sequences/even-integers;math/iter/sequences/integers;math/iter/sequences/negative-integers;math/iter/sequences/negative-odd-integers;math/iter/sequences/positive-even-integers;math/iter/sequences/nonpositive-even-integers
math/iter/sequences/negative-integers,Create an iterator which generates a negative integer sequence.,iterNegativeIntegersSeq,Function,false,false,false,math/iter/sequences/integers;math/iter/sequences/nonnegative-integers;math/iter/sequences/nonpositive-integers;math/iter/sequences/positive-integers
math/iter/sequences/negative-odd-integers,Create an iterator which generates a sequence of negative odd integers.,iterNegativeOddIntegersSeq,Function,false,false,false,math/iter/sequences/odd-integers;math/iter/sequences/integers;math/iter/sequences/negative-integers;math/iter/sequences/negative-even-integers;math/iter/sequences/positive-odd-integers
math/iter/sequences/nonfibonacci,Create an iterator which generates a non-Fibonacci integer sequence.,iterNonFibonacciSeq,Function,false,false,false,math/base/special/nonfibonacci;math/iter/sequences/fibonacci
math/iter/sequences/nonnegative-even-integers,Create an iterator which generates a sequence of nonnegative even integers.,iterNonNegativeEvenIntegersSeq,Function,false,false,false,math/iter/sequences/even-integers;math/iter/sequences/integers;math/iter/sequences/nonnegative-integers;math/iter/sequences/nonpositive-even-integers;math/iter/sequences/positive-even-integers
math/iter/sequences/nonnegative-integers,Create an iterator which generates a nonnegative integer sequence.,iterNonNegativeIntegersSeq,Function,false,false,false,math/iter/sequences/integers;math/iter/sequences/negative-integers;math/iter/sequences/nonpositive-integers;math/iter/sequences/positive-integers
math/iter/sequences/nonpositive-even-integers,Create an iterator which generates a sequence of nonpositive even integers.,iterNonPositiveEvenIntegersSeq,Function,false,false,false,math/iter/sequences/even-integers;math/iter/sequences/integers;math/iter/sequences/nonnegative-even-integers;math/iter/sequences/nonpositive-integers;math/iter/sequences/negative-even-integers
math/iter/sequences/nonpositive-integers,Create an iterator which generates a nonpositive integer sequence.,iterNonPositiveIntegersSeq,Function,false,false,false,math/iter/sequences/integers;math/iter/sequences/negative-integers;math/iter/sequences/nonnegative-integers;math/iter/sequences/positive-integers
math/iter/sequences/nonsquares,Create an iterator which generates a sequence of nonsquares.,iterNonSquaresSeq,Function,false,false,false,math/iter/sequences/cubes;math/iter/sequences/squares
math/iter/sequences/odd-integers,Create an iterator which generates an interleaved sequence of odd integers.,iterOddIntegersSeq,Function,false,false,false,math/iter/sequences/even-integers;math/iter/sequences/integers
math/iter/sequences,Math iterators for generating sequences.,,,false,false,false,
math/iter/sequences/positive-even-integers,Create an iterator which generates a sequence of positive even integers.,iterPositiveEvenIntegersSeq,Function,false,false,false,math/iter/sequences/even-integers;math/iter/sequences/integers;math/iter/sequences/negative-even-integers;math/iter/sequences/nonnegative-even-integers;math/iter/sequences/positive-integers;math/iter/sequences/positive-odd-integers
math/iter/sequences/positive-integers,Create an iterator which generates a positive integer sequence.,iterPositiveIntegersSeq,Function,false,false,false,math/iter/sequences/nonnegative-integers;math/iter/sequences/nonpositive-integers;math/iter/sequences/negative-integers
math/iter/sequences/positive-odd-integers,Create an iterator which generates a sequence of positive odd integers.,iterPositiveOddIntegersSeq,Function,false,false,false,math/iter/sequences/odd-integers;math/iter/sequences/integers;math/iter/sequences/negative-odd-integers;math/iter/sequences/positive-even-integers;math/iter/sequences/positive-integers
math/iter/sequences/primes,Create an iterator which generates a sequence of prime numbers.,iterPrimesSeq,Function,false,false,false,math/iter/sequences/composites;math/iter/sequences/integers;math/iter/sequences/positive-integers
math/iter/sequences/squared-triangular,Create an iterator which generates a sequence of squared triangular numbers.,iterSquaredTriangularSeq,Function,false,false,false,math/iter/sequences/triangular
math/iter/sequences/squares,Create an iterator which generates a sequence of squares.,iterSquaresSeq,Function,false,false,false,math/iter/sequences/cubes;math/iter/sequences/nonsquares
math/iter/sequences/triangular,Create an iterator which generates a sequence of triangular numbers.,iterTriangularSeq,Function,false,false,false,math/iter/sequences/squared-triangular
math/iter/sequences/tribonacci,Create an iterator which generates a Tribonacci sequence.,iterTribonnaciSeq,Function,false,false,false,math/base/special/tribonacci;math/base/special/fibonacci;math/iter/sequences/lucas
math/iter/special/abs,Create an iterator which computes the absolute value of each iterated value.,iterAbs,Function,false,false,false,math/base/special/abs;math/iter/special/abs2
math/iter/special/abs2,Create an iterator which computes the squared absolute value of each iterated value.,iterAbs2,Function,false,false,false,math/base/special/abs2;math/iter/special/abs
math/iter/special/acos,Create an iterator which computes the arccosine of each iterated value.,iterAcos,Function,false,false,false,math/base/special/acos;math/iter/special/acosh;math/iter/special/asin;math/iter/special/atan
math/iter/special/acosh,Create an iterator which computes the hyperbolic arccosine of each iterated value.,iterAcosh,Function,false,false,false,math/base/special/acosh;math/iter/special/acos;math/iter/special/asinh;math/iter/special/atanh
math/iter/special/acot,Create an iterator which computes the inverse cotangent of each iterated value.,iterAcot,Function,false,false,false,math/base/special/acot;math/iter/special/acos;math/iter/special/acoth;math/iter/special/asin;math/iter/special/atan
math/iter/special/acoth,Create an iterator which computes the inverse hyperbolic cotangent of each iterated value.,iterAcoth,Function,false,false,false,math/base/special/acoth;math/iter/special/acosh;math/iter/special/acot;math/iter/special/asinh;math/iter/special/atanh
math/iter/special/acovercos,Create an iterator which computes the inverse coversed cosine of each iterated value.,iterAcovercos,Function,false,false,false,math/base/special/acovercos;math/iter/special/acoversin;math/iter/special/avercos;math/iter/special/covercos;math/iter/special/vercos
math/iter/special/acoversin,Create an iterator which computes the inverse coversed sine of each iterated value.,iterAcoversin,Function,false,false,false,math/base/special/acoversin;math/iter/special/acovercos;math/iter/special/aversin;math/iter/special/coversin;math/iter/special/versin
math/iter/special/ahavercos,Create an iterator which computes the inverse half-value versed cosine of each iterated value.,iterAhavercos,Function,false,false,false,math/base/special/ahavercos;math/iter/special/ahaversin;math/iter/special/havercos;math/iter/special/vercos
math/iter/special/ahaversin,Create an iterator which computes the inverse half-value versed sine of each iterated value.,iterAhaversin,Function,false,false,false,math/base/special/ahaversin;math/iter/special/ahavercos;math/iter/special/haversin;math/iter/special/versin
math/iter/special/asin,Create an iterator which computes the arcsine of each iterated value.,iterAsin,Function,false,false,false,math/base/special/asin;math/iter/special/acos;math/iter/special/asinh;math/iter/special/atan
math/iter/special/asinh,Create an iterator which computes the hyperbolic arcsine of each iterated value.,iterAsinh,Function,false,false,false,math/base/special/asinh;math/iter/special/acosh;math/iter/special/asin;math/iter/special/atanh
math/iter/special/atan,Create an iterator which computes the arctangent of each iterated value.,iterAtan,Function,false,false,false,math/base/special/atan;math/iter/special/acos;math/iter/special/asin;math/iter/special/atanh
math/iter/special/atan2,"Create an iterator which computes the angle in the plane (in radians) between the positive x-axis and the ray from (0,0) to the point (x,y).",iterAtan2,Function,false,false,false,math/base/special/atan2;math/iter/special/atan
math/iter/special/atanh,Create an iterator which computes the hyperbolic arctangent of each iterated value.,iterAtanh,Function,false,false,false,math/base/special/atanh;math/iter/special/acosh;math/iter/special/asinh;math/iter/special/atan
math/iter/special/avercos,Create an iterator which computes the inverse versed cosine of each iterated value.,iterAvercos,Function,false,false,false,math/base/special/avercos;math/iter/special/aversin;math/iter/special/versin
math/iter/special/aversin,Create an iterator which computes the inverse versed sine of each iterated value.,iterAversin,Function,false,false,false,math/base/special/aversin;math/iter/special/avercos;math/iter/special/vercos
math/iter/special/besselj0,Create an iterator which evaluates the Bessel function of the first kind of order zero for each iterated value.,iterBesselj0,Function,false,false,false,math/base/special/besselj0;math/iter/special/besselj1;math/iter/special/bessely0;math/iter/special/bessely1
math/iter/special/besselj1,Create an iterator which evaluates the Bessel function of the first kind of order one for each iterated value.,iterBesselj1,Function,false,false,false,math/base/special/besselj1;math/iter/special/besselj0;math/iter/special/bessely0;math/iter/special/bessely1
math/iter/special/bessely0,Create an iterator which evaluates the Bessel function of the second kind of order zero for each iterated value.,iterBessely0,Function,false,false,false,math/base/special/bessely0;math/iter/special/besselj0;math/iter/special/besselj1;math/iter/special/bessely1
math/iter/special/bessely1,Create an iterator which evaluates the Bessel function of the second kind of order one for each iterated value.,iterBessely1,Function,false,false,false,math/base/special/bessely1;math/iter/special/besselj0;math/iter/special/besselj1;math/iter/special/bessely0
math/iter/special/beta,Create an iterator which evaluates the beta function.,iterBeta,Function,false,false,false,math/base/special/beta;math/iter/special/betaln
math/iter/special/betaln,Create an iterator which evaluates the natural logarithm of the beta function.,iterBetaln,Function,false,false,false,math/base/special/betaln;math/iter/special/beta
math/iter/special/binet,Create an iterator which evaluates Binet's formula for each iterated value.,iterBinet,Function,false,false,false,math/base/special/binet
math/iter/special/cbrt,Create an iterator which computes the cube root of each iterated value.,iterCbrt,Function,false,false,false,math/base/special/cbrt;math/iter/special/pow;math/iter/special/sqrt
math/iter/special/ceil,Create an iterator which rounds each iterated value toward positive infinity.,iterCeil,Function,false,false,false,math/base/special/ceil;math/iter/special/floor;math/iter/special/round
math/iter/special/ceil10,Create an iterator which rounds each iterated value to the nearest power of 10 toward positive infinity.,iterCeil10,Function,false,false,false,math/base/special/ceil10;math/iter/special/ceil;math/iter/special/ceil2;math/iter/special/floor10;math/iter/special/round10
math/iter/special/ceil2,Create an iterator which rounds each iterated value to the nearest power of two toward positive infinity.,iterCeil2,Function,false,false,false,math/base/special/ceil2;math/iter/special/ceil;math/iter/special/ceil10;math/iter/special/floor2;math/iter/special/round2
math/iter/special/cos,Create an iterator which computes the cosine of each iterated value.,iterCos,Function,false,false,false,math/base/special/cos;math/iter/special/cospi;math/iter/special/sin;math/iter/special/tan
math/iter/special/cosh,Create an iterator which computes the hyperbolic cosine for each iterated value.,iterCosh,Function,false,false,false,math/base/special/cosh;math/iter/special/cos;math/iter/special/sinh;math/iter/special/tanh
math/iter/special/cosm1,Create an iterator which computes `cos(x) - 1` for each iterated value.,iterCosm1,Function,false,false,false,math/base/special/cosm1;math/iter/special/cos
math/iter/special/cospi,Create an iterator which computes the cosine of each iterated value times π.,iterCospi,Function,false,false,false,math/base/special/cospi;math/iter/special/cos
math/iter/special/covercos,Create an iterator which computes the coversed cosine for each iterated value.,iterCovercos,Function,false,false,false,math/base/special/covercos;math/iter/special/coversin;math/iter/special/vercos
math/iter/special/coversin,Create an iterator which computes the coversed sine for each iterated value.,iterCoversin,Function,false,false,false,math/base/special/coversin;math/iter/special/covercos;math/iter/special/versin
math/iter/special/deg2rad,Create an iterator which converts an angle from degrees to radians for each iterated value.,iterDeg2rad,Function,false,false,false,math/base/special/deg2rad;math/iter/special/rad2deg
math/iter/special/digamma,Create an iterator which evaluates the digamma function for each iterated value.,iterDigamma,Function,false,false,false,math/base/special/digamma;math/iter/special/gamma;math/iter/special/trigamma
math/iter/special/dirac-delta,Create an iterator which evaluates the Dirac delta function for each iterated value.,iterDiracDelta,Function,false,false,false,math/base/special/dirac-delta
math/iter/special/dirichlet-eta,Create an iterator which evaluates the Dirichlet eta function for each iterated value.,iterEta,Function,false,false,false,math/base/special/dirichlet-eta
math/iter/special/ellipe,Create an iterator which computes the complete elliptic integral of the second kind for each iterated value.,iterEllipe,Function,false,false,false,math/base/special/ellipe;math/iter/special/ellipk
math/iter/special/ellipk,Create an iterator which computes the complete elliptic integral of the first kind for each iterated value.,iterEllipk,Function,false,false,false,math/base/special/ellipk;math/iter/special/ellipe
math/iter/special/erf,Create an iterator which evaluates the error function for each iterated value.,iterErf,Function,false,false,false,math/base/special/erf;math/iter/special/erfc;math/iter/special/erfinv;math/iter/special/erfcinv
math/iter/special/erfc,Create an iterator which evaluates the complementary error function for each iterated value.,iterErfc,Function,false,false,false,math/base/special/erfc;math/iter/special/erf;math/iter/special/erfinv;math/iter/special/erfcinv
math/iter/special/erfcinv,Create an iterator which evaluates the inverse complementary error function for each iterated value.,iterErfcinv,Function,false,false,false,math/base/special/erfcinv;math/iter/special/erf;math/iter/special/erfc;math/iter/special/erfinv
math/iter/special/erfinv,Create an iterator which evaluates the inverse error function for each iterated value.,iterErfinv,Function,false,false,false,math/base/special/erfinv;math/iter/special/erf;math/iter/special/erfc;math/iter/special/erfcinv
math/iter/special/exp,Create an iterator which evaluates the natural exponential function for each iterated value.,iterExp,Function,false,false,false,math/base/special/exp;math/iter/special/exp10;math/iter/special/exp2;math/iter/special/expm1;math/iter/special/ln
math/iter/special/exp10,Create an iterator which evaluates the base 10 exponential function for each iterated value.,iterExp10,Function,false,false,false,math/base/special/exp10;math/iter/special/exp;math/iter/special/exp2;math/iter/special/log10
math/iter/special/exp2,Create an iterator which evaluates the base 2 exponential function for each iterated value.,iterExp2,Function,false,false,false,math/base/special/exp2;math/iter/special/exp;math/iter/special/exp10;math/iter/special/log2
math/iter/special/expit,Create an iterator which evaluates the standard logistic function for each iterated value.,iterExpit,Function,false,false,false,math/base/special/expit;math/iter/special/exp;math/iter/special/logit
math/iter/special/expm1,Create an iterator which computes `exp(x) - 1` for each iterated value.,iterExpm1,Function,false,false,false,math/base/special/expm1;math/iter/special/exp;math/iter/special/expm1rel
math/iter/special/expm1rel,Create an iterator which evaluates the relative error exponential for each iterated value.,iterExpm1rel,Function,false,false,false,math/base/special/expm1rel;math/iter/special/exp;math/iter/special/expm1
math/iter/special/factorial,Create an iterator which evaluates the factorial function for each iterated value.,iterFactorial,Function,false,false,false,math/base/special/factorial;math/iter/special/factorialln
math/iter/special/factorialln,Create an iterator which evaluates the natural logarithm of the factorial function for each iterated value.,iterFactorialln,Function,false,false,false,math/base/special/factorialln;math/iter/special/factorial
math/iter/special/floor,Create an iterator which rounds each iterated value toward negative infinity.,iterFloor,Function,false,false,false,math/base/special/floor;math/iter/special/ceil;math/iter/special/round
math/iter/special/floor10,Create an iterator which rounds each iterated value to the nearest power of 10 toward negative infinity.,iterFloor10,Function,false,false,false,math/base/special/floor10;math/iter/special/ceil10;math/iter/special/floor;math/iter/special/floor2;math/iter/special/round10
math/iter/special/floor2,Create an iterator which rounds each iterated value to the nearest power of two toward negative infinity.,iterFloor2,Function,false,false,false,math/base/special/floor2;math/iter/special/ceil2;math/iter/special/floor;math/iter/special/floor10;math/iter/special/round2
math/iter/special/fresnelc,Create an iterator which computes the Fresnel integral C(x) for each iterated value.,iterFresnelc,Function,false,false,false,math/base/special/fresnelc;math/iter/special/fresnels
math/iter/special/fresnels,Create an iterator which computes the Fresnel integral S(x) for each iterated value.,iterFresnels,Function,false,false,false,math/base/special/fresnels;math/iter/special/fresnelc
math/iter/special/gamma,Create an iterator which evaluates the gamma function for each iterated value.,iterGamma,Function,false,false,false,math/base/special/gamma;math/iter/special/gamma1pm1;math/iter/special/gammaln
math/iter/special/gamma1pm1,Create an iterator which computes `gamma(x+1) - 1` for each iterated value.,iterGamma1pm1,Function,false,false,false,math/base/special/gamma1pm1;math/iter/special/gamma
math/iter/special/gammaln,Create an iterator which evaluates the natural logarithm of the gamma function for each iterated value.,iterGammaln,Function,false,false,false,math/base/special/gammaln;math/iter/special/gamma
math/iter/special/hacovercos,Create an iterator which computes the half-value coversed cosine for each iterated value.,iterHacovercos,Function,false,false,false,math/base/special/hacovercos;math/iter/special/covercos;math/iter/special/hacoversin
math/iter/special/hacoversin,Create an iterator which computes the half-value coversed sine for each iterated value.,iterHacoversin,Function,false,false,false,math/base/special/hacoversin;math/iter/special/coversin;math/iter/special/hacovercos
math/iter/special/havercos,Create an iterator which computes the half-value versed cosine for each iterated value.,iterHavercos,Function,false,false,false,math/base/special/havercos;math/iter/special/haversin;math/iter/special/vercos
math/iter/special/haversin,Create an iterator which computes the half-value versed sine for each iterated value.,iterHaversin,Function,false,false,false,math/base/special/haversin;math/iter/special/havercos;math/iter/special/versin
math/iter/special/inv,Create an iterator which computes the multiplicative inverse of each iterated value.,iterInv,Function,false,false,false,math/base/special/inv;math/iter/special/pow
math/iter/special/ln,Create an iterator which evaluates the natural logarithm for each iterated value.,iterLn,Function,false,false,false,math/base/special/ln;math/iter/special/exp;math/iter/special/log10;math/iter/special/log1p;math/iter/special/log2
math/iter/special/log,Create an iterator which computes the base `b` logarithm.,iterLog,Function,false,false,false,math/base/special/log;math/iter/special/log10;math/iter/special/log1p;math/iter/special/log2;math/iter/special/pow
math/iter/special/log10,Create an iterator which evaluates the common logarithm (logarithm with base 10) for each iterated value.,iterLog10,Function,false,false,false,math/base/special/log10;math/iter/special/log;math/iter/special/log1p;math/iter/special/log2;math/iter/special/pow
math/iter/special/log1mexp,Create an iterator which evaluates the natural logarithm of 1-exp(-|x|) for each iterated value.,iterLog1mexp,Function,false,false,false,math/base/special/log1mexp;math/iter/special/log;math/iter/special/log1p;math/iter/special/log1pexp;math/iter/special/pow
math/iter/special/log1p,Create an iterator which evaluates the natural logarithm of 1+x for each iterated value.,iterLog1p,Function,false,false,false,math/base/special/log1p;math/iter/special/log;math/iter/special/log10;math/iter/special/log2;math/iter/special/pow
math/iter/special/log1pexp,Create an iterator which evaluates the natural logarithm of 1+exp(x) for each iterated value.,iterLog1pexp,Function,false,false,false,math/base/special/log1pexp;math/iter/special/log;math/iter/special/log1p;math/iter/special/log1mexp;math/iter/special/pow
math/iter/special/log2,Create an iterator which evaluates the binary logarithm for each iterated value.,iterLog2,Function,false,false,false,math/base/special/log2;math/iter/special/log;math/iter/special/log10;math/iter/special/log1p;math/iter/special/pow
math/iter/special/logit,Create an iterator which evaluates the logit function for each iterated value.,iterLogit,Function,false,false,false,math/base/special/logit
math/iter/special,Math iterators for special functions.,,,false,false,false,
math/iter/special/pow,Create an iterator which evaluates the exponential function.,iterPow,Function,false,false,false,math/base/special/pow;math/iter/special/exp;math/iter/special/log
math/iter/special/rad2deg,Create an iterator which converts an angle from radians to degrees for each iterated value.,iterRad2deg,Function,false,false,false,math/base/special/rad2deg;math/iter/special/deg2rad
math/iter/special/ramp,Create an iterator which evaluates the ramp function for each iterated value.,iterRamp,Function,false,false,false,math/base/special/ramp
math/iter/special/riemann-zeta,Create an iterator which evaluates the Riemann zeta function for each iterated value.,iterZeta,Function,false,false,false,math/base/special/riemann-zeta
math/iter/special/round,Create an iterator which rounds each iterated value to the nearest integer.,iterRound,Function,false,false,false,math/base/special/round;math/iter/special/ceil;math/iter/special/floor;math/iter/special/trunc
math/iter/special/round10,Create an iterator which rounds each iterated value to the nearest power of 10 on a linear scale.,iterRound10,Function,false,false,false,math/base/special/round10;math/iter/special/ceil10;math/iter/special/floor10;math/iter/special/round;math/iter/special/round2;math/iter/special/trunc10
math/iter/special/round2,Create an iterator which rounds each iterated value to the nearest power of two on a linear scale.,iterRound2,Function,false,false,false,math/base/special/round2;math/iter/special/ceil2;math/iter/special/floor2;math/iter/special/round;math/iter/special/round10;math/iter/special/trunc2
math/iter/special/rsqrt,Create an iterator which computes the reciprocal (inverse) square root of each iterated value.,iterRsqrt,Function,false,false,false,math/base/special/rsqrt;math/iter/special/sqrt
math/iter/special/signum,Create an iterator which evaluates the signum function for each iterated value.,iterSignum,Function,false,false,false,math/base/special/signum
math/iter/special/sin,Create an iterator which computes the sine of each iterated value.,iterSin,Function,false,false,false,math/base/special/sin;math/iter/special/cos;math/iter/special/sinpi;math/iter/special/tan
math/iter/special/sinc,Create an iterator which computes the normalized cardinal sine for each iterated value.,iterSinc,Function,false,false,false,math/base/special/sinc;math/iter/special/sin
math/iter/special/sinh,Create an iterator which evaluates the hyperbolic sine for each iterated value.,iterSinh,Function,false,false,false,math/base/special/sinh;math/iter/special/cosh;math/iter/special/tanh
math/iter/special/sinpi,Create an iterator which computes the sine of each iterated value times π.,iterSinpi,Function,false,false,false,math/base/special/sinpi;math/iter/special/sin
math/iter/special/spence,Create an iterator which evaluates Spence's function for each iterated value.,iterSpence,Function,false,false,false,math/base/special/spence
math/iter/special/sqrt,Create an iterator which computes the principal square root of each iterated value.,iterSqrt,Function,false,false,false,math/base/special/sqrt;math/iter/special/cbrt;math/iter/special/rsqrt
math/iter/special/sqrt1pm1,Create an iterator which computes `sqrt(1+x) - 1` for each iterated value.,iterSqrt1pm1,Function,false,false,false,math/base/special/sqrt1pm1;math/iter/special/sqrt
math/iter/special/tan,Create an iterator which evaluates the tangent for each iterated value.,iterTan,Function,false,false,false,math/base/special/tan;math/iter/special/cos;math/iter/special/sin
math/iter/special/tanh,Create an iterator which evaluates the hyperbolic tangent for each iterated value.,iterTanh,Function,false,false,false,math/base/special/tanh;math/iter/special/cosh;math/iter/special/sinh;math/iter/special/tan
math/iter/special/trigamma,Create an iterator which evaluates the trigamma function for each iterated value.,iterTrigamma,Function,false,false,false,math/base/special/trigamma;math/iter/special/digamma;math/iter/special/gamma
math/iter/special/trunc,Create an iterator which rounds each iterated value toward zero.,iterTrunc,Function,false,false,false,math/base/special/trunc;math/iter/special/ceil;math/iter/special/floor;math/iter/special/round
math/iter/special/trunc10,Create an iterator which rounds each iterated value to the nearest power of 10 toward zero.,iterTrunc10,Function,false,false,false,math/base/special/trunc10;math/iter/special/ceil10;math/iter/special/floor10;math/iter/special/round10;math/iter/special/trunc
math/iter/special/trunc2,Create an iterator which rounds each iterated value to the nearest power of two toward zero.,iterTrunc2,Function,false,false,false,math/base/special/trunc2;math/iter/special/ceil2;math/iter/special/floor2;math/iter/special/round2;math/iter/special/trunc
math/iter/special/vercos,Create an iterator which computes the versed cosine for each iterated value.,iterVercos,Function,false,false,false,math/base/special/vercos;math/iter/special/cos;math/iter/special/sin;math/iter/special/versin
math/iter/special/versin,Create an iterator which computes the versed sine for each iterated value.,iterVersin,Function,false,false,false,math/base/special/versin;math/iter/special/cos;math/iter/special/sin;math/iter/special/vercos
math/iter/tools/map,Create an iterator which invokes a unary function accepting a single numeric argument for each iterated value.,,,false,false,false,
math/iter/tools/map2,Create an iterator which invokes a binary function accepting numeric arguments for each iterated value.,,,false,false,false,
math/iter/tools/map3,Create an iterator which invokes a ternary function accepting numeric arguments for each iterated value.,,,false,false,false,
math/iter/tools,Math iterator tooling.,,,false,false,false,
math/iter/utils/continued-fraction,Evaluate the terms of a continued fraction.,iterContinuedFraction,Function,false,false,false,math/iter/sequences/continued-fraction
math/iter/utils,Math utility iterators.,,,false,false,false,
math,Standard math.,,,false,false,false,
math/special/abs,Compute the absolute value for each element in an ndarray.,abs,Function,false,true,false,
math/special,Special math functions.,,,false,false,false,
math/strided/ops/add-by,Element-wise addition of two strided arrays via a callback function.,strided.addBy,Function,false,false,false,math/strided/ops/add;math/strided/ops/mul-by;math/strided/ops/sub-by
math/strided/ops/add,Element-wise addition of two strided arrays.,strided.add,Function,false,true,false,math/strided/ops/mul;math/strided/ops/sub
math/strided/ops/mul-by,Element-wise multiplication of two strided arrays via a callback function.,strided.mulBy,Function,false,false,false,math/strided/ops/mul;math/strided/ops/add-by;math/strided/ops/sub-by
math/strided/ops/mul,Element-wise multiplication of two strided arrays.,strided.mul,Function,false,true,false,math/strided/ops/add;math/strided/ops/sub
math/strided/ops,Strided array math operations.,,,false,false,false,
math/strided/ops/sub-by,Element-wise subtraction of two strided arrays via a callback function.,strided.subBy,Function,false,false,false,math/strided/ops/sub;math/strided/ops/add-by;math/strided/ops/mul-by
math/strided/ops/sub,Element-wise subtraction of two strided arrays.,strided.sub,Function,false,true,false,math/strided/ops/add;math/strided/ops/mul
math/strided,Strided array math functions.,,,false,false,false,
math/strided/special/abs-by,Compute the absolute value of each element retrieved from a strided input array via a callback function and assign each result to an element in a strided output array.,strided.absBy,Function,false,false,false,math/strided/special/abs;math/strided/special/abs2-by
math/strided/special/abs,Compute the absolute value for each element in a strided array.,strided.abs,Function,false,true,false,math/strided/special/abs2;math/strided/special/dabs;math/strided/special/sabs
math/strided/special/abs2-by,Compute the squared absolute value of each element retrieved from an input strided array via a callback function.,strided.abs2By,Function,false,false,false,math/strided/special/abs-by;math/strided/special/abs2
math/strided/special/abs2,Compute the squared absolute value for each element in a strided array.,strided.abs2,Function,false,true,false,math/strided/special/abs;math/strided/special/dabs2;math/strided/special/sabs2
math/strided/special/acos-by,Compute the arccosine of each element retrieved from an input strided array via a callback function.,strided.acosBy,Function,false,false,false,
math/strided/special/acosh-by,Compute the hyperbolic arccosine of each element retrieved from an input strided array via a callback function.,strided.acoshBy,Function,false,false,false,
math/strided/special/acot-by,Compute the inverse cotangent of each element retrieved from an input strided array via a callback function.,strided.acotBy,Function,false,false,false,
math/strided/special/acoth-by,Compute the inverse hyperbolic cotangent of each element retrieved from an input strided array via a callback function.,strided.acothBy,Function,false,false,false,
math/strided/special/acovercos-by,Compute the inverse coversed cosine of each element retrieved from an input strided array via a callback function.,strided.acovercosBy,Function,false,false,false,
math/strided/special/acoversin-by,Compute the inverse coversed sine of each element retrieved from an input strided array via a callback function.,strided.acoversinBy,Function,false,false,false,
math/strided/special/ahavercos-by,Compute the inverse half-value versed cosine of each element retrieved from an input strided array via a callback function.,strided.ahavercosBy,Function,false,false,false,math/strided/special/ahaversin-by
math/strided/special/ahaversin-by,Compute the inverse half-value versed sine of each element retrieved from an input strided array via a callback function.,strided.ahaversinBy,Function,false,false,false,math/strided/special/ahavercos-by
math/strided/special/asin-by,Compute the arcsine of each element retrieved from an input strided array via a callback function.,strided.asinBy,Function,false,false,false,math/strided/special/asinh-by
math/strided/special/asinh-by,Compute the hyperbolic arcsine of each element retrieved from an input strided array via a callback function.,strided.asinhBy,Function,false,false,false,math/strided/special/asin-by
math/strided/special/atan-by,Compute the arctangent of each element retrieved from an input strided array via a callback function.,strided.atanBy,Function,false,false,false,math/strided/special/atanh-by
math/strided/special/atanh-by,Compute the hyperbolic arctangent of each element retrieved from an input strided array via a callback function.,strided.atanhBy,Function,false,false,false,math/strided/special/atan-by
math/strided/special/avercos-by,Compute the inverse versed cosine of each element retrieved from an input strided array via a callback function.,strided.avercosBy,Function,false,false,false,
math/strided/special/aversin-by,Compute the inverse versed sine of each element retrieved from an input strided array via a callback function.,strided.aversinBy,Function,false,false,false,
math/strided/special/besselj0-by,Compute the Bessel function of the first kind of order zero for each element retrieved from an input strided array via a callback function.,strided.besselj0By,Function,false,false,false,math/strided/special/besselj1-by;math/strided/special/bessely0-by;math/strided/special/bessely1-by
math/strided/special/besselj1-by,Compute the Bessel function of the first kind of order one for each element retrieved from an input strided array via a callback function.,strided.besselj1By,Function,false,false,false,math/strided/special/besselj0-by;math/strided/special/bessely0-by;math/strided/special/bessely1-by
math/strided/special/bessely0-by,Compute the Bessel function of the second kind of order zero for each element retrieved from an input strided array via a callback function.,strided.bessely0By,Function,false,false,false,math/strided/special/besselj0-by;math/strided/special/besselj1-by;math/strided/special/bessely1-by
math/strided/special/bessely1-by,Compute the Bessel function of the second kind of order one for each element retrieved from an input strided array via a callback function.,strided.bessely1By,Function,false,false,false,math/strided/special/besselj0-by;math/strided/special/besselj1-by;math/strided/special/bessely0-by
math/strided/special/binet-by,Evaluate Binet's formula extended to real numbers for each element retrieved from an input strided array via a callback function.,strided.binetBy,Function,false,false,false,
math/strided/special/cbrt-by,Compute the cube root of each element retrieved from an input strided array via a callback function.,strided.cbrtBy,Function,false,false,false,math/strided/special/cbrt
math/strided/special/cbrt,Compute the cube root of each element in a strided array.,strided.cbrt,Function,false,true,false,math/strided/special/dcbrt;math/strided/special/scbrt;math/strided/special/sqrt
math/strided/special/ceil,Round each element in a strided array toward positive infinity.,strided.ceil,Function,false,true,false,math/strided/special/dceil;math/strided/special/floor;math/strided/special/trunc;math/strided/special/sceil
math/strided/special/cos-by,Compute the cosine for each element retrieved from an input strided array via a callback function.,strided.cosBy,Function,false,false,false,
math/strided/special/dabs,Compute the absolute value for each element in a double-precision floating-point strided array.,base.strided.dabs,Function,false,true,false,math/strided/special/abs;math/strided/special/dabs2;math/strided/special/sabs
math/strided/special/dabs2,Compute the squared absolute value for each element in a double-precision floating-point strided array.,base.strided.dabs2,Function,false,true,false,math/strided/special/abs2;math/strided/special/dabs;math/strided/special/sabs2
math/strided/special/dcbrt-by,Compute the cube root of each element retrieved from a double-precision floating-point strided array via a callback function.,strided.dcbrtBy,Function,false,false,false,math/strided/special/cbrt
math/strided/special/dcbrt,Compute the cube root of each element in a double-precision floating-point strided array.,base.strided.dcbrt,Function,false,true,false,math/strided/special/cbrt;math/strided/special/dsqrt;math/strided/special/scbrt
math/strided/special/dceil,Round each element in a double-precision floating-point strided array toward positive infinity.,base.strided.dceil,Function,false,true,false,math/strided/special/ceil;math/strided/special/dfloor;math/strided/special/dtrunc;math/strided/special/sceil
math/strided/special/ddeg2rad,Convert each element in a double-precision floating-point strided array from degrees to radians.,base.strided.ddeg2rad,Function,false,true,false,math/strided/special/deg2rad;math/strided/special/sdeg2rad
math/strided/special/deg2rad,Convert each element in a strided array from degrees to radians.,strided.deg2rad,Function,false,true,false,math/strided/special/ddeg2rad;math/strided/special/sdeg2rad
math/strided/special/dfloor,Round each element in a double-precision floating-point strided array toward negative infinity.,base.strided.dfloor,Function,false,true,false,math/strided/special/dceil;math/strided/special/dtrunc;math/strided/special/floor;math/strided/special/sfloor
math/strided/special/dinv,Compute the multiplicative inverse for each element in a double-precision floating-point strided array.,base.strided.dinv,Function,false,true,false,math/strided/special/inv;math/strided/special/sinv
math/strided/special/dmskabs,Compute the absolute value for each element in a double-precision floating-point strided array according to a strided mask array.,base.strided.dmskabs,Function,false,true,false,math/strided/special/dabs;math/strided/special/dmskabs2;math/strided/special/smskabs
math/strided/special/dmskabs2,Compute the squared absolute value for each element in a double-precision floating-point strided array according to a strided mask array.,base.strided.dmskabs2,Function,false,true,false,math/strided/special/dabs2;math/strided/special/dmskabs;math/strided/special/smskabs2
math/strided/special/dmskcbrt,Compute the cube root for each element in a double-precision floating-point strided array according to a strided mask array.,base.strided.dmskcbrt,Function,false,true,false,math/strided/special/dcbrt;math/strided/special/dmsksqrt;math/strided/special/smskcbrt
math/strided/special/dmskceil,Round each element in a double-precision floating-point strided array toward positive infinity according to a strided mask array.,base.strided.dmskceil,Function,false,true,false,math/strided/special/dceil;math/strided/special/dmskfloor;math/strided/special/dmsktrunc;math/strided/special/smskceil
math/strided/special/dmskdeg2rad,Convert each element in a double-precision floating-point strided array from degrees to radians according to a strided mask array.,base.strided.dmskdeg2rad,Function,false,true,false,math/strided/special/ddeg2rad;math/strided/special/dmskdeg2rad;math/strided/special/smskdeg2rad
math/strided/special/dmskfloor,Round each element in a double-precision floating-point strided array toward negative infinity according to a strided mask array.,base.strided.dmskfloor,Function,false,true,false,math/strided/special/dfloor;math/strided/special/dmskceil;math/strided/special/dmsktrunc;math/strided/special/smskfloor
math/strided/special/dmskinv,Compute the multiplicative inverse for each element in a double-precision floating-point strided array according to a strided mask array.,base.strided.dmskinv,Function,false,true,false,math/strided/special/dinv;math/strided/special/smskinv
math/strided/special/dmskramp,Evaluate the ramp function for each element in a double-precision floating-point strided array according to a strided mask array.,base.strided.dmskramp,Function,false,true,false,math/strided/special/dramp;math/strided/special/smskramp
math/strided/special/dmskrsqrt,Compute the reciprocal square root for each element in a double-precision floating-point strided array according to a strided mask array.,base.strided.dmskrsqrt,Function,false,true,false,math/strided/special/dmsksqrt;math/strided/special/dsqrt;math/strided/special/smskrsqrt
math/strided/special/dmsksqrt,Compute the principal square root for each element in a double-precision floating-point strided array according to a strided mask array.,base.strided.dmsksqrt,Function,false,true,false,math/strided/special/dmskcbrt;math/strided/special/dmskrsqrt;math/strided/special/dsqrt;math/strided/special/smsksqrt
math/strided/special/dmsktrunc,Round each element in a double-precision floating-point strided array toward zero according to a strided mask array.,base.strided.dmsktrunc,Function,false,true,false,math/strided/special/dmskceil;math/strided/special/dmskfloor;math/strided/special/dtrunc;math/strided/special/smsktrunc
math/strided/special/dramp,Evaluate the ramp function for each element in a double-precision floating-point strided array.,base.strided.dramp,Function,false,true,false,math/strided/special/ramp;math/strided/special/sramp
math/strided/special/drsqrt,Compute the reciprocal square root for each element in a double-precision floating-point strided array.,base.strided.drsqrt,Function,false,true,false,math/strided/special/dsqrt;math/strided/special/rsqrt;math/strided/special/srsqrt
math/strided/special/dsqrt,Compute the principal square root for each element in a double-precision floating-point strided array.,base.strided.dsqrt,Function,false,true,false,math/strided/special/dcbrt;math/strided/special/drsqrt;math/strided/special/sqrt;math/strided/special/ssqrt
math/strided/special/dtrunc,Round each element in a double-precision floating-point strided array toward zero.,base.strided.dtrunc,Function,false,true,false,math/strided/special/dceil;math/strided/special/dfloor;math/strided/special/trunc;math/strided/special/strunc
math/strided/special/floor,Round each element in a strided array toward negative infinity.,strided.floor,Function,false,true,false,math/strided/special/ceil;math/strided/special/dfloor;math/strided/special/trunc;math/strided/special/sfloor
math/strided/special/inv,Compute the multiplicative inverse for each element in a strided array.,strided.inv,Function,false,true,false,math/strided/special/dinv;math/strided/special/sinv
math/strided/special,Strided array special math functions.,,,false,false,false,
math/strided/special/ramp,Evaluate the ramp function for each element in a strided array.,strided.ramp,Function,false,true,false,math/strided/special/dramp;math/strided/special/sramp
math/strided/special/rsqrt,Compute the reciprocal square root for each element in a strided array.,strided.rsqrt,Function,false,true,false,math/strided/special/drsqrt;math/strided/special/sqrt;math/strided/special/srsqrt
math/strided/special/sabs,Compute the absolute value for each element in a single-precision floating-point strided array.,base.strided.sabs,Function,false,true,false,math/strided/special/abs;math/strided/special/dabs;math/strided/special/sabs2
math/strided/special/sabs2,Compute the squared absolute value for each element in a single-precision floating-point strided array.,base.strided.sabs2,Function,false,true,false,math/strided/special/abs2;math/strided/special/dabs2;math/strided/special/sabs
math/strided/special/scbrt,Compute the cube root of each element in a single-precision floating-point strided array.,base.strided.scbrt,Function,false,true,false,math/strided/special/dcbrt;math/strided/special/cbrt;math/strided/special/ssqrt
math/strided/special/sceil,Round each element in a single-precision floating-point strided array toward positive infinity.,base.strided.sceil,Function,false,true,false,math/strided/special/ceil;math/strided/special/dceil;math/strided/special/sfloor;math/strided/special/strunc
math/strided/special/sdeg2rad,Convert each element in a single-precision floating-point strided array from degrees to radians.,base.strided.sdeg2rad,Function,false,true,false,math/strided/special/ddeg2rad;math/strided/special/deg2rad
math/strided/special/sfloor,Round each element in a single-precision floating-point strided array toward negative infinity.,base.strided.sfloor,Function,false,true,false,math/strided/special/dfloor;math/strided/special/floor;math/strided/special/sceil;math/strided/special/strunc
math/strided/special/sin-by,Compute the sine of each element retrieved from an input strided array via a callback function.,strided.sinBy,Function,false,false,false,
math/strided/special/sinv,Compute the multiplicative inverse for each element in a single-precision floating-point strided array.,base.strided.sinv,Function,false,true,false,math/strided/special/dinv;math/strided/special/inv
math/strided/special/smskabs,Compute the absolute value for each element in a single-precision floating-point strided array according to a strided mask array.,base.strided.smskabs,Function,false,true,false,math/strided/special/dmskabs;math/strided/special/sabs;math/strided/special/smskabs2
math/strided/special/smskabs2,Compute the squared absolute value for each element in a single-precision floating-point strided array according to a strided mask array.,base.strided.smskabs2,Function,false,true,false,math/strided/special/dmskabs2;math/strided/special/sabs2;math/strided/special/smskabs
math/strided/special/smskcbrt,Compute the cube root for each element in a single-precision floating-point strided array according to a strided mask array.,base.strided.smskcbrt,Function,false,true,false,math/strided/special/dmskcbrt;math/strided/special/scbrt;math/strided/special/ssqrt
math/strided/special/smskceil,Round each element in a single-precision floating-point strided array toward positive infinity according to a strided mask array.,base.strided.smskceil,Function,false,true,false,math/strided/special/dmskceil;math/strided/special/sceil;math/strided/special/smskfloor;math/strided/special/smsktrunc
math/strided/special/smskdeg2rad,Convert each element in a single-precision floating-point strided array from degrees to radians according to a strided mask array.,base.strided.smskdeg2rad,Function,false,true,false,math/strided/special/dmskdeg2rad;math/strided/special/sdeg2rad
math/strided/special/smskfloor,Round each element in a single-precision floating-point strided array toward negative infinity according to a strided mask array.,base.strided.smskfloor,Function,false,true,false,math/strided/special/dmskfloor;math/strided/special/sfloor;math/strided/special/smskceil;math/strided/special/smsktrunc
math/strided/special/smskinv,Compute the multiplicative inverse for each element in a single-precision floating-point strided array according to a strided mask array.,base.strided.smskinv,Function,false,true,false,math/strided/special/dinv;math/strided/special/dmskinv
math/strided/special/smskramp,Evaluate the ramp function for each element in a single-precision floating-point strided array according to a strided mask array.,base.strided.smskramp,Function,false,true,false,math/strided/special/dmskramp;math/strided/special/sramp
math/strided/special/smskrsqrt,Compute the reciprocal square root for each element in a single-precision floating-point strided array according to a strided mask array.,base.strided.smskrsqrt,Function,false,true,false,math/strided/special/dmskrsqrt;math/strided/special/smsksqrt;math/strided/special/srsqrt
math/strided/special/smsksqrt,Compute the principal square root for each element in a single-precision floating-point strided array according to a strided mask array.,base.strided.smsksqrt,Function,false,true,false,math/strided/special/dmsksqrt;math/strided/special/smskcbrt;math/strided/special/smskrsqrt;math/strided/special/srsqrt
math/strided/special/smsktrunc,Round each element in a single-precision floating-point strided array toward zero according to a strided mask array.,base.strided.smsktrunc,Function,false,true,false,math/strided/special/dmsktrunc;math/strided/special/smskceil;math/strided/special/smskfloor;math/strided/special/strunc
math/strided/special/sqrt-by,Compute the principal square root for each element retrieved from an input strided array via a callback function.,strided.sqrtBy,Function,false,false,false,math/strided/special/sqrt
math/strided/special/sqrt,Compute the principal square root for each element in a strided array.,strided.sqrt,Function,false,true,false,math/strided/special/cbrt;math/strided/special/dsqrt;math/strided/special/rsqrt;math/strided/special/ssqrt
math/strided/special/sramp,Evaluate the ramp function for each element in a single-precision floating-point strided array.,base.strided.sramp,Function,false,true,false,math/strided/special/dramp;math/strided/special/ramp
math/strided/special/srsqrt,Compute the reciprocal square root for each element in a single-precision floating-point strided array.,base.strided.srsqrt,Function,false,true,false,math/strided/special/drsqrt;math/strided/special/rsqrt;math/strided/special/ssqrt
math/strided/special/ssqrt,Compute the principal square root for each element in a single-precision floating-point strided array.,base.strided.ssqrt,Function,false,true,false,math/strided/special/dsqrt;math/strided/special/scbrt;math/strided/special/sqrt;math/strided/special/srsqrt
math/strided/special/strunc,Round each element in a single-precision floating-point strided array toward zero.,base.strided.strunc,Function,false,true,false,math/strided/special/dtrunc;math/strided/special/sceil;math/strided/special/sfloor;math/strided/special/trunc
math/strided/special/trunc,Round each element in a strided array toward zero.,strided.trunc,Function,false,true,false,math/strided/special/ceil;math/strided/special/dtrunc;math/strided/special/floor;math/strided/special/strunc
math/tools,Math tools.,,,false,false,false,
math/tools/unary,Create a function which performs element-wise computation by applying a unary function to each element in an input ndarray.,,,false,false,false,
ml/incr/binary-classification,Incrementally perform binary classification using stochastic gradient descent (SGD).,incrBinaryClassification,Function,false,false,false,ml/incr/sgd-regression
ml/incr/kmeans,Incrementally partition data into `k` clusters.,incrkmeans,Function,false,false,false,
ml/incr,Incremental machine learning algorithms.,,,false,false,false,
ml/incr/sgd-regression,Online regression via stochastic gradient descent (SGD).,incrSGDRegression,Function,false,false,false,ml/incr/binary-classification
ml,Machine learning algorithms.,,,false,false,false,
namespace/alias2pkg,Return the package name associated with a specified alias.,alias2pkg,Function,true,false,false,namespace/alias2related;namespace/aliases;namespace/pkg2alias
namespace/alias2related,Return aliases related to a specified alias.,alias2related,Function,true,false,false,namespace/alias2pkg;namespace/aliases;namespace/pkg2related
namespace/alias2standalone,Return the standalone package name associated with a specified alias.,alias2standalone,Function,true,false,false,namespace/alias2pkg;namespace/alias2related;namespace/aliases;namespace/pkg2alias;namespace/pkg2standalone
namespace/aliases,Standard library aliases.,aliases,Function,true,false,false,namespace/alias2pkg;namespace/alias2related;namespace/pkg2alias
namespace,The standard library namespace.,,,true,false,false,
namespace/packages,Return catalog metadata for a specified package name.,,,true,false,false,
namespace/pkg2alias,Return the alias associated with a specified package name.,pkg2alias,Function,true,false,false,namespace/alias2pkg;namespace/aliases;namespace/pkg2related
namespace/pkg2related,Return package names related to a specified package name.,pkg2related,Function,true,false,false,namespace/alias2related;namespace/aliases;namespace/pkg2alias
namespace/pkg2standalone,Return the standalone package name associated with a provided internal package name.,pkg2standalone,Function,true,false,false,namespace/alias2pkg;namespace/alias2standalone;namespace/aliases;namespace/pkg2alias;namespace/pkg2related
namespace/standalone2pkg,Return the internal package name associated with a provided standalone package name.,standalone2pkg,Function,true,false,false,namespace/alias2standalone;namespace/pkg2alias;namespace/pkg2standalone
napi/argv-bool,Convert a Node-API value to a boolean.,,,false,true,false,
napi/argv-booleanarray,Convert a Node-API value to a boolean array.,,,false,true,false,
napi/argv-complex128,Convert a Node-API value to a double-precision complex floating-point number.,,,false,true,false,
napi/argv-complex128array,Convert a Node-API value to a double-precision complex floating-point array.,,,false,true,false,
napi/argv-complex64,Convert a Node-API value to a single-precision complex floating-point number.,,,false,true,false,
napi/argv-complex64array,Convert a Node-API value to a single-precision complex floating-point array.,,,false,true,false,
napi/argv-dataview-cast,Convert a Node-API value corresponding to a DataView to a pointer having a specified data type.,,,false,true,false,
napi/argv-dataview,"Convert a Node-API value corresponding to a DataView to an array of bytes (i.e., an unsigned 8-bit integer array).",,,false,true,false,
napi/argv-double,Convert a Node-API value to a double-precision floating-point number.,,,false,true,false,
napi/argv-float,Convert a Node-API value to a single-precision floating-point number.,,,false,true,false,
napi/argv-float32array,Convert a Node-API value to a single-precision floating-point array.,,,false,true,false,
napi/argv-float64array,Convert a Node-API value to a double-precision floating-point array.,,,false,true,false,
napi/argv-int16array,Convert a Node-API value to a signed 16-bit integer array.,,,false,true,false,
napi/argv-int32,Convert a Node-API value to a signed 32-bit integer.,,,false,true,false,
napi/argv-int32array,Convert a Node-API value to a signed 32-bit integer array.,,,false,true,false,
napi/argv-int64,Convert a Node-API value to a signed 64-bit integer.,,,false,true,false,
napi/argv-int8array,Convert a Node-API value to a signed 8-bit integer array.,,,false,true,false,
napi/argv-strided-booleanarray,Convert a Node-API value representing a strided array to a boolean array.,,,false,true,false,
napi/argv-strided-booleanarray2d,Convert a Node-API value representing a two-dimensional strided array to a boolean array.,,,false,true,false,
napi/argv-strided-complex128array,Convert a Node-API value representing a strided array to a double-precision complex floating-point array.,,,false,true,false,
napi/argv-strided-complex128array2d,Convert a Node-API value representing a two-dimensional strided array to a double-precision complex floating-point array.,,,false,true,false,
napi/argv-strided-complex64array,Convert a Node-API value representing a strided array to a single-precision complex floating-point array.,,,false,true,false,
napi/argv-strided-complex64array2d,Convert a Node-API value representing a two-dimensional strided array to a single-precision complex floating-point array.,,,false,true,false,
napi/argv-strided-float32array,Convert a Node-API value representing a strided array to a single-precision floating-point array.,,,false,true,false,
napi/argv-strided-float32array2d,Convert a Node-API value representing a two-dimensional strided array to a single-precision floating-point array.,,,false,true,false,
napi/argv-strided-float64array,Convert a Node-API value representing a strided array to a double-precision floating-point array.,,,false,true,false,
napi/argv-strided-float64array2d,Convert a Node-API value representing a two-dimensional strided array to a double-precision floating-point array.,,,false,true,false,
napi/argv-strided-int16array,Convert a Node-API value representing a strided array to a signed 16-bit integer array.,,,false,true,false,
napi/argv-strided-int16array2d,Convert a Node-API value representing a two-dimensional strided array to a signed 16-bit integer array.,,,false,true,false,
napi/argv-strided-int32array,Convert a Node-API value representing a strided array to a signed 32-bit integer array.,,,false,true,false,
napi/argv-strided-int32array2d,Convert a Node-API value representing a two-dimensional strided array to a signed 32-bit integer array.,,,false,true,false,
napi/argv-strided-int8array,Convert a Node-API value representing a strided array to a signed 8-bit integer array.,,,false,true,false,
napi/argv-strided-int8array2d,Convert a Node-API value representing a two-dimensional strided array to a signed 8-bit integer array.,,,false,true,false,
napi/argv-strided-uint16array,Convert a Node-API value representing a strided array to an unsigned 16-bit integer array.,,,false,true,false,
napi/argv-strided-uint16array2d,Convert a Node-API value representing a two-dimensional strided array to an unsigned 16-bit integer array.,,,false,true,false,
napi/argv-strided-uint32array,Convert a Node-API value representing a strided array to an unsigned 32-bit integer array.,,,false,true,false,
napi/argv-strided-uint32array2d,Convert a Node-API value representing a two-dimensional strided array to an unsigned 32-bit integer array.,,,false,true,false,
napi/argv-strided-uint8array,Convert a Node-API value representing a strided array to an unsigned 8-bit integer array.,,,false,true,false,
napi/argv-strided-uint8array2d,Convert a Node-API value representing a two-dimensional strided array to an unsigned 8-bit integer array.,,,false,true,false,
napi/argv-uint16array,Convert a Node-API value to an unsigned 16-bit integer array.,,,false,true,false,
napi/argv-uint32,Convert a Node-API value to an unsigned 32-bit integer.,,,false,true,false,
napi/argv-uint32array,Convert a Node-API value to an unsigned 32-bit integer array.,,,false,true,false,
napi/argv-uint64,Convert a Node-API value to an unsigned 64-bit integer.,,,false,true,false,
napi/argv-uint8array,Convert a Node-API value to an unsigned 8-bit integer array.,,,false,true,false,
napi/argv,C utilities for retrieving Node-API add-on callback arguments.,,,false,false,false,
napi/create-complex-like,Create a Node-API value representing a complex number-like object.,,,false,true,false,
napi/create-double,Convert a double-precision floating-point number to a Node-API value.,,,false,true,false,
napi/create-int32,Convert a signed 32-bit integer to a Node-API value.,,,false,true,false,
napi/create-int64,Convert a signed 64-bit integer to a Node-API value.,,,false,true,false,
napi/create-uint32,Convert an unsigned 32-bit integer to a Node-API value.,,,false,true,false,
napi/create-uint64,Convert an unsigned 64-bit integer to a Node-API value.,,,false,true,false,
napi/export,C utilities for registering Node-API modules.,,,false,false,false,
napi,C APIs for creating Node-API native add-ons.,,,false,false,false,
ndarray/any-by,Test whether at least one element along one or more ndarray dimensions passes a test implemented by a predicate function.,,,false,false,false,
ndarray/any,Test whether at least one element along one or more ndarray dimensions is truthy.,,,false,false,false,
ndarray/array,Multidimensional arrays.,array,Function,false,false,false,ndarray/ctor
ndarray/at,Return an ndarray element.,ndat,Function,false,false,false,ndarray/array;ndarray/slice
ndarray/base/any-by,Test whether at least one element in an ndarray passes a test implemented by a predicate function.,,,false,false,false,
ndarray/base/any,Test whether at least one element in an ndarray is truthy.,,,false,false,false,
ndarray/base/assert/has-equal-shape,Test if two ndarrays have the same shape.,,,false,false,false,
ndarray/base/assert/is-allowed-data-type-cast,Determine if an ndarray data type can be cast to another ndarray data type according to a specified casting mode.,,,false,false,false,
ndarray/base/assert/is-boolean-data-type,Test if an input value is a supported ndarray boolean data type.,,,false,false,false,
ndarray/base/assert/is-boolean-index-data-type,Test if an input value is a supported ndarray boolean index data type.,,,false,false,false,
ndarray/base/assert/is-buffer-length-compatible-shape,Determine if a buffer length is compatible with a provided shape array.,,,false,false,false,
ndarray/base/assert/is-buffer-length-compatible,Determine if a buffer length is compatible with provided ndarray meta data.,,,false,false,false,
ndarray/base/assert/is-casting-mode,Test if an input value is a supported ndarray casting mode.,,,false,false,false,
ndarray/base/assert/is-column-major-contiguous,Determine if an array is column-major contiguous.,,,false,false,false,
ndarray/base/assert/is-column-major-string,Test whether an input value is the string representing column-major order.,,,false,false,false,
ndarray/base/assert/is-column-major,"Given a stride array, determine whether an array is column-major.",,,false,false,false,
ndarray/base/assert/is-complex-floating-point-data-type-char,Test if an input value is a supported ndarray complex-valued floating-point data type single letter character abbreviation.,,,false,false,false,
ndarray/base/assert/is-complex-floating-point-data-type,Test if an input value is a supported ndarray complex-valued floating-point data type.,,,false,false,false,
ndarray/base/assert/is-contiguous,Determine if an array is contiguous.,,,false,false,false,
ndarray/base/assert/is-data-type-object,Test if an input value is an ndarray data type object.,,,false,false,false,
ndarray/base/assert/is-data-type-string,Test if an input value is a supported built-in ndarray data type string.,,,false,false,false,
ndarray/base/assert/is-data-type,Test if an input value is a supported ndarray data type.,,,false,false,false,
ndarray/base/assert/is-equal-data-type,Test whether two values are equal data types.,,,false,false,false,
ndarray/base/assert/is-floating-point-data-type,Test if an input value is a supported ndarray floating-point data type.,,,false,false,false,
ndarray/base/assert/is-index-data-type,Test if an input value is a supported ndarray index data type.,,,false,false,false,
ndarray/base/assert/is-index-mode,Test if an input value is a supported ndarray index mode.,,,false,false,false,
ndarray/base/assert/is-input-casting-policy,Test if an input value is a supported input ndarray casting policy.,,,false,false,false,
ndarray/base/assert/is-integer-data-type,Test if an input value is a supported ndarray integer data type.,,,false,false,false,
ndarray/base/assert/is-integer-index-data-type,Test if an input value is a supported ndarray integer index data type.,,,false,false,false,
ndarray/base/assert/is-mask-index-data-type,Test if an input value is a supported ndarray mask index data type.,,,false,false,false,
ndarray/base/assert/is-mostly-safe-data-type-cast,"Determine if an ndarray data type can be safely cast or, for floating-point data types, downcast to another ndarray data type.",,,false,false,false,
ndarray/base/assert/is-numeric-data-type,Test if an input value is a supported ndarray numeric data type.,,,false,false,false,
ndarray/base/assert/is-order,Test if an input value is an ndarray order.,,,false,false,false,
ndarray/base/assert/is-output-data-type-policy,Test if an input value is a supported ndarray output data type policy.,,,false,false,false,
ndarray/base/assert/is-read-only,Test if an ndarray is read-only.,,,false,false,false,
ndarray/base/assert/is-real-data-type,Test if an input value is a supported ndarray real-valued data type.,,,false,false,false,
ndarray/base/assert/is-real-floating-point-data-type,Test if an input value is a supported ndarray real-valued floating-point data type.,,,false,false,false,
ndarray/base/assert/is-row-major-contiguous,Determine if an array is row-major contiguous.,,,false,false,false,
ndarray/base/assert/is-row-major-string,Test whether an input value is the string representing row-major order.,,,false,false,false,
ndarray/base/assert/is-row-major,"Given a stride array, determine whether an array is row-major.",,,false,false,false,
ndarray/base/assert/is-safe-data-type-cast,Determine if an ndarray data type can be safely cast to another ndarray data type.,,,false,false,false,
ndarray/base/assert/is-same-kind-data-type-cast,"Determine if an ndarray data type can be safely cast to, or is of the same kind as, another ndarray data type.",,,false,false,false,
ndarray/base/assert/is-scalar-mostly-safe-compatible,"Determine whether a scalar value can be safely cast or, for floating-point data types, downcast to specified ndarray data type.",,,false,false,false,
ndarray/base/assert/is-signed-integer-data-type,Test if an input value is a supported ndarray signed integer data type.,,,false,false,false,
ndarray/base/assert/is-single-segment-compatible,Determine if an array is compatible with a single memory segment.,,,false,false,false,
ndarray/base/assert/is-struct-data-type,Test if an input value is a supported ndarray struct data type.,,,false,false,false,
ndarray/base/assert/is-unsigned-integer-data-type,Test if an input value is a supported ndarray unsigned integer data type.,,,false,false,false,
ndarray/base/assert,Base ndarray assertion utilities.,,,false,false,false,
ndarray/base/assign-scalar,Assign a scalar value to every element of an output ndarray.,,,false,false,false,
ndarray/base/assign,Assign elements in an input ndarray to elements in an output ndarray.,,,false,false,false,
ndarray/base/atleast1d,Convert a list of values (scalars and/or ndarrays) to ndarrays having at least one dimension.,,,false,false,false,
ndarray/base/atleast2d,Convert a list of values (scalars and/or ndarrays) to ndarrays having at least two dimensions.,,,false,false,false,
ndarray/base/atleast3d,Convert a list of values (scalars and/or ndarrays) to ndarrays having at least three dimensions.,,,false,false,false,
ndarray/base/atleastnd,Convert a list of values (scalars and/or ndarrays) to ndarrays having at least a specified number of dimensions.,,,false,false,false,
ndarray/base/binary-input-casting-dtype,Resolve the casting data type for an input ndarray provided to a binary function.,,,false,false,false,
ndarray/base/binary-loop-interchange-order,Reorder ndarray dimensions and associated strides for loop interchange.,,,false,false,false,
ndarray/base/binary-output-dtype,Resolve the output ndarray data type for a binary function.,,,false,false,false,
ndarray/base/binary-reduce-strided1d-dispatch-factory,Create a function for performing reduction on two input ndarrays.,,,false,false,false,
ndarray/base/binary-reduce-strided1d-dispatch,Constructor for performing a reduction on two input ndarrays.,,,false,false,false,
ndarray/base/binary-reduce-strided1d,Perform a reduction over a list of specified dimensions in two input ndarrays via a one-dimensional strided array reduction function and assign results to a provided output ndarray.,,,false,false,false,
ndarray/base/binary-tiling-block-size,Resolve a loop block size for multi-dimensional array tiled loops.,,,false,false,false,
ndarray/base/binary,Apply a binary callback to elements in input ndarrays and assign results to elements in an output ndarray.,,,false,false,false,
ndarray/base/bind2vind,Convert a linear index in an underlying data buffer to a linear index in an array view.,,,false,false,false,
ndarray/base/broadcast-array-except-dimensions,Broadcast an input ndarray to a target shape while keeping a list of specified dimensions unchanged.,,,false,false,false,
ndarray/base/broadcast-array,Broadcast an ndarray to a specified shape.,,,false,false,false,
ndarray/base/broadcast-arrays,Broadcast ndarrays to a common shape.,,,false,false,false,
ndarray/base/broadcast-scalar-like,Broadcast a scalar value to an ndarray having the same shape and data type as a provided input ndarray.,,,false,false,false,
ndarray/base/broadcast-scalar,Broadcast a scalar value to an ndarray having a specified shape.,,,false,false,false,
ndarray/base/broadcast-shapes,Broadcast array shapes to a single shape.,,,false,false,false,
ndarray/base/buffer-ctors,ndarray data buffer constructors.,,,false,false,false,
ndarray/base/buffer-dtype-enum,Return the data type enumeration constant of an ndarray data buffer.,,,false,false,false,
ndarray/base/buffer-dtype,Return the data type of an ndarray data buffer.,,,false,false,false,
ndarray/base/buffer,Create a contiguous linear ndarray data buffer.,,,false,false,false,
ndarray/base/bytes-per-element,Return the number of bytes per element for a provided underlying ndarray data type.,,,false,false,false,
ndarray/base/char2dtype,Return the data type string associated with a provided single letter abbreviation.,,,false,false,false,
ndarray/base/clamp-index,"Restrict an index to the interval [0,max].",,,false,false,false,
ndarray/base/complement-shape,Return the shape defined by the dimensions which are not included in a list of dimensions.,,,false,false,false,
ndarray/base/copy,Copy an input ndarray to a new ndarray having the same shape and data type.,,,false,false,false,
ndarray/base/count-falsy,Count the number of falsy elements in an ndarray.,,,false,false,false,
ndarray/base/count-if,Count the number of elements in an ndarray which pass a test implemented by a predicate function.,,,false,false,false,
ndarray/base/count-truthy,Count the number of truthy elements in an ndarray.,,,false,false,false,
ndarray/base/ctor,Base multidimensional array.,base.ndarray,Function,false,false,false,ndarray/array;ndarray/ctor
ndarray/base/data-buffer,Return the underlying data buffer of a provided ndarray.,,,false,false,false,
ndarray/base/dtype-alignment,Return the alignment (in bytes) for an underlying array data type.,,,false,false,false,
ndarray/base/dtype-char,Return the single letter character abbreviation for an underlying array data type.,,,false,false,false,
ndarray/base/dtype-chars,List of ndarray data type single letter character abbreviations.,,,false,false,false,
ndarray/base/dtype-desc,Return the description for a provided data type.,,,false,false,false,
ndarray/base/dtype-enum2str,Return the data type string associated with an ndarray data type enumeration constant.,,,false,false,false,
ndarray/base/dtype-enums,Return an object mapping supported data type strings to enumeration constants.,,,false,false,false,
ndarray/base/dtype-objects,Return an object mapping supported data type strings to data type objects.,,,false,false,false,
ndarray/base/dtype-resolve-enum,Return the enumeration constant associated with a supported ndarray data type value.,,,false,false,false,
ndarray/base/dtype-resolve-str,Return the data type string associated with a supported ndarray data type value.,,,false,false,false,
ndarray/base/dtype-str2enum,Return the enumeration constant associated with an ndarray data type string.,,,false,false,false,
ndarray/base/dtype-strings,List of ndarray data type strings.,,,false,false,false,
ndarray/base/dtype,Return the data type of a provided ndarray.,,,false,false,false,
ndarray/base/dtype2c,Return the C data type associated with a provided data type value.,,,false,false,false,
ndarray/base/dtypes2enums,Resolve a list of data type enumeration constants.,,,false,false,false,
ndarray/base/dtypes2signatures,Transform a list of array argument data types into a list of signatures.,,,false,false,false,
ndarray/base/dtypes2strings,Resolve a list of data type strings.,,,false,false,false,
ndarray/base/empty-like,Create an uninitialized ndarray having the same shape and data type as a provided ndarray.,,,false,false,false,
ndarray/base/empty,Create an uninitialized ndarray having a specified shape and data type.,,,false,false,false,
ndarray/base/every-by,Test whether all elements in an ndarray pass a test implemented by a predicate function.,,,false,false,false,
ndarray/base/every,Test whether every element in an ndarray is truthy.,,,false,false,false,
ndarray/base/expand-dimensions,Expand the shape of an array by inserting a new dimension of size one at a specified axis.,,,false,false,false,
ndarray/base/falses,Create an ndarray filled with false values and having a specified shape and data type.,,,false,false,false,
ndarray/base/fill-by,Fill an input ndarray according to a callback function.,,,false,false,false,
ndarray/base/fill,Fill an input ndarray with a specified value.,,,false,false,false,
ndarray/base/find,Return the first element in an ndarray which passes a test implemented by a predicate function.,,,false,false,false,
ndarray/base/flag,Return a specified flag for a provided ndarray.,,,false,false,false,
ndarray/base/flags,Return the flags of a provided ndarray.,,,false,false,false,
ndarray/base/flatten-shape-from,Flatten a shape starting from a specified dimension.,,,false,false,false,
ndarray/base/flatten-shape,Flatten a shape to a specified depth.,,,false,false,false,
ndarray/base/fliplr,Return a view of an input ndarray in which the order of elements along the last dimension is reversed.,,,false,false,false,
ndarray/base/flipud,Return a view of an input ndarray in which the order of elements along the second-to-last dimension is reversed.,,,false,false,false,
ndarray/base/for-each,Invoke a callback function once for each element in an ndarray.,,,false,false,false,
ndarray/base/from-array,Convert an array to a one-dimensional ndarray.,,,false,false,false,
ndarray/base/from-scalar-like,Convert a scalar value to a zero-dimensional ndarray having the same data type as a provided ndarray.,,,false,false,false,
ndarray/base/from-scalar,Convert a scalar value to a zero-dimensional ndarray.,base.scalar2ndarray,Function,false,false,false,ndarray/array;ndarray/base/ctor;ndarray/ctor
ndarray/base/full-by,Create an ndarray filled according to a callback function and having a specified shape and data type.,,,false,false,false,
ndarray/base/full,Create an ndarray filled with a specified value and having a specified shape and data type.,,,false,false,false,
ndarray/base/function-object,C APIs for creating and managing ndarray function objects.,,,false,false,false,
ndarray/base/includes,Test whether an ndarray contains a specified value.,,,false,false,false,
ndarray/base/ind,Return an index given an index mode.,,,false,false,false,
ndarray/base/ind2sub,Convert a linear index to an array of subscripts.,,,false,false,false,
ndarray/base/iteration-order,"Given a stride array, determine array iteration order.",,,false,false,false,
ndarray/base/loop-interchange-order,Reorder ndarray dimensions and associated strides for loop interchange.,,,false,false,false,
ndarray/base/map,Apply a callback to elements in an input ndarray and assign results to elements in an output ndarray.,,,false,false,false,
ndarray/base/max-view-buffer-index,Compute the maximum linear index in an underlying data buffer accessible to an array view.,,,false,false,false,
ndarray/base/maybe-broadcast-array-except-dimensions,Broadcast an ndarray to a specified shape while keeping a list of specified dimensions unchanged if and only if the specified shape differs from the provided ndarray's shape.,,,false,false,false,
ndarray/base/maybe-broadcast-array,Broadcast an ndarray to a specified shape if and only if the specified shape differs from the provided ndarray's shape.,,,false,false,false,
ndarray/base/maybe-broadcast-arrays,Broadcast ndarrays to a common shape.,,,false,false,false,
ndarray/base/meta-data-props,Define non-enumerable read-only properties which expose ndarray function meta data.,,,false,false,false,
ndarray/base/min-signed-integer-dtype,Determine the minimum ndarray data type for storing a provided signed integer value.,,,false,false,false,
ndarray/base/min-unsigned-integer-dtype,Determine the minimum ndarray data type for storing a provided unsigned integer value.,,,false,false,false,
ndarray/base/min-view-buffer-index,Compute the minimum linear index in an underlying data buffer accessible to an array view.,,,false,false,false,
ndarray/base/minmax-view-buffer-index,Compute the minimum and maximum linear indices in an underlying data buffer which are accessible to an array view.,,,false,false,false,
ndarray/base/nans,Create a NaN-filled ndarray having a specified shape and data type.,,,false,false,false,
ndarray/base/napi/addon-arguments,"C API for validating, extracting, and transforming (to native C types) function arguments provided to an ndarray Node-API add-on interface.",,,false,true,false,
ndarray/base/napi/dtype-string-to-dtype,C API for returning the ndarray data type corresponding to a data type string.,,,false,false,false,
ndarray/base/napi,C APIs for creating Node-API ndarray native add-ons.,,,false,false,false,
ndarray/base/napi/typedarray-type-to-dtype,C API for returning the ndarray data type corresponding to a Node-API typed array type.,,,false,false,false,
ndarray/base/napi/unary,C API for registering a Node-API module exporting an ndarray interface for applying a unary callback to an input ndarray.,,,false,true,false,
ndarray/base/ndarraylike2ndarray,Convert an ndarray-like object to an ndarray.,,,false,false,false,
ndarray/base/ndarraylike2object,"Convert an ndarray-like object to an object likely to have the same ""shape"".",,,false,false,false,
ndarray/base/ndarraylike2scalar,Convert an ndarray-like object to a scalar value.,,,false,false,false,
ndarray/base/ndims,Return the number of ndarray dimensions.,,,false,false,false,
ndarray/base/next-cartesian-index,"Return the next Cartesian index (i.e., set of subscripts/dimension indices).",,,false,false,false,
ndarray/base/nonsingleton-dimensions,Return the number of non-singleton dimensions.,,,false,false,false,
ndarray/base/normalize-index,"Normalize an index to the interval [0,max].",,,false,false,false,
ndarray/base/normalize-indices,"Normalize a list of indices to the interval [0,max].",,,false,false,false,
ndarray/base/nullary-loop-interchange-order,Reorder ndarray dimensions and associated strides for loop interchange.,,,false,false,false,
ndarray/base/nullary-strided1d-dispatch-factory,Create a function for applying a strided function to a provided ndarray.,,,false,false,false,
ndarray/base/nullary-strided1d-dispatch,Constructor for applying a strided function to an ndarray.,,,false,false,false,
ndarray/base/nullary-strided1d,Apply a one-dimensional strided array function to a list of specified dimensions in an ndarray.,,,false,false,false,
ndarray/base/nullary-tiling-block-size,Resolve a loop block size for multi-dimensional array tiled loops.,,,false,false,false,
ndarray/base/nullary,Apply a nullary function and assign results to elements in an output ndarray.,,,false,false,false,
ndarray/base/nulls,Create a null-filled ndarray having a specified shape and data type.,,,false,false,false,
ndarray/base/numel-dimension,"Return the size (i.e., number of elements) of a specified dimension for a provided ndarray.",,,false,false,false,
ndarray/base/numel,Return the number of elements in an array.,,,false,false,false,
ndarray/base/offset,Return the index offset specifying the underlying buffer index of the first iterated ndarray element.,,,false,false,false,
ndarray/base/ones-like,Create a ones-filled ndarray having the same shape and data type as a provided ndarray.,,,false,false,false,
ndarray/base/ones,Create a ones-filled ndarray having a specified shape and data type.,,,false,false,false,
ndarray/base/order,Return the layout order of a provided ndarray.,,,false,false,false,
ndarray/base/output-dtype,Resolve the output data type from a list of input ndarray data types.,,,false,false,false,
ndarray/base/output-policy-enum2str,Return the data type string associated with an ndarray data type enumeration constant.,,,false,false,false,
ndarray/base/output-policy-resolve-enum,Return the enumeration constant associated with a supported ndarray data type policy value.,,,false,false,false,
ndarray/base/output-policy-resolve-str,Return the policy string associated with a supported ndarray data type policy value.,,,false,false,false,
ndarray/base/output-policy-str2enum,Return the enumeration constant associated with an output ndarray data type policy string.,,,false,false,false,
ndarray/base,Base ndarray.,,,false,false,false,
ndarray/base/pop,Return an array containing a truncated view of an input ndarray and a view of the last element(s) along a specified dimension.,,,false,false,false,
ndarray/base/prepend-singleton-dimensions,Prepend singleton dimensions.,,,false,false,false,
ndarray/base/promote-dtypes,Resolve the data type that results from applying promotion rules to a provided list of data types.,,,false,false,false,
ndarray/base/quaternary-loop-interchange-order,Reorder ndarray dimensions and associated strides for loop interchange.,,,false,false,false,
ndarray/base/quaternary-tiling-block-size,Resolve a loop block size for multi-dimensional array tiled loops.,,,false,false,false,
ndarray/base/quinary-loop-interchange-order,Reorder ndarray dimensions and associated strides for loop interchange.,,,false,false,false,
ndarray/base/quinary-tiling-block-size,Resolve a loop block size for multi-dimensional array tiled loops.,,,false,false,false,
ndarray/base/reinterpret-boolean,Reinterpret a boolean ndarray as an unsigned 8-bit integer ndarray.,,,false,false,false,
ndarray/base/reinterpret-complex128,Reinterpret a double-precision complex floating-point ndarray as a real-valued double-precision floating-point ndarray containing interleaved real and imaginary components.,,,false,false,false,
ndarray/base/reinterpret-complex64,Reinterpret a single-precision complex floating-point ndarray as a real-valued single-precision floating-point ndarray containing interleaved real and imaginary components.,,,false,false,false,
ndarray/base/remove-singleton-dimensions,Remove singleton dimensions.,,,false,false,false,
ndarray/base/reverse-dimension,Return a view of an input ndarray in which the order of elements along a specified dimension is reversed.,,,false,false,false,
ndarray/base/reverse,Return a view of an input ndarray in which the order of elements along each dimension is reversed.,,,false,false,false,
ndarray/base/rot180,Rotate an ndarray 180 degrees in a specified plane.,,,false,false,false,
ndarray/base/rot90,Rotate an ndarray 90 degrees in a specified plane.,,,false,false,false,
ndarray/base/rotl90,Rotate a matrix (or a stack of matrices) 90 degrees counterclockwise.,,,false,false,false,
ndarray/base/rotr90,Rotate a matrix (or a stack of matrices) 90 degrees clockwise.,,,false,false,false,
ndarray/base/serialize-meta-data,Serialize ndarray meta data.,,,false,false,false,
ndarray/base/shape,Return the shape of a provided ndarray.,,,false,false,false,
ndarray/base/shape2strides,Generate a stride array from an array shape.,,,false,false,false,
ndarray/base/shift,Return an array containing a truncated view of an input ndarray and a view of the first element(s) along a specified dimension.,,,false,false,false,
ndarray/base/singleton-dimensions,Return the number of singleton dimensions.,,,false,false,false,
ndarray/base/slice-assign,Assign element values from a broadcasted input ndarray to corresponding elements in an output ndarray view.,,,false,false,false,
ndarray/base/slice-dimension-from,Return a shifted view of an input ndarray along a specific dimension.,,,false,false,false,
ndarray/base/slice-dimension-to,Return a truncated view of an input ndarray along a specific dimension.,,,false,false,false,
ndarray/base/slice-dimension,Return a view of an input ndarray when sliced along a specified dimension.,,,false,false,false,
ndarray/base/slice-from,Return a shifted view of an input ndarray.,,,false,false,false,
ndarray/base/slice-to,Return a truncated view of an input ndarray.,,,false,false,false,
ndarray/base/slice,Return a view of an input ndarray.,,,false,false,false,
ndarray/base/some-by,Test whether at least `n` elements in an ndarray pass a test implemented by a predicate function.,,,false,false,false,
ndarray/base/some,Test whether at least `n` elements in an ndarray are truthy.,,,false,false,false,
ndarray/base/spread-dimensions,Expand the shape of an array to a specified dimensionality by spreading its dimensions to specified dimension indices and inserting dimensions of size one for the remaining dimensions.,,,false,false,false,
ndarray/base/stride,Return the stride along a specified dimension for a provided ndarray.,,,false,false,false,
ndarray/base/strides,Return the strides of a provided ndarray.,,,false,false,false,
ndarray/base/strides2offset,Determine the index offset which specifies the location of the first indexed value in a multidimensional array based on a stride array.,,,false,false,false,
ndarray/base/strides2order,Determine the order of a multidimensional array based on a provided stride array.,,,false,false,false,
ndarray/base/sub2ind,Convert subscripts to a linear index.,,,false,false,false,
ndarray/base/ternary-loop-interchange-order,Reorder ndarray dimensions and associated strides for loop interchange.,,,false,false,false,
ndarray/base/ternary-output-dtype,Resolve the output ndarray data type for a ternary function.,,,false,false,false,
ndarray/base/ternary-tiling-block-size,Resolve a loop block size for multi-dimensional array tiled loops.,,,false,false,false,
ndarray/base/ternary,Apply a ternary callback to elements in input ndarrays and assign results to elements in an output ndarray.,,,false,false,false,
ndarray/base/tile,Construct a new ndarray by repeating the elements of an input ndarray a specified number of times along each dimension.,,,false,false,false,
ndarray/base/tiling-block-size,Resolve a loop block size for multi-dimensional array tiled loops.,,,false,false,false,
ndarray/base/to-array,Convert an ndarray buffer to a generic array.,,,false,false,false,
ndarray/base/to-flippedlr,Return a new ndarray where the order of elements along the last dimension of an input ndarray is reversed.,,,false,false,false,
ndarray/base/to-flippedud,Return a new ndarray where the order of elements along the second-to-last dimension of an input ndarray is reversed.,,,false,false,false,
ndarray/base/to-normalized-indices,"Normalize a list of indices to the interval [0,max].",,,false,false,false,
ndarray/base/to-reversed-dimension,Return a new ndarray where the order of elements of an input ndarray along a specified dimension is reversed.,,,false,false,false,
ndarray/base/to-reversed,Return a new ndarray where the order of elements of an input ndarray is reversed along each dimension.,,,false,false,false,
ndarray/base/to-transposed,Return a new ndarray containing the elements of an input ndarray but whose last two dimensions are transposed.,,,false,false,false,
ndarray/base/to-unflattened,Return a new ndarray in which a specified dimension of an input ndarray is expanded over multiple dimensions.,,,false,false,false,
ndarray/base/to-unique-normalized-indices,"Return a list of unique indices after normalizing to the interval [0,max].",,,false,false,false,
ndarray/base/transpose,Transpose a matrix (or a stack of matrices).,base.transpose,Function,false,false,false,ndarray/ctor
ndarray/base/trues,Create an ndarray filled with true values and having a specified shape and data type.,,,false,false,false,
ndarray/base/unary-accumulate,Perform a reduction over elements in an input ndarray.,,,false,false,false,
ndarray/base/unary-addon-dispatch,Dispatch to a native add-on applying a unary function to an input ndarray.,,,false,false,false,
ndarray/base/unary-by,Apply a unary function to each element retrieved from a input ndarray according to a callback function and assign results to elements in an output ndarray.,,,false,false,false,
ndarray/base/unary-input-casting-dtype,Resolve the input ndarray casting data type for a unary function.,,,false,false,false,
ndarray/base/unary-loop-interchange-order,Reorder ndarray dimensions and associated strides for loop interchange.,,,false,false,false,
ndarray/base/unary-output-dtype,Resolve the output ndarray data type for a unary function.,,,false,false,false,
ndarray/base/unary-reduce-strided1d-assign-struct,Perform a reduction over a list of specified dimensions in an input ndarray via a one-dimensional strided array reduction function which accepts an output struct object and assign results to a provided output ndarray.,,,false,false,false,
ndarray/base/unary-reduce-strided1d-by,Perform a reduction over a list of specified dimensions in an input ndarray via a one-dimensional strided array reduction function accepting a callback and assign results to a provided output ndarray.,,,false,false,false,
ndarray/base/unary-reduce-strided1d-dispatch-by-factory,Create a function for performing a reduction on a provided ndarray according to a callback function.,,,false,false,false,
ndarray/base/unary-reduce-strided1d-dispatch-by,Constructor for performing a reduction on an input ndarray according to a callback function.,,,false,false,false,
ndarray/base/unary-reduce-strided1d-dispatch-factory,Create a function for performing a reduction on a provided ndarray.,,,false,false,false,
ndarray/base/unary-reduce-strided1d-dispatch,Constructor for performing a reduction on an input ndarray.,,,false,false,false,
ndarray/base/unary-reduce-strided1d,Perform a reduction over a list of specified dimensions in an input ndarray via a one-dimensional strided array reduction function and assign results to a provided output ndarray.,,,false,false,false,
ndarray/base/unary-reduce-subarray-by,Perform a reduction over a list of specified dimensions in an input ndarray according to a callback function and assign results to a provided output ndarray.,,,false,false,false,
ndarray/base/unary-reduce-subarray,Perform a reduction over a list of specified dimensions in an input ndarray and assign results to a provided output ndarray.,,,false,false,false,
ndarray/base/unary-strided1d-dispatch-factory,Create a function for applying a strided function to a provided ndarray.,,,false,false,false,
ndarray/base/unary-strided1d-dispatch,Constructor for applying a strided function to an input ndarray.,,,false,false,false,
ndarray/base/unary-strided1d,Apply a one-dimensional strided array function to a list of specified dimensions in an input ndarray and assign results to a provided output ndarray.,,,false,false,false,
ndarray/base/unary-tiling-block-size,Resolve a loop block size for multi-dimensional array tiled loops.,,,false,false,false,
ndarray/base/unary,Apply a unary callback to elements in an input ndarray and assign results to elements in an output ndarray.,base.ndarrayUnary,Function,false,false,false,ndarray/dispatch
ndarray/base/unflatten-shape,Expand a dimension over multiple dimensions.,,,false,false,false,
ndarray/base/unflatten,Return a view of an input ndarray in which a specified dimension is expanded over multiple dimensions.,,,false,false,false,
ndarray/base/vind2bind,Convert a linear index in an array view to a linear index in an underlying data buffer.,,,false,false,false,
ndarray/base/wrap-index,"Wrap an index on the interval [0,max].",,,false,false,false,
ndarray/base/zeros-like,Create a zero-filled ndarray having the same shape and data type as a provided ndarray.,base.ndzerosLike,Function,false,false,false,ndarray/base/ctor;ndarray/base/zeros
ndarray/base/zeros,Create a zero-filled ndarray having a specified shape and data type.,base.ndzeros,Function,false,false,false,ndarray/base/ctor;ndarray/base/zeros-like
ndarray/base/zip2views1d,Zip one or more one-dimensional ndarrays to an array of composite views.,,,false,false,false,
ndarray/broadcast-array,Broadcast an ndarray to a specified shape.,broadcastArray,Function,false,false,false,ndarray/array;ndarray/broadcast-arrays;ndarray/ctor;ndarray/maybe-broadcast-array
ndarray/broadcast-arrays,Broadcast ndarrays to a common shape.,broadcastArrays,Function,false,false,false,ndarray/array;ndarray/broadcast-array;ndarray/ctor;ndarray/maybe-broadcast-arrays
ndarray/broadcast-scalar-like,Broadcast a scalar value to an ndarray having the same shape and data type as a provided input ndarray.,,,false,false,false,
ndarray/broadcast-scalar,Broadcast a scalar value to an ndarray of a specified shape.,,,false,false,false,
ndarray/casting-modes,List of ndarray casting modes.,ndarrayCastingModes,Function,false,false,false,ndarray/array;ndarray/ctor
ndarray/colcat,Concatenate a list of one-dimensional or two-dimensional ndarrays as columns.,,,false,false,false,
ndarray/concat,Concatenate a list of ndarrays along a specified ndarray dimension.,,,false,false,false,
ndarray/concat1d,Return a one-dimensional ndarray formed by concatenating provided input arguments.,,,false,false,false,
ndarray/copy,Copy an input ndarray to a new ndarray having the same shape and data type.,,,false,false,false,
ndarray/count-falsy,Count the number of falsy elements along one or more ndarray dimensions.,,,false,false,false,
ndarray/count-if,Count the number of elements along one or more ndarray dimensions which pass a test implemented by a predicate function.,,,false,false,false,
ndarray/count-truthy,Count the number of truthy elements along one or more ndarray dimensions.,,,false,false,false,
ndarray/ctor,Multidimensional array constructor.,ndarray,Function,false,false,false,ndarray/array;ndarray/fancy
ndarray/data-buffer,Return the underlying data buffer of a provided ndarray.,ndarrayDataBuffer,Function,false,false,false,ndarray/array;ndarray/ctor;ndarray/dtype
ndarray/defaults,Default ndarray settings.,,,false,false,false,
ndarray/dispatch-by,Create an ndarray function interface which accepts a callback function and performs multiple dispatch.,,,false,false,false,
ndarray/dispatch,Create an ndarray function interface which performs multiple dispatch.,ndarrayDispatch,Function,false,false,false,ndarray/array;ndarray/ctor
ndarray/dtype-ctor,Data type constructor.,DataType,Function,false,false,false,ndarray/ctor;ndarray/dtype
ndarray/dtype,Return the data type of a provided ndarray.,ndarrayDataType,Function,false,false,false,ndarray/array;ndarray/ctor;ndarray/dtypes
ndarray/dtypes,List of ndarray data types.,ndarrayDataTypes,Function,false,false,false,array/dtypes;ndarray/array;ndarray/ctor;array/typed-dtypes
ndarray/empty-like,Create an uninitialized ndarray having the same shape and data type as a provided ndarray.,ndemptyLike,Function,false,false,false,ndarray/empty;ndarray/zeros-like
ndarray/empty,Create an uninitialized ndarray having a specified shape and data type.,ndempty,Function,false,false,false,ndarray/empty-like;ndarray/zeros
ndarray/every-by,Test whether all elements along one or more ndarray dimensions pass a test implemented by a predicate function.,,,false,false,false,
ndarray/every,Test whether every element along one or more ndarray dimensions is truthy.,,,false,false,false,
ndarray/fancy,Fancy multidimensional array constructor.,FancyArray,Function,false,false,false,ndarray/array;ndarray/ctor
ndarray/fill-by,Fill an input ndarray according to a callback function.,ndfillBy,Function,false,false,false,ndarray/fill;ndarray/map;ndarray/zeros
ndarray/fill-slice,Fill an input ndarray view with a specified value.,,,false,false,false,
ndarray/fill,Fill an input ndarray with a specified value.,ndfill,Function,false,false,false,ndarray/fill-by;ndarray/map;ndarray/zeros
ndarray/filter-map,Filter and map elements in an input ndarray to elements in a new output ndarray according to a callback function.,ndfilterMap,Function,false,false,false,ndarray/filter;ndarray/map;ndarray/reject;ndarray/slice
ndarray/filter,Return a shallow copy of an ndarray containing only those elements which pass a test implemented by a predicate function.,ndfilter,Function,false,false,false,ndarray/filter-map;ndarray/map;ndarray/reject;ndarray/slice
ndarray/find-last,Return a new ndarray containing the last elements which pass a test implemented by a predicate function along one or more ndarray dimensions.,,,false,false,false,
ndarray/find,Return a new ndarray containing the first elements which pass a test implemented by a predicate function along one or more ndarray dimensions.,,,false,false,false,
ndarray/flag,Return a specified flag for a provided ndarray.,ndarrayFlag,Function,false,false,false,ndarray/array;ndarray/ctor;ndarray/flags
ndarray/flags,Return the flags of a provided ndarray.,ndarrayFlags,Function,false,false,false,ndarray/array;ndarray/ctor;ndarray/flag
ndarray/flatten-by,Flatten an ndarray according to a callback function.,,,false,false,false,
ndarray/flatten-from-by,Flatten an ndarray according to a callback function starting from a specified dimension.,,,false,false,false,
ndarray/flatten-from,Return a copy of an input ndarray where all dimensions of the input ndarray are flattened starting from a specified dimension.,,,false,false,false,
ndarray/flatten,Return a flattened copy of an input ndarray.,,,false,false,false,
ndarray/fliplr,Return a read-only view of an input ndarray in which the order of elements along the last dimension is reversed.,,,false,false,false,
ndarray/flipud,Return a read-only view of an input ndarray in which the order of elements along the second-to-last dimension is reversed.,,,false,false,false,
ndarray/for-each,Invoke a callback function once for each ndarray element.,ndforEach,Function,false,false,false,ndarray/map
ndarray/from-scalar-like,Convert a scalar value to a zero-dimensional ndarray having the same data type as a provided ndarray.,,,false,false,false,
ndarray/from-scalar,Convert a scalar value to a zero-dimensional ndarray.,scalar2ndarray,Function,false,false,false,ndarray/array;ndarray/ctor
ndarray/hconcat,Concatenate a list of ndarrays along the last dimension.,,,false,false,false,
ndarray/includes,Test whether an ndarray contains a specified value along one or more dimensions.,,,false,false,false,
ndarray/ind2sub,Convert a linear index to an array of subscripts.,ind2sub,Function,false,false,false,ndarray/array;ndarray/ctor;ndarray/sub2ind
ndarray/index-modes,List of ndarray index modes.,ndarrayIndexModes,Function,false,false,false,ndarray/array;ndarray/ctor
ndarray/index,ndarray index constructor.,ndindex,Function,false,false,false,ndarray/array;ndarray/ctor;ndarray/fancy;ndarray/slice;ndarray/to-fancy
ndarray/input-casting-policies,List of input ndarray casting policies.,,,false,false,false,
ndarray/iter/column-entries,"Create an iterator which returns [index, column] pairs for each column in a matrix (or stack of matrices).",nditerColumnEntries,Function,false,false,false,ndarray/iter/columns;ndarray/iter/entries;ndarray/iter/row-entries;ndarray/slice
ndarray/iter/columns,Create an iterator which iterates over each column in a matrix (or stack of matrices).,nditerColumns,Function,false,false,false,ndarray/iter/column-entries;ndarray/iter/rows;ndarray/slice
ndarray/iter/entries,"Create an iterator which returns [index, value] pairs for each element in a provided ndarray.",nditerEntries,Function,false,false,false,ndarray/ctor;ndarray/iter/indices;ndarray/iter/values
ndarray/iter/indices,Create an iterator which returns indices for use indexing into an ndarray having a specified shape.,nditerIndices,Function,false,false,false,ndarray/ctor;ndarray/iter/entries;ndarray/iter/values
ndarray/iter/interleave-subarrays,Create an iterator which iterates over interleaved subarrays.,nditerInterleaveSubarrays,Function,false,false,false,ndarray/iter/subarrays;ndarray/slice
ndarray/iter/matrices,Create an iterator which iterates over each matrix in a stack of matrices.,nditerMatrices,Function,false,false,false,ndarray/iter/columns;ndarray/iter/matrix-entries;ndarray/iter/rows;ndarray/slice
ndarray/iter/matrix-entries,"Create an iterator which returns [index, matrix] pairs for each matrix in a stack of matrices.",nditerMatrixEntries,Function,false,false,false,ndarray/iter/column-entries;ndarray/iter/entries;ndarray/iter/matrices;ndarray/iter/row-entries;ndarray/slice
ndarray/iter,Multidimensional array iterators.,,,false,false,false,
ndarray/iter/row-entries,"Create an iterator which returns [index, row] pairs for each row in a matrix (or stack of matrices).",nditerRowEntries,Function,false,false,false,ndarray/iter/column-entries;ndarray/iter/entries;ndarray/iter/rows;ndarray/slice
ndarray/iter/rows,Create an iterator which iterates over each row in a matrix (or stack of matrices).,nditerRows,Function,false,false,false,ndarray/iter/columns;ndarray/iter/row-entries;ndarray/slice
ndarray/iter/select-dimension,Create an iterator which iterates over each view along a specified dimension.,nditerSelectDimension,Function,false,false,false,ndarray/iter/columns;ndarray/iter/matrices;ndarray/iter/rows;ndarray/slice
ndarray/iter/stacks,Create an iterator which iterates over each subarray in a stack of subarrays according to a list of specified stack dimensions.,nditerStacks,Function,false,false,false,ndarray/iter/columns;ndarray/iter/matrices;ndarray/iter/rows;ndarray/iter/subarrays;ndarray/slice
ndarray/iter/subarrays,Create an iterator which iterates over each subarray in a stack of subarrays.,nditerSubarrays,Function,false,false,false,ndarray/iter/columns;ndarray/iter/matrices;ndarray/iter/rows;ndarray/iter/stacks;ndarray/slice
ndarray/iter/to-array-each,Create an iterator which converts each iterated ndarray to a generic array.,nditer2arrayEach,Function,false,false,false,ndarray/ctor;ndarray/to-array
ndarray/iter/values,Create an iterator which returns individual elements from a provided ndarray.,nditerValues,Function,false,false,false,ndarray/ctor;ndarray/iter/entries;ndarray/iter/indices
ndarray/map,Apply a callback to elements in an input ndarray and assign results to elements in a new output ndarray.,ndmap,Function,false,false,false,ndarray/filter;ndarray/filter-map;ndarray/for-each;ndarray/slice
ndarray/maybe-broadcast-array,Broadcast an ndarray to a specified shape if and only if the specified shape differs from the provided ndarray's shape.,maybeBroadcastArray,Function,false,false,false,ndarray/array;ndarray/ctor;ndarray/broadcast-array;ndarray/maybe-broadcast-arrays
ndarray/maybe-broadcast-arrays,Broadcast ndarrays to a common shape.,maybeBroadcastArrays,Function,false,false,false,ndarray/array;ndarray/ctor;ndarray/broadcast-arrays;ndarray/maybe-broadcast-array
ndarray/min-dtype,Determine the minimum ndarray data type of the closest kind necessary for storing a provided scalar value.,ndarrayMinDataType,Function,false,false,false,ndarray/dtypes;ndarray/promotion-rules;ndarray/safe-casts
ndarray/mostly-safe-casts,"Return a list of ndarray data types to which a provided ndarray data type can be safely cast and, for floating-point data types, can be downcast.",ndarrayMostlySafeCasts,Function,false,false,false,ndarray/casting-modes;ndarray/dtypes;ndarray/safe-casts;ndarray/same-kind-casts
ndarray/ndarraylike2ndarray,Convert an ndarray-like object to an ndarray.,ndarraylike2ndarray,Function,false,false,false,ndarray/array;ndarray/ctor;ndarray/empty-like;ndarray/zeros-like
ndarray/ndims,Return the number of ndarray dimensions.,ndims,Function,false,false,false,ndarray/array;ndarray/ctor;ndarray/numel;ndarray/shape
ndarray/next-dtype,Return the next larger ndarray data type of the same kind.,ndarrayNextDataType,Function,false,false,false,ndarray/dtypes;ndarray/promotion-rules;ndarray/safe-casts
ndarray/numel-dimension,"Return the size (i.e., number of elements) of a specified dimension for a provided ndarray.",numelDimension,Function,false,false,false,ndarray/array;ndarray/ctor;ndarray/numel
ndarray/numel,Return the number of elements in an ndarray.,numel,Function,false,false,false,ndarray/array;ndarray/ctor;ndarray/numel-dimension
ndarray/offset,Return the index offset specifying the underlying buffer index of the first iterated ndarray element.,ndarrayOffset,Function,false,false,false,ndarray/array;ndarray/ctor;ndarray/shape;ndarray/strides
ndarray/ones,Create a ones-filled ndarray having a specified shape and data type.,,,false,false,false,
ndarray/order,Return the layout order of a provided ndarray.,ndarrayOrder,Function,false,false,false,ndarray/array;ndarray/ctor;ndarray/orders;ndarray/shape;ndarray/strides
ndarray/orders,List of ndarray orders.,ndarrayOrders,Function,false,false,false,ndarray/array;ndarray/ctor
ndarray/output-dtype-policies,List of output ndarray data type policies.,,,false,false,false,
ndarray,Multidimensional arrays.,,,false,false,false,
ndarray/pop,Return an array containing a read-only truncated view of an input ndarray and a read-only view of the last element(s) along a specified dimension.,,,false,false,false,
ndarray/prepend-singleton-dimensions,Return a read-only view of an input ndarray with a specified number of prepended singleton dimensions.,,,false,false,false,
ndarray/promotion-rules,Return the ndarray data type with the smallest size and closest kind to which ndarray data types can be safely cast.,ndarrayPromotionRules,Function,false,false,false,ndarray/casting-modes;ndarray/dtypes;ndarray/safe-casts
ndarray/push,Return an ndarray formed by appending provided scalar values to a one-dimensional input ndarray.,,,false,false,false,
ndarray/reject,Return a shallow copy of an ndarray containing only those elements which fail a test implemented by a predicate function.,ndreject,Function,false,false,false,ndarray/filter;ndarray/filter-map;ndarray/map;ndarray/slice
ndarray/remove-singleton-dimensions,Return a read-only view of an input ndarray with singleton dimensions removed.,,,false,false,false,
ndarray/reverse-dimension,Return a read-only view of an input ndarray in which the order of elements along a specified dimension is reversed.,,,false,false,false,
ndarray/reverse,Return a read-only view of an input ndarray in which the order of elements along each dimension is reversed.,,,false,false,false,
ndarray/rotr90,Rotate a matrix (or a stack of matrices) 90 degrees clockwise.,,,false,false,false,
ndarray/rowcat,Concatenate a list of one-dimensional or two-dimensional ndarrays as rows.,,,false,false,false,
ndarray/safe-casts,Return a list of ndarray data types to which a provided ndarray data type can be safely cast.,ndarraySafeCasts,Function,false,false,false,ndarray/casting-modes;ndarray/dtypes;ndarray/same-kind-casts
ndarray/same-kind-casts,Return a list of ndarray data types to which a provided ndarray data type can be safely cast or cast within the same kind.,ndarraySameKindCasts,Function,false,false,false,ndarray/casting-modes;ndarray/dtypes;ndarray/safe-casts
ndarray/shape,Return the shape of a provided ndarray.,ndarrayShape,Function,false,false,false,ndarray/array;ndarray/ctor;ndarray/offset;ndarray/strides
ndarray/shift,Return an array containing a read-only truncated view of an input ndarray and a read-only view of the first element(s) along a specified dimension.,,,false,false,false,
ndarray/slice-assign,Assign element values from a broadcasted input ndarray to corresponding elements in an output ndarray view.,ndsliceAssign,Function,false,false,false,ndarray/array;ndarray/ctor;ndarray/slice
ndarray/slice-dimension-from,Return a read-only shifted view of an input ndarray along a specific dimension.,ndsliceDimensionFrom,Function,false,false,false,ndarray/array;ndarray/ctor;ndarray/slice;ndarray/slice-dimension;ndarray/slice-dimension-to;ndarray/slice-from
ndarray/slice-dimension-to,Return a read-only truncated view of an input ndarray along a specific dimension.,ndsliceDimensionTo,Function,false,false,false,ndarray/array;ndarray/ctor;ndarray/slice;ndarray/slice-dimension;ndarray/slice-dimension-from;ndarray/slice-to
ndarray/slice-dimension,Return a read-only view of an input ndarray when sliced along a specified dimension.,ndsliceDimension,Function,false,false,false,ndarray/array;ndarray/ctor;ndarray/slice;ndarray/slice-dimension-from;ndarray/slice-dimension-to
ndarray/slice-from,Return a read-only shifted view of an input ndarray.,ndsliceFrom,Function,false,false,false,ndarray/array;ndarray/ctor;ndarray/slice;ndarray/slice-dimension-from;ndarray/slice-to
ndarray/slice-to,Return a read-only truncated view of an input ndarray.,ndsliceTo,Function,false,false,false,ndarray/array;ndarray/ctor;ndarray/slice;ndarray/slice-dimension-to;ndarray/slice-from
ndarray/slice,Return a read-only view of an input ndarray.,ndslice,Function,false,false,false,ndarray/array;ndarray/at;ndarray/ctor;ndarray/slice-assign;ndarray/slice-dimension
ndarray/some-by,Test whether at least `n` elements along one or more ndarray dimensions pass a test implemented by a predicate function.,,,false,false,false,
ndarray/some,Test whether at least `n` elements along one or more ndarray dimensions are truthy.,,,false,false,false,
ndarray/spread-dimensions,Return a read-only view of an input ndarray where the dimensions of the input ndarray are expanded to a specified dimensionality by spreading dimensions to specified dimension indices and inserting dimensions of size one for the remaining dimensions.,,,false,false,false,
ndarray/stride,Return the stride along a specified dimension for a provided ndarray.,ndarrayStride,Function,false,false,false,ndarray/array;ndarray/ctor;ndarray/offset;ndarray/order;ndarray/shape;ndarray/strides
ndarray/strides,Return the strides of a provided ndarray.,ndarrayStrides,Function,false,false,false,ndarray/array;ndarray/ctor;ndarray/offset;ndarray/order;ndarray/shape
ndarray/sub2ind,Convert subscripts to a linear index.,sub2ind,Function,false,false,false,ndarray/array;ndarray/ctor;ndarray/ind2sub
ndarray/to-array,Convert an ndarray to a generic array.,ndarray2array,Function,false,false,false,ndarray/array;ndarray/ctor;ndarray/to-json
ndarray/to-fancy,Convert an ndarray to an object supporting fancy indexing.,ndarray2fancy,Function,false,false,false,array/to-fancy;ndarray/array;ndarray/ctor;ndarray/fancy
ndarray/to-flippedlr,Return a new ndarray where the order of elements along the last dimension of an input ndarray is reversed.,,,false,false,false,
ndarray/to-flippedud,Return a new ndarray where the order of elements along the second-to-last dimension of an input ndarray is reversed.,,,false,false,false,
ndarray/to-json,Serialize an ndarray as a JSON object.,ndarray2json,Function,false,false,false,ndarray/array;ndarray/ctor;ndarray/to-array
ndarray/to-locale-string,Serialize an ndarray as a locale-aware string.,,,false,false,false,
ndarray/to-reversed-dimension,Return a new ndarray where the order of elements of an input ndarray along a specified dimension is reversed.,,,false,false,false,
ndarray/to-reversed,Return a new ndarray where the order of elements of an input ndarray is reversed along each dimension.,,,false,false,false,
ndarray/to-string,Serialize an ndarray as a string.,,,false,false,false,
ndarray/unshift,Return a one-dimensional ndarray formed by prepending provided scalar values to a one-dimensional input ndarray.,,,false,false,false,
ndarray/vconcat,Concatenate a list of ndarrays along the second-to-last dimension.,,,false,false,false,
ndarray/vector/bool,"Create a boolean vector (i.e., a one-dimensional ndarray).",,,false,false,false,
ndarray/vector/complex128,"Create a double-precision complex floating-point vector (i.e., a one-dimensional ndarray).",,,false,false,false,
ndarray/vector/complex64,"Create a single-precision complex floating-point vector (i.e., a one-dimensional ndarray).",,,false,false,false,
ndarray/vector/ctor,"Create a vector (i.e., a one-dimensional ndarray).",,,false,false,false,
ndarray/vector/float32,"Create a single-precision floating-point vector (i.e., a one-dimensional ndarray).",,,false,false,false,
ndarray/vector/float64,"Create a double-precision floating-point vector (i.e., a one-dimensional ndarray).",,,false,false,false,
ndarray/vector/int16,"Create a signed 16-bit integer vector (i.e., a one-dimensional ndarray).",,,false,false,false,
ndarray/vector/int32,"Create a signed 32-bit integer vector (i.e., a one-dimensional ndarray).",,,false,false,false,
ndarray/vector/int8,"Create a signed 8-bit integer vector (i.e., a one-dimensional ndarray).",,,false,false,false,
ndarray/vector,Vector constructors and associated utilities.,,,false,false,false,
ndarray/vector/uint16,"Create an unsigned 16-bit integer vector (i.e., a one-dimensional ndarray).",,,false,false,false,
ndarray/vector/uint32,"Create an unsigned 32-bit integer vector (i.e., a one-dimensional ndarray).",,,false,false,false,
ndarray/vector/uint8,"Create an unsigned 8-bit integer vector (i.e., a one-dimensional ndarray).",,,false,false,false,
ndarray/vector/uint8c,"Create a clamped unsigned 8-bit integer vector (i.e., a one-dimensional ndarray).",,,false,false,false,
ndarray/with,Returns a new ndarray with the element at a specified index replaced by a provided value.,,,false,false,false,
ndarray/zeros-like,Create a zero-filled ndarray having the same shape and data type as a provided ndarray.,ndzerosLike,Function,false,false,false,ndarray/empty-like;ndarray/zeros
ndarray/zeros,Create a zero-filled ndarray having a specified shape and data type.,ndzeros,Function,false,false,false,ndarray/empty;ndarray/zeros-like
net/disposable-http-server,Disposable HTTP server.,,,true,false,false,
net/http-server,HTTP server.,httpServerFactory,Function,false,false,false,
net/http2-secure-server,HTTP/2 secure server.,,,false,false,false,
net,Networking.,,,false,false,false,
net/simple-http-server,Simple HTTP server.,,,true,false,false,
nlp/expand-acronyms,Expand acronyms.,expandAcronyms,Function,false,false,false,nlp/expand-contractions
nlp/expand-contractions,Expand contractions.,expandContractions,Function,false,false,false,
nlp/lda,Latent Dirichlet Allocation via collapsed Gibbs sampling.,lda,Function,false,false,false,
nlp/ordinalize,"Convert an integer to an ordinal string (e.g., 1st, 2nd, etc.).",ordinalize,Function,false,false,false,
nlp,Natural language processing.,,,false,false,false,
nlp/porter-stemmer,Extract the stem of a given word.,porterStemmer,Function,false,false,false,
nlp/sentencize,Split a string into an array of sentences.,sentencize,Function,false,false,false,nlp/tokenize
nlp/tokenize,Tokenize a string.,tokenize,Function,false,false,false,
number/ctor,Number constructor.,Number,Function,false,false,false,
number/float16/base/assert/is-almost-equal,Test if two half-precision floating-point numbers are approximately equal within a specified number of ULPs (units in the last place).,,,false,false,false,
number/float16/base/assert/is-nan,Test if a half-precision floating-point number is NaN.,,,false,false,false,
number/float16/base/assert/is-negative-zero,Test if a half-precision floating-point number is negative zero.,,,false,false,false,
number/float16/base/assert/is-positive-zero,Test if a half-precision floating-point number is positive zero.,,,false,false,false,
number/float16/base/exponent,Return an integer corresponding to the unbiased exponent of a half-precision floating-point number.,,,false,true,false,
number/float16/base/from-binary-string,Create a half-precision floating-point number from a literal bit representation.,,,false,false,false,
number/float16/base/from-word,Create a half-precision floating-point number from an unsigned integer corresponding to an IEEE 754 binary representation.,,,false,true,false,
number/float16/base/mul,Multiply two half-precision floating-point numbers.,,,false,false,false,
number/float16/base/signbit,Return a boolean indicating if the sign bit for a half-precision floating-point number is on (true) or off (false).,,,false,true,false,
number/float16/base/significand,Return an integer corresponding to the significand of a half-precision floating-point number.,,,false,true,false,
number/float16/base/sub,Subtract two half-precision floating-point numbers.,,,false,false,false,
number/float16/base/to-binary-string,Return a string giving the literal bit representation of a half-precision floating-point number.,,,false,false,false,
number/float16/base/to-float32,Convert a half-precision floating-point number to the nearest single-precision floating-point number.,,,false,true,false,
number/float16/base/to-float64,Convert a half-precision floating-point number to the nearest double-precision floating-point number.,,,false,true,false,
number/float16/base/to-word,Return an unsigned 16-bit integer corresponding to the IEEE 754 binary representation of a half-precision floating-point number.,,,false,true,false,
number/float16/base/ulp-difference,Compute the number of representable half-precision floating-point values that separate two half-precision floating-point numbers along the real number line.,,,false,false,false,
number/float16/ctor,16-bit half-precision floating-point number.,,,false,false,false,
number/float32/base/add,Compute the sum of two single-precision floating-point numbers.,base.addf,Function,false,true,false,number/float64/base/add;number/float32/base/div;number/float32/base/mul;number/float32/base/sub
number/float32/base/assert/is-almost-equal,Test if two single-precision floating-point numbers are approximately equal within a specified number of ULPs (units in the last place).,,,false,false,false,
number/float32/base/assert/is-almost-same-value,Test if two single-precision floating-point numbers are approximately the same value within a specified number of ULPs (units in the last place).,,,false,false,false,
number/float32/base/assert/is-same-value-zero,Test if two single-precision floating-point numbers are the same value.,,,false,true,false,
number/float32/base/assert/is-same-value,Test if two single-precision floating-point numbers are the same value.,,,false,true,false,
number/float32/base/assert,Base single-precision floating-point number assert functions.,,,false,false,false,
number/float32/base/div,Divide two single-precision floating-point numbers.,base.divf,Function,false,true,false,number/float32/base/add;number/float64/base/div;number/float32/base/mul;number/float32/base/sub
number/float32/base/exponent,Return an integer corresponding to the unbiased exponent of a single-precision floating-point number.,base.exponentf,Function,false,true,false,number/float64/base/exponent
number/float32/base/from-binary-string,Create a single-precision floating-point number from a literal bit representation.,base.fromBinaryStringf,Function,false,false,false,number/float32/base/to-binary-string;number/float64/base/from-binary-string
number/float32/base/from-word,Create a single-precision floating-point number from an unsigned integer corresponding to an IEEE 754 binary representation.,base.fromWordf,Function,false,true,false,number/float64/base/from-words
number/float32/base/identity,Evaluate the identity function for a single-precision floating-point number.,base.identityf,Function,false,true,false,number/float64/base/identity
number/float32/base/mul,Multiply two single-precision floating-point numbers.,base.mulf,Function,false,true,false,number/float32/base/add;number/float32/base/div;number/float64/base/mul;number/float32/base/sub
number/float32/base/normalize,Return a normal number `y` and exponent `exp` satisfying `x = y * 2^exp`.,base.normalizef,Function,false,true,false,number/float64/base/normalize
number/float32/base,Base utilities for single-precision floating-point numbers.,,,false,false,false,
number/float32/base/signbit,Return a boolean indicating if the sign bit for a single-precision floating-point number is on (true) or off (false).,base.signbitf,Function,false,true,false,number/float64/base/signbit
number/float32/base/significand,Return an integer corresponding to the significand of a single-precision floating-point number.,base.significandf,Function,false,true,false,
number/float32/base/sub,Subtract two single-precision floating-point numbers.,base.subf,Function,false,true,false,number/float32/base/add;number/float32/base/div;number/float32/base/mul;number/float64/base/sub
number/float32/base/to-binary-string,Return a string giving the literal bit representation of a single-precision floating-point number.,base.toBinaryStringf,Function,false,false,false,number/float32/base/from-binary-string;number/float64/base/to-binary-string
number/float32/base/to-float16,Convert a single-precision floating-point number to the nearest half-precision floating-point number.,,,false,true,false,
number/float32/base/to-int32,Convert a single-precision floating-point number to a signed 32-bit integer.,base.float32ToInt32,Function,false,false,false,number/float32/base/to-uint32
number/float32/base/to-uint32,Convert a single-precision floating-point number to an unsigned 32-bit integer.,base.float32ToUint32,Function,false,false,false,number/float32/base/to-int32
number/float32/base/to-word,Return an unsigned 32-bit integer corresponding to the IEEE 754 binary representation of a single-precision floating-point number.,base.toWordf,Function,false,true,false,number/float32/base/from-word;number/float64/base/to-words
number/float32/base/ulp-difference,Compute the number of representable single-precision floating-point values that separate two single-precision floating-point numbers along the real number line.,,,false,false,false,
number/float32,Utilities for single-precision floating-point numbers.,,,false,false,false,
number/float64/base/add,Compute the sum of two double-precision floating-point numbers.,base.add,Function,false,true,false,number/float64/base/div;number/float64/base/mul;number/float64/base/sub
number/float64/base/add3,Compute the sum of three double-precision floating-point numbers.,base.add3,Function,false,true,false,number/float64/base/add
number/float64/base/add4,Compute the sum of four double-precision floating-point numbers.,base.add4,Function,false,true,false,number/float64/base/add
number/float64/base/add5,Compute the sum of five double-precision floating-point numbers.,base.add5,Function,false,true,false,number/float64/base/add
number/float64/base/assert/is-almost-equal,Test if two double-precision floating-point numbers are approximately equal within a specified number of ULPs (units in the last place).,,,false,false,false,
number/float64/base/assert/is-almost-same-value,Test if two double-precision floating-point numbers are approximately the same value within a specified number of ULPs (units in the last place).,,,false,false,false,
number/float64/base/assert/is-same-value-zero,Test if two double-precision floating-point numbers are the same value.,,,false,true,false,
number/float64/base/assert/is-same-value,Test if two double-precision floating-point numbers are the same value.,,,false,true,false,
number/float64/base/assert,Base double-precision floating-point number assert functions.,,,false,false,false,
number/float64/base/div,Divide two double-precision floating-point numbers.,base.div,Function,false,true,false,number/float64/base/add;number/float64/base/mul;number/float64/base/sub
number/float64/base/exponent,Return an integer corresponding to the unbiased exponent of a double-precision floating-point number.,base.exponent,Function,false,true,false,number/float32/base/exponent
number/float64/base/from-binary-string,Create a double-precision floating-point number from a literal bit representation.,base.fromBinaryString,Function,false,false,false,number/float32/base/from-binary-string;number/float64/base/to-binary-string
number/float64/base/from-int64-bytes,Convert a signed 64-bit integer byte array to a double-precision floating-point number.,base.fromInt64Bytes,Function,false,false,false,number/float64/base/to-int64-bytes
number/float64/base/from-words,Create a double-precision floating-point number from a higher order word and a lower order word.,base.fromWords,Function,false,true,false,number/float32/base/from-word
number/float64/base/get-high-word,Return an unsigned 32-bit integer corresponding to the more significant 32 bits of a double-precision floating-point number.,base.getHighWord,Function,false,true,false,number/float64/base/get-low-word;number/float64/base/set-high-word
number/float64/base/get-low-word,Return an unsigned 32-bit integer corresponding to the less significant 32 bits of a double-precision floating-point number.,base.getLowWord,Function,false,true,false,number/float64/base/get-high-word;number/float64/base/set-high-word
number/float64/base/identity,Evaluate the identity function for a double-precision floating-point number.,base.identity,Function,false,true,false,number/float32/base/identity
number/float64/base/mul,Multiply two double-precision floating-point numbers.,base.mul,Function,false,true,false,number/float64/base/add;number/float64/base/div;number/float64/base/sub
number/float64/base/normalize,Return a normal number `y` and exponent `exp` satisfying `x = y * 2^exp`.,base.normalize,Function,false,true,false,number/float32/base/normalize
number/float64/base,Base utilities for double-precision floating-point numbers.,,,false,false,false,
number/float64/base/set-high-word,Set the more significant 32 bits of a double-precision floating-point number.,base.setHighWord,Function,false,true,false,number/float64/base/get-high-word;number/float64/base/set-low-word
number/float64/base/set-low-word,Set the less significant 32 bits of a double-precision floating-point number.,base.setLowWord,Function,false,true,false,number/float64/base/get-low-word;number/float64/base/set-high-word
number/float64/base/signbit,Return a boolean indicating if the sign bit for a double-precision floating-point number is on (true) or off (false).,base.signbit,Function,false,true,false,number/float32/base/signbit
number/float64/base/sub,Subtract two double-precision floating-point numbers.,base.sub,Function,false,true,false,number/float64/base/add;number/float64/base/div;number/float64/base/mul
number/float64/base/sub3,Compute the difference of three double-precision floating-point numbers.,,,false,true,false,
number/float64/base/to-binary-string,Return a string giving the literal bit representation of a double-precision floating-point number.,base.toBinaryString,Function,false,false,false,number/float64/base/from-binary-string;number/float32/base/to-binary-string
number/float64/base/to-float16,Convert a double-precision floating-point number to the nearest half-precision floating-point number.,,,false,true,false,
number/float64/base/to-float32,Convert a double-precision floating-point number to the nearest single-precision floating-point number.,base.float64ToFloat32,Function,false,false,false,
number/float64/base/to-int32,Convert a double-precision floating-point number to a signed 32-bit integer.,base.float64ToInt32,Function,false,false,false,number/float64/base/to-uint32
number/float64/base/to-int64-bytes,Convert an integer-valued double-precision floating-point number to a signed 64-bit integer byte array according to host byte order.,base.float64ToInt64Bytes,Function,false,false,false,number/float64/base/to-int32
number/float64/base/to-uint32,Convert a double-precision floating-point number to an unsigned 32-bit integer.,base.float64ToUint32,Function,false,false,false,number/float64/base/to-int32
number/float64/base/to-words,Split a double-precision floating-point number into a higher order word and a lower order word.,base.toWords,Function,false,true,false,number/float64/base/from-words;number/float32/base/to-word
number/float64/base/ulp-difference,Compute the number of representable double-precision floating-point values that separate two double-precision floating-point numbers along the real number line.,,,false,false,false,
number/float64,Utilities for double-precision floating-point numbers.,,,false,false,false,
number/float64/reviver,Revive a JSON-serialized number.,,,false,false,false,
number/float64/to-json,Return a JSON representation of a number.,,,false,false,false,
number/int16/base/identity,Evaluate the identity function for a signed 16-bit integer.,,,false,true,false,
number/int16/base,Base utilities for signed 16-bit integers.,,,false,false,false,
number/int32/base/identity,Evaluate the identity function for a signed 32-bit integer.,,,false,true,false,
number/int32/base/mul,Perform C-like multiplication of two signed 32-bit integers.,base.imul,Function,false,false,false,number/int32/base/muldw
number/int32/base/muldw,Compute the double word product of two signed 32-bit integers.,base.imuldw,Function,false,false,false,number/int32/base/mul
number/int32/base,Base utilities for signed 32-bit integers.,,,false,false,false,
number/int32/base/to-uint32,Convert a signed 32-bit integer to an unsigned 32-bit integer.,base.int32ToUint32,Function,false,false,false,number/uint32/base/to-int32
number/int32,Utilities for signed 32-bit integers.,,,false,false,false,
number/int8/base/identity,Evaluate the identity function for a signed 8-bit integer.,,,false,true,false,
number/int8/base,Base utilities for signed 8-bit integers.,,,false,false,false,
number,Number.,,,false,false,false,
number/uint16/base/add,Compute the sum of two unsigned 16-bit integers.,,,false,true,false,
number/uint16/base/from-binary-string,Create an unsigned 16-bit integer from a literal bit representation.,base.fromBinaryStringUint16,Function,false,false,false,number/uint16/base/to-binary-string;number/uint32/base/from-binary-string;number/uint8/base/from-binary-string
number/uint16/base/identity,Evaluate the identity function for an unsigned 16-bit integer.,,,false,true,false,
number/uint16/base/mul,Multiply two unsigned 16-bit integers.,,,false,true,false,
number/uint16/base,Base utilities for unsigned 16-bit integers.,,,false,false,false,
number/uint16/base/sub,Subtract two unsigned 16-bit integers.,,,false,true,false,
number/uint16/base/to-binary-string,Return a string giving the literal bit representation of an unsigned 16-bit integer.,base.toBinaryStringUint16,Function,false,false,false,number/float64/base/to-binary-string
number/uint16,Utilities for unsigned 16-bit integers.,,,false,false,false,
number/uint32/base/add,Compute the sum of two unsigned 32-bit integers.,,,false,true,false,
number/uint32/base/from-binary-string,Create an unsigned 32-bit integer from a literal bit representation.,base.fromBinaryStringUint32,Function,false,false,false,number/uint16/base/from-binary-string;number/uint32/base/to-binary-string;number/uint8/base/from-binary-string
number/uint32/base/identity,Evaluate the identity function for an unsigned 32-bit integer.,,,false,true,false,
number/uint32/base/mul,Multiply two unsigned 32-bit integers.,base.umul,Function,false,true,false,number/int32/base/mul
number/uint32/base/muldw,Compute the double word product of two unsigned 32-bit integers.,base.umuldw,Function,false,false,false,number/int32/base/muldw;number/uint32/base/mul
number/uint32/base,Base utilities for unsigned 32-bit integers.,,,false,false,false,
number/uint32/base/rotl,Bitwise rotation to the left.,base.rotl32,Function,false,false,false,number/uint32/base/rotr
number/uint32/base/rotr,Bitwise rotation to the right.,base.rotr32,Function,false,false,false,number/uint32/base/rotl
number/uint32/base/sub,Subtract two unsigned 32-bit integers.,,,false,true,false,
number/uint32/base/to-binary-string,Return a string giving the literal bit representation of an unsigned 32-bit integer.,base.toBinaryStringUint32,Function,false,false,false,number/float64/base/to-binary-string
number/uint32/base/to-int32,Convert an unsigned 32-bit integer to a signed 32-bit integer.,base.uint32ToInt32,Function,false,false,false,
number/uint32,Utilities for unsigned 32-bit integers.,,,false,false,false,
number/uint8/base/add,Compute the sum of two unsigned 8-bit integers.,,,false,true,false,
number/uint8/base/from-binary-string,Create an unsigned 8-bit integer from a literal bit representation.,base.fromBinaryStringUint8,Function,false,false,false,number/uint16/base/from-binary-string;number/uint32/base/from-binary-string;number/uint8/base/to-binary-string
number/uint8/base/identity,Evaluate the identity function for an unsigned 8-bit integer.,,,false,true,false,
number/uint8/base/mul,Multiply two unsigned 8-bit integers.,,,false,true,false,
number/uint8/base,Base utilities for unsigned 8-bit integers.,,,false,false,false,
number/uint8/base/sub,Subtract two unsigned 8-bit integers.,,,false,true,false,
number/uint8/base/to-binary-string,Return a string giving the literal bit representation of an unsigned 8-bit integer.,base.toBinaryStringUint8,Function,false,false,false,number/float64/base/to-binary-string
number/uint8,Utilities for unsigned 8-bit integers.,,,false,false,false,
object/any-in-by,Test whether at least one property in an object passes a test implemented by a predicate function.,anyInBy,Function,false,false,false,utils/any-by;object/any-own-by;object/every-in-by;object/some-in-by
object/any-own-by,Test whether whether any 'own' property of a provided object satisfies a predicate function.,anyOwnBy,Function,false,false,false,utils/any-by;object/any-in-by;object/every-own-by;object/some-own-by
object/assign-in,Copy enumerable own and inherited properties from one or more source objects to a target object.,,,false,false,false,
object/assign,Copy enumerable own properties from one or more source objects to a target object.,,,false,false,false,
object/bifurcate-in,Split an object's own and inherited property values into two groups according to a predicate function.,bifurcateIn,Function,false,false,false,utils/bifurcate;utils/bifurcate-by;object/bifurcate-own;utils/group-in
object/bifurcate-own,Split an object's own property values into two groups according to a predicate function.,bifurcateOwn,Function,false,false,false,utils/bifurcate;utils/bifurcate-by;object/bifurcate-in;utils/group-own
object/capitalize-keys,Convert the first letter of each object key to uppercase.,capitalizeKeys,Function,false,false,false,object/uncapitalize-keys;object/uppercase-keys
object/common-keys-in,Return the common own and inherited property names of two or more objects.,commonKeysIn,Function,false,false,false,object/common-keys;utils/keys-in
object/common-keys,Return the common own property names of two or more objects.,commonKeys,Function,false,false,false,object/common-keys-in;utils/keys
object/ctor,Object constructor.,Object,Function,false,false,false,
object/deep-get,Get a nested property value.,deepGet,Function,false,false,false,utils/deep-pluck;object/deep-set
object/deep-set,Set a nested property value.,deepSet,Function,false,false,false,object/deep-get;utils/deep-pluck
object/every-in-by,Test whether all properties (own and inherited) of an object pass a test implemented by a predicate function.,everyInBy,Function,false,false,false,object/any-in-by;object/none-in-by;object/some-in-by;object/every-own-by
object/every-own-by,Test whether all own properties of an object pass a test implemented by a predicate function.,everyOwnBy,Function,false,false,false,object/any-own-by;object/every-in-by;object/none-own-by;object/some-own-by;utils/every-by
object/for-in,Invoke a function for each own and inherited enumerable property of an object.,forIn,Function,false,false,false,utils/for-each;object/for-own
object/for-own,Invoke a function for each own enumerable property of an object.,forOwn,Function,false,false,false,utils/for-each;object/for-in
object/inverse-by,"Invert an object, such that keys become values and values become keys, according to a transform function.",objectInverseBy,Function,false,false,false,object/inverse
object/inverse,"Invert an object, such that keys become values and values become keys.",objectInverse,Function,false,false,false,object/inverse-by
object/lowercase-keys,Convert each object key to lowercase.,lowercaseKeys,Function,false,false,false,object/uncapitalize-keys;object/uppercase-keys
object/move-property,Move a property from one object to another object.,moveProperty,Function,false,false,false,
object/none-in-by,Test whether every property in an object fails a test implemented by a predicate function.,noneInBy,Function,false,false,false,object/any-in-by;object/every-in-by;utils/none-by;object/some-in-by
object/none-own-by,Tests whether every own property of an object fails a test implemented by a predicate function.,noneOwnBy,Function,false,false,false,object/any-own-by;object/every-own-by;utils/none-by;object/some-own-by
object,Object.,,,false,false,false,
object/some-in-by,Test whether an object contains at least n properties (own and inherited) which pass a test implemented by a predicate function.,someInBy,Function,false,false,false,object/any-in-by;object/every-in-by;utils/some-by;object/some-own-by
object/some-own-by,Test whether some `own` properties of a provided object satisfy a predicate function for at least `n` properties.,someOwnBy,Function,false,false,false,object/any-own-by;object/every-own-by;utils/some-by;object/some-in-by
object/uncapitalize-keys,Convert the first letter of each object key to lowercase.,uncapitalizeKeys,Function,false,false,false,object/capitalize-keys;object/lowercase-keys
object/uppercase-keys,Convert each object key to uppercase.,uppercaseKeys,Function,false,false,false,object/capitalize-keys;object/lowercase-keys
os/arch,Operating system CPU architecture for which the JavaScript runtime binary was compiled.,ARCH,string,true,false,false,os/platform
os/byte-order,Platform byte order.,BYTE_ORDER,Function,true,false,false,assert/is-big-endian;assert/is-little-endian
os/configdir,Return a directory for user-specific configuration files.,configdir,Function,true,false,false,os/homedir;os/tmpdir
os/float-word-order,Platform float word order.,FLOAT_WORD_ORDER,Function,true,false,false,os/byte-order
os/homedir,Return the current user's home directory.,homedir,Function,true,false,false,os/configdir;os/tmpdir
os/num-cpus,Number of CPUs.,NUM_CPUS,number,true,false,false,
os,OS utilities.,,,false,false,false,
os/platform,Platform on which the current process is running.,PLATFORM,string,true,false,false,os/arch
os/tmpdir,Return the directory for storing temporary files.,tmpdir,Function,true,false,false,os/configdir;os/homedir
plot/base/ctor,Base 2-dimensional plot constructor.,,,false,false,false,
plot/components/svg/annotations,SVG plot annotations.,,,false,false,false,
plot/components/svg/axis,Axis.,,,false,false,false,
plot/components/svg/background,SVG background.,,,false,false,false,
plot/components/svg/canvas,SVG canvas.,,,false,false,false,
plot/components/svg/clip-path,SVG clipping path.,,,false,false,false,
plot/components/svg/defs,SVG plot definitions.,,,false,false,false,
plot/components/svg/graph,Graph component.,,,false,false,false,
plot/components/svg/marks,Marks.,,,false,false,false,
plot/components/svg/path,SVG path.,,,false,false,false,
plot/components/svg/rug,SVG rug component.,,,false,false,false,
plot/components/svg/symbols,SVG symbols.,,,false,false,false,
plot/components/svg/title,SVG title.,,,false,false,false,
plot/ctor,2-dimensional plot constructor.,Plot,Function,false,false,false,plot
plot,Plotting.,plot,Function,false,false,false,plot/ctor
plot/sparklines/base/ctor,Base class for sparklines.,SparklineBase,Function,false,false,false,plot;plot/ctor;plot/sparklines/unicode/column;plot/sparklines/unicode/line;plot/sparklines/unicode/tristate;plot/sparklines/unicode/win-loss
plot/sparklines/base,"Base (i.e., lower-level) sparkline functionality.",,,false,false,false,
plot/sparklines,Sparklines.,,,false,false,false,
plot/sparklines/unicode/column,Create a Unicode sparkline column chart.,UnicodeColumnChartSparkline,Function,true,false,false,plot;plot/ctor;plot/sparklines/unicode;plot/sparklines/unicode/line;plot/sparklines/unicode/tristate;plot/sparklines/unicode/up-down;plot/sparklines/unicode/win-loss
plot/sparklines/unicode/line,Create a Unicode sparkline line chart.,UnicodeLineChartSparkline,Function,true,false,false,plot;plot/ctor;plot/sparklines/unicode;plot/sparklines/unicode/column;plot/sparklines/unicode/tristate;plot/sparklines/unicode/up-down;plot/sparklines/unicode/win-loss
plot/sparklines/unicode,Create a Unicode sparkline.,UnicodeSparkline,Function,true,false,false,plot;plot/ctor;plot/sparklines/unicode/column;plot/sparklines/unicode/line;plot/sparklines/unicode/tristate;plot/sparklines/unicode/up-down;plot/sparklines/unicode/win-loss
plot/sparklines/unicode/tristate,Create a Unicode sparkline tristate chart.,UnicodeTristateChartSparkline,Function,true,false,false,plot;plot/ctor;plot/sparklines/unicode;plot/sparklines/unicode/column;plot/sparklines/unicode/line;plot/sparklines/unicode/up-down;plot/sparklines/unicode/win-loss
plot/sparklines/unicode/up-down,Create a Unicode sparkline up/down chart.,UnicodeUpDownChartSparkline,Function,true,false,false,plot;plot/ctor;plot/sparklines/unicode;plot/sparklines/unicode/column;plot/sparklines/unicode/line;plot/sparklines/unicode/tristate;plot/sparklines/unicode/win-loss
plot/sparklines/unicode/win-loss,Create a Unicode sparkline win/loss chart.,UnicodeWinLossChartSparkline,Function,true,false,false,plot;plot/ctor;plot/sparklines/unicode;plot/sparklines/unicode/column;plot/sparklines/unicode/line;plot/sparklines/unicode/tristate;plot/sparklines/unicode/up-down
plot/unicode/stemleaf,Create a Unicode stem-and-leaf chart.,,,false,false,false,
process/argv,Array containing command-line arguments passed when launching the calling process.,ARGV,Array,false,false,false,process/env
process/chdir,Change the current working directory.,chdir,Function,false,false,false,process/cwd
process/cwd,Return the current working directory.,cwd,Function,true,false,false,process/chdir
process/env,Object containing the user environment.,ENV,Object,false,false,false,process/argv
process/exec-path,Absolute pathname of the executable which started the current Node.js process.,EXEC_PATH,string,false,false,false,
process/getegid,Return the effective numeric group identity of a calling process.,getegid,Function,false,false,false,process/geteuid;process/getgid;process/getuid
process/geteuid,Return the effective numeric user identity of a calling process.,geteuid,Function,false,false,false,process/getegid;process/getgid;process/getuid
process/getgid,Return the numeric group identity of a calling process.,getgid,Function,false,false,false,process/getegid;process/geteuid;process/getuid
process/getuid,Return the numeric user identity of a calling process.,getuid,Function,false,false,false,process/getegid;process/geteuid;process/getgid
process/node-version,Node version.,NODE_VERSION,string,true,false,false,
process,Process utilities.,,,false,false,false,
process/read-stdin,Read data from stdin.,,,false,false,false,
process/umask,Get/set the process mask.,umask,Function,true,false,false,
proxy/ctor,Proxy object.,Proxy,Function,false,false,false,
proxy,Proxy.,,,false,false,false,
random/arcsine,Generate pseudorandom numbers drawn from an arcsine distribution.,,,false,false,false,
random/array/arcsine,Create an array containing pseudorandom numbers drawn from an arcsine distribution.,random.array.arcsine,Function,false,false,false,random/base/arcsine;random/strided/arcsine
random/array/bernoulli,Create an array containing pseudorandom numbers drawn from a Bernoulli distribution.,random.array.bernoulli,Function,false,false,false,random/base/bernoulli;random/strided/bernoulli
random/array/beta,Create an array containing pseudorandom numbers drawn from a beta distribution.,random.array.beta,Function,false,false,false,random/base/beta;random/strided/beta
random/array/betaprime,Create an array containing pseudorandom numbers drawn from a beta prime distribution.,random.array.betaprime,Function,false,false,false,random/base/betaprime;random/strided/betaprime
random/array/binomial,Create an array containing pseudorandom numbers drawn from a binomial distribution.,random.array.binomial,Function,false,false,false,random/array/negative-binomial;random/base/binomial
random/array/cauchy,Create an array containing pseudorandom numbers drawn from a Cauchy distribution.,random.array.cauchy,Function,false,false,false,random/base/cauchy
random/array/chi,Create an array containing pseudorandom numbers drawn from a chi distribution.,random.array.chi,Function,false,false,false,random/base/chi;random/strided/chi
random/array/chisquare,Create an array containing pseudorandom numbers drawn from a chi-square distribution.,random.array.chisquare,Function,false,false,false,random/base/chisquare;random/strided/chisquare
random/array/cosine,Create an array containing pseudorandom numbers drawn from a raised cosine distribution.,random.array.cosine,Function,false,false,false,random/base/cosine;random/strided/cosine
random/array/discrete-uniform,Create an array containing pseudorandom numbers drawn from a discrete uniform distribution.,random.array.discreteUniform,Function,false,false,false,random/array/uniform;random/base/discrete-uniform;random/strided/discrete-uniform
random/array/erlang,Create an array containing pseudorandom numbers drawn from an Erlang distribution.,random.array.erlang,Function,false,false,false,random/base/erlang
random/array/exponential,Create an array containing pseudorandom numbers drawn from an exponential distribution.,random.array.exponential,Function,false,false,false,random/base/exponential;random/strided/exponential
random/array/f,Create an array containing pseudorandom numbers drawn from an F distribution.,random.array.f,Function,false,false,false,random/base/f
random/array/frechet,Create an array containing pseudorandom numbers drawn from a Fréchet distribution.,random.array.frechet,Function,false,false,false,random/base/frechet
random/array/gamma,Create an array containing pseudorandom numbers drawn from a gamma distribution.,random.array.gamma,Function,false,false,false,random/base/gamma;random/strided/gamma
random/array/geometric,Create an array containing pseudorandom numbers drawn from a geometric distribution.,random.array.geometric,Function,false,false,false,random/base/geometric;random/strided/geometric
random/array/gumbel,Create an array containing pseudorandom numbers drawn from a Gumbel distribution.,random.array.gumbel,Function,false,false,false,random/base/gumbel
random/array/hypergeometric,Create an array containing pseudorandom numbers drawn from a hypergeometric distribution.,random.array.hypergeometric,Function,false,false,false,random/base/hypergeometric
random/array/invgamma,Create an array containing pseudorandom numbers drawn from an inverse gamma distribution.,random.array.invgamma,Function,false,false,false,random/base/invgamma;random/strided/invgamma
random/array/kumaraswamy,Create an array containing pseudorandom numbers drawn from Kumaraswamy's double bounded distribution.,random.array.kumaraswamy,Function,false,false,false,random/base/kumaraswamy
random/array/laplace,Create an array containing pseudorandom numbers drawn from a Laplace (double exponential) distribution.,random.array.laplace,Function,false,false,false,random/base/laplace
random/array/levy,Create an array containing pseudorandom numbers drawn from a Lévy distribution.,random.array.levy,Function,false,false,false,random/base/levy
random/array/logistic,Create an array containing pseudorandom numbers drawn from a logistic distribution.,random.array.logistic,Function,false,false,false,random/base/logistic
random/array/lognormal,Create an array containing pseudorandom numbers drawn from a lognormal distribution.,random.array.lognormal,Function,false,false,false,random/base/lognormal;random/strided/lognormal
random/array/minstd-shuffle,Create an array containing pseudorandom numbers generated using a linear congruential pseudorandom number generator (LCG) whose output is shuffled.,random.array.minstdShuffle,Function,false,false,false,random/array/minstd;random/array/randu;random/base/minstd-shuffle;random/strided/minstd-shuffle
random/array/minstd,Create an array containing pseudorandom numbers generated using a linear congruential pseudorandom number generator (LCG).,random.array.minstd,Function,false,false,false,random/array/minstd-shuffle;random/array/randu;random/base/minstd;random/strided/minstd
random/array/mt19937,Create an array containing pseudorandom numbers generated using a 32-bit Mersenne Twister pseudorandom number generator.,random.array.mt19937,Function,false,false,false,random/array/randu;random/base/mt19937;random/strided/mt19937
random/array/negative-binomial,Create an array containing pseudorandom numbers drawn from a negative binomial distribution.,random.array.negativeBinomial,Function,false,false,false,random/array/binomial;random/base/negative-binomial
random/array/normal,Create an array containing pseudorandom numbers drawn from a normal distribution.,random.array.normal,Function,false,false,false,random/base/normal;random/strided/normal
random/array,Pseudorandom number generator array creation functions.,,,false,false,false,
random/array/pareto-type1,Create an array containing pseudorandom numbers drawn from a Pareto (Type I) distribution.,random.array.pareto1,Function,false,false,false,random/base/pareto-type1
random/array/poisson,Create an array containing pseudorandom numbers drawn from a Poisson distribution.,random.array.poisson,Function,false,false,false,random/base/poisson;random/strided/poisson
random/array/randu,Create an array containing uniformly distributed pseudorandom numbers between 0 and 1.,random.array.randu,Function,false,false,false,random/array/uniform;random/base/randu;random/strided/randu
random/array/rayleigh,Create an array containing pseudorandom numbers drawn from a Rayleigh distribution.,random.array.rayleigh,Function,false,false,false,random/base/rayleigh;random/strided/rayleigh
random/array/t,Create an array containing pseudorandom numbers drawn from a Student's t-distribution.,random.array.t,Function,false,false,false,random/base/t;random/strided/t
random/array/tools/binary-factory,Create a factory function for generating pseudorandom values drawn from a binary PRNG.,,,false,false,false,
random/array/tools/binary,Constructor for creating arrays filled with pseudorandom values drawn from a binary PRNG.,,,false,false,false,
random/array/tools/nullary,Constructor for creating arrays filled with pseudorandom values drawn from a nullary PRNG.,,,false,false,false,
random/array/tools,Pseudorandom number generator array creation function tools.,,,false,false,false,
random/array/tools/ternary-factory,Create a factory function for generating pseudorandom values drawn from a ternary PRNG.,,,false,false,false,
random/array/tools/ternary,Constructor for creating arrays filled with pseudorandom values drawn from a ternary PRNG.,,,false,false,false,
random/array/tools/unary-factory,Create a factory function for generating pseudorandom values drawn from a unary PRNG.,,,false,false,false,
random/array/tools/unary,Constructor for creating arrays filled with pseudorandom values drawn from a unary PRNG.,,,false,false,false,
random/array/triangular,Create an array containing pseudorandom numbers drawn from a triangular distribution.,random.array.triangular,Function,false,false,false,random/base/triangular
random/array/uniform,Create an array containing pseudorandom numbers drawn from a continuous uniform distribution.,random.array.uniform,Function,false,false,false,random/array/discrete-uniform;random/base/uniform;random/strided/uniform
random/array/weibull,Create an array containing pseudorandom numbers drawn from a Weibull distribution.,random.array.weibull,Function,false,false,false,random/base/weibull;random/strided/weibull
random/base/arcsine,Arcsine distributed pseudorandom numbers.,base.random.arcsine,Function,false,false,false,random/array/arcsine;random/iter/arcsine;random/streams/arcsine;random/base/beta
random/base/bernoulli,Bernoulli distributed pseudorandom numbers.,base.random.bernoulli,Function,false,false,false,random/array/bernoulli;random/iter/bernoulli;random/streams/bernoulli;random/base/binomial
random/base/beta,Beta distributed pseudorandom numbers.,base.random.beta,Function,false,false,false,random/array/beta;random/iter/beta;random/streams/beta
random/base/betaprime,Beta prime distributed pseudorandom numbers.,base.random.betaprime,Function,false,false,false,random/array/betaprime;random/iter/betaprime;random/streams/betaprime
random/base/binomial,Binomial distributed pseudorandom numbers.,base.random.binomial,Function,false,false,false,random/array/binomial;random/iter/binomial;random/streams/binomial
random/base/box-muller,Normally distributed pseudorandom numbers using the Box-Muller transform.,base.random.boxMuller,Function,false,false,false,random/iter/box-muller;random/streams/box-muller
random/base/cauchy,Cauchy distributed pseudorandom numbers.,base.random.cauchy,Function,false,false,false,random/array/cauchy;random/iter/cauchy;random/streams/cauchy
random/base/chi,Chi distributed pseudorandom numbers.,base.random.chi,Function,false,false,false,random/array/chi;random/iter/chi;random/streams/chi
random/base/chisquare,Chi-square distributed pseudorandom numbers.,base.random.chisquare,Function,false,false,false,random/array/chisquare;random/iter/chisquare;random/streams/chisquare
random/base/cosine,Raised cosine distributed pseudorandom numbers.,base.random.cosine,Function,false,false,false,random/array/cosine;random/iter/cosine;random/streams/cosine
random/base/discrete-uniform,Discrete uniform distributed pseudorandom numbers.,base.random.discreteUniform,Function,false,false,false,random/array/discrete-uniform;random/iter/discrete-uniform;random/streams/discrete-uniform
random/base/erlang,Erlang distributed pseudorandom numbers.,base.random.erlang,Function,false,false,false,random/array/erlang;random/iter/erlang;random/streams/erlang
random/base/exponential,Exponentially distributed pseudorandom numbers.,base.random.exponential,Function,false,false,false,random/array/exponential;random/iter/exponential;random/streams/exponential
random/base/f,F distributed pseudorandom numbers.,base.random.f,Function,false,false,false,random/array/f;random/iter/f;random/streams/f
random/base/frechet,Fréchet distributed pseudorandom numbers.,base.random.frechet,Function,false,false,false,random/array/frechet;random/iter/frechet;random/streams/frechet
random/base/gamma,Gamma distributed pseudorandom numbers.,base.random.gamma,Function,false,false,false,random/array/gamma;random/iter/gamma;random/streams/gamma
random/base/geometric,Geometric distributed pseudorandom numbers.,base.random.geometric,Function,false,false,false,random/array/geometric;random/iter/geometric;random/streams/geometric
random/base/gumbel,Gumbel distributed pseudorandom numbers.,base.random.gumbel,Function,false,false,false,random/array/gumbel;random/iter/gumbel;random/streams/gumbel
random/base/hypergeometric,Hypergeometric distributed pseudorandom numbers.,base.random.hypergeometric,Function,false,false,false,random/array/hypergeometric;random/iter/hypergeometric;random/streams/hypergeometric
random/base/improved-ziggurat,Normally distributed pseudorandom numbers using the improved Ziggurat method.,base.random.improvedZiggurat,Function,false,false,false,random/iter/improved-ziggurat;random/streams/improved-ziggurat
random/base/invgamma,Inverse gamma distributed pseudorandom numbers.,base.random.invgamma,Function,false,false,false,random/array/invgamma;random/iter/invgamma;random/streams/invgamma
random/base/kumaraswamy,Kumaraswamy's double bounded distributed pseudorandom numbers.,base.random.kumaraswamy,Function,false,false,false,random/array/kumaraswamy;random/iter/kumaraswamy;random/streams/kumaraswamy
random/base/laplace,Laplace (double exponential) distributed pseudorandom numbers.,base.random.laplace,Function,false,false,false,random/array/laplace;random/iter/laplace;random/streams/laplace
random/base/levy,Lévy distributed pseudorandom numbers.,base.random.levy,Function,false,false,false,random/array/levy;random/iter/levy;random/streams/levy
random/base/logistic,Logistic distributed pseudorandom numbers.,base.random.logistic,Function,false,false,false,random/array/logistic;random/iter/logistic;random/streams/logistic
random/base/lognormal,Log-normally distributed pseudorandom numbers.,base.random.lognormal,Function,false,false,false,random/array/lognormal;random/iter/lognormal;random/streams/lognormal
random/base/minstd-shuffle,A linear congruential pseudorandom number generator (LCG) whose output is shuffled.,base.random.minstdShuffle,Function,false,false,false,random/array/minstd-shuffle;random/iter/minstd-shuffle;random/streams/minstd-shuffle;random/base/minstd;random/base/mt19937;random/base/randi
random/base/minstd,A linear congruential pseudorandom number generator (LCG) based on Park and Miller.,base.random.minstd,Function,false,false,false,random/array/minstd;random/iter/minstd;random/streams/minstd;random/base/minstd-shuffle;random/base/mt19937;random/base/randi
random/base/mt19937,A 32-bit Mersenne Twister pseudorandom number generator.,base.random.mt19937,Function,false,false,false,random/array/mt19937;random/iter/mt19937;random/streams/mt19937;random/base/minstd;random/base/randi
random/base/negative-binomial,Negative binomial distributed pseudorandom numbers.,base.random.negativeBinomial,Function,false,false,false,random/array/negative-binomial;random/iter/negative-binomial;random/streams/negative-binomial
random/base/normal,Normally distributed pseudorandom numbers.,base.random.normal,Function,false,false,false,random/array/normal;random/iter/normal;random/streams/normal
random/base,Base pseudorandom number generators.,,,false,false,false,
random/base/pareto-type1,Pareto (Type I) distributed pseudorandom numbers.,base.random.pareto1,Function,false,false,false,random/array/pareto-type1;random/iter/pareto-type1;random/streams/pareto-type1
random/base/poisson,Poisson distributed random numbers.,base.random.poisson,Function,false,false,false,random/array/poisson;random/iter/poisson;random/streams/poisson
random/base/randi,Pseudorandom numbers having integer values.,base.random.randi,Function,false,false,false,random/iter/randi;random/streams/randi;random/base/minstd;random/base/minstd-shuffle;random/base/mt19937
random/base/randn,Standard normal pseudorandom numbers.,base.random.randn,Function,false,false,false,random/iter/randn;random/streams/randn;random/base/improved-ziggurat;random/base/randu
random/base/randu,Uniformly distributed pseudorandom numbers between 0 and 1.,base.random.randu,Function,false,false,false,random/array/randu;random/iter/randu;random/streams/randu;random/base/discrete-uniform;random/base/randn
random/base/rayleigh,Rayleigh distributed pseudorandom numbers.,base.random.rayleigh,Function,false,false,false,random/array/rayleigh;random/iter/rayleigh;random/streams/rayleigh
random/base/reviver,Revive a JSON-serialized pseudorandom number generator (PRNG).,reviveBasePRNG,Function,false,false,false,
random/base/shared,Common APIs shared across base pseudorandom number generators.,,,false,false,false,
random/base/t,Student's t-distributed pseudorandom numbers.,base.random.t,Function,false,false,false,random/array/t;random/iter/t;random/streams/t
random/base/triangular,Triangular distributed pseudorandom numbers.,base.random.triangular,Function,false,false,false,random/array/triangular;random/iter/triangular;random/streams/triangular
random/base/uniform,Uniformly distributed pseudorandom numbers.,base.random.uniform,Function,false,false,false,random/array/uniform;random/iter/uniform;random/streams/uniform;random/base/discrete-uniform;random/base/randu
random/base/weibull,Weibull distributed pseudorandom numbers.,base.random.weibull,Function,false,false,false,random/array/weibull;random/iter/weibull;random/streams/weibull
random/bernoulli,Generate pseudorandom numbers drawn from a Bernoulli distribution.,,,false,false,false,
random/beta,Generate pseudorandom numbers drawn from a beta distribution.,,,false,false,false,
random/betaprime,Generate pseudorandom numbers drawn from a betaprime distribution.,,,false,false,false,
random/binomial,Generate pseudorandom numbers drawn from a binomial distribution.,,,false,false,false,
random/cauchy,Generate pseudorandom numbers drawn from a Cauchy distribution.,,,false,false,false,
random/chi,Generate pseudorandom numbers drawn from a chi distribution.,,,false,false,false,
random/chisquare,Generate pseudorandom numbers drawn from a chi-square distribution.,,,false,false,false,
random/cosine,Generate pseudorandom numbers drawn from a raised cosine distribution.,,,false,false,false,
random/discrete-uniform,Generate pseudorandom numbers drawn from a discrete uniform distribution.,,,false,false,false,
random/erlang,Generate pseudorandom numbers drawn from an Erlang distribution.,,,false,false,false,
random/exponential,Generate pseudorandom numbers drawn from an exponential distribution.,,,false,false,false,
random/f,Generate pseudorandom numbers drawn from an F distribution.,,,false,false,false,
random/frechet,Generate pseudorandom numbers drawn from a Fréchet distribution.,,,false,false,false,
random/gamma,Generate pseudorandom numbers drawn from a gamma distribution.,,,false,false,false,
random/geometric,Generate pseudorandom numbers drawn from a geometric distribution.,,,false,false,false,
random/gumbel,Generate pseudorandom numbers drawn from a Gumbel distribution.,,,false,false,false,
random/hypergeometric,Generate pseudorandom numbers drawn from a hypergeometric distribution.,,,false,false,false,
random/invgamma,Generate pseudorandom numbers drawn from an inverse gamma distribution.,,,false,false,false,
random/iter/arcsine,Create an iterator for generating pseudorandom numbers drawn from an arcsine distribution.,random.iterators.arcsine,Function,false,false,false,random/base/arcsine
random/iter/bernoulli,Create an iterator for generating pseudorandom numbers drawn from a Bernoulli distribution.,random.iterators.bernoulli,Function,false,false,false,random/base/bernoulli
random/iter/beta,Create an iterator for generating pseudorandom numbers drawn from a beta distribution.,random.iterators.beta,Function,false,false,false,random/base/beta
random/iter/betaprime,Create an iterator for generating pseudorandom numbers drawn from a beta prime distribution.,random.iterators.betaprime,Function,false,false,false,random/base/betaprime
random/iter/binomial,Create an iterator for generating pseudorandom numbers drawn from a binomial distribution.,random.iterators.binomial,Function,false,false,false,random/base/binomial
random/iter/box-muller,Create an iterator for generating pseudorandom numbers drawn from a standard normal distribution using the Box-Muller transform.,random.iterators.boxMuller,Function,false,false,false,random/base/box-muller
random/iter/cauchy,Create an iterator for generating pseudorandom numbers drawn from a Cauchy distribution.,random.iterators.cauchy,Function,false,false,false,random/base/cauchy
random/iter/chi,Create an iterator for generating pseudorandom numbers drawn from a chi distribution.,random.iterators.chi,Function,false,false,false,random/base/chi
random/iter/chisquare,Create an iterator for generating pseudorandom numbers drawn from a chi-square distribution.,random.iterators.chisquare,Function,false,false,false,random/base/chisquare
random/iter/cosine,Create an iterator for generating pseudorandom numbers drawn from a raised cosine distribution.,random.iterators.cosine,Function,false,false,false,random/base/cosine
random/iter/discrete-uniform,Create an iterator for generating pseudorandom numbers drawn from a discrete uniform distribution.,random.iterators.discreteUniform,Function,false,false,false,random/base/discrete-uniform
random/iter/erlang,Create an iterator for generating pseudorandom numbers drawn from an Erlang distribution.,random.iterators.erlang,Function,false,false,false,random/base/erlang
random/iter/exponential,Create an iterator for generating pseudorandom numbers drawn from an exponential distribution.,random.iterators.exponential,Function,false,false,false,random/base/exponential
random/iter/f,Create an iterator for generating pseudorandom numbers drawn from an F distribution.,random.iterators.f,Function,false,false,false,random/base/f
random/iter/frechet,Create an iterator for generating pseudorandom numbers drawn from a Fréchet distribution.,random.iterators.frechet,Function,false,false,false,random/base/frechet
random/iter/gamma,Create an iterator for generating pseudorandom numbers drawn from a gamma distribution.,random.iterators.gamma,Function,false,false,false,random/base/gamma
random/iter/geometric,Create an iterator for generating pseudorandom numbers drawn from a geometric distribution.,random.iterators.geometric,Function,false,false,false,random/base/geometric
random/iter/gumbel,Create an iterator for generating pseudorandom numbers drawn from a Gumbel distribution.,random.iterators.gumbel,Function,false,false,false,random/base/gumbel
random/iter/hypergeometric,Create an iterator for generating pseudorandom numbers drawn from a hypergeometric distribution.,random.iterators.hypergeometric,Function,false,false,false,random/base/hypergeometric
random/iter/improved-ziggurat,Create an iterator for generating pseudorandom numbers drawn from a standard normal distribution using the Improved Ziggurat algorithm.,random.iterators.improvedZiggurat,Function,false,false,false,random/base/improved-ziggurat
random/iter/invgamma,Create an iterator for generating pseudorandom numbers drawn from an inverse gamma distribution.,random.iterators.invgamma,Function,false,false,false,random/base/invgamma
random/iter/kumaraswamy,Create an iterator for generating pseudorandom numbers drawn from a Kumaraswamy's double bounded distribution.,random.iterators.kumaraswamy,Function,false,false,false,random/base/kumaraswamy
random/iter/laplace,Create an iterator for generating pseudorandom numbers drawn from a Laplace distribution.,random.iterators.laplace,Function,false,false,false,random/base/laplace
random/iter/levy,Create an iterator for generating pseudorandom numbers drawn from a Lévy distribution.,random.iterators.levy,Function,false,false,false,random/base/levy
random/iter/logistic,Create an iterator for generating pseudorandom numbers drawn from a logistic distribution.,random.iterators.logistic,Function,false,false,false,random/base/logistic
random/iter/lognormal,Create an iterator for generating pseudorandom numbers drawn from a lognormal distribution.,random.iterators.lognormal,Function,false,false,false,random/base/lognormal
random/iter/minstd-shuffle,Create an iterator for a linear congruential pseudorandom number generator (LCG) whose output is shuffled.,random.iterators.minstdShuffle,Function,false,false,false,random/base/minstd-shuffle;random/iter/minstd;random/iter/mt19937;random/iter/randi;random/iter/randu
random/iter/minstd,Create an iterator for a linear congruential pseudorandom number generator (LCG) based on Park and Miller.,random.iterators.minstd,Function,false,false,false,random/base/minstd;random/iter/minstd-shuffle;random/iter/mt19937;random/iter/randi;random/iter/randu
random/iter/mt19937,Create an iterator for a 32-bit Mersenne Twister pseudorandom number generator.,random.iterators.mt19937,Function,false,false,false,random/base/mt19937;random/iter/minstd;random/iter/minstd-shuffle;random/iter/randi;random/iter/randu
random/iter/negative-binomial,Create an iterator for generating pseudorandom numbers drawn from a negative binomial distribution.,random.iterators.negativeBinomial,Function,false,false,false,random/base/negative-binomial
random/iter/normal,Create an iterator for generating pseudorandom numbers drawn from a normal distribution.,random.iterators.normal,Function,false,false,false,random/base/normal
random/iter,Pseudorandom number generator iterators.,,,false,false,false,
random/iter/pareto-type1,Create an iterator for generating pseudorandom numbers drawn from a Pareto (Type I) distribution.,random.iterators.pareto1,Function,false,false,false,random/base/pareto-type1
random/iter/poisson,Create an iterator for generating pseudorandom numbers drawn from a Poisson distribution.,random.iterators.poisson,Function,false,false,false,random/base/poisson
random/iter/randi,Create an iterator for generating pseudorandom numbers having integer values.,random.iterators.randi,Function,false,false,false,random/base/randi;random/iter/randu
random/iter/randn,Create an iterator for generating pseudorandom numbers drawn from a standard normal distribution.,random.iterators.randn,Function,false,false,false,random/base/randn
random/iter/randu,Create an iterator for generating uniformly distributed pseudorandom numbers between 0 and 1.,random.iterators.randu,Function,false,false,false,random/base/randu;random/iter/randi
random/iter/rayleigh,Create an iterator for generating pseudorandom numbers drawn from a Rayleigh distribution.,random.iterators.rayleigh,Function,false,false,false,random/base/rayleigh
random/iter/t,Create an iterator for generating pseudorandom numbers drawn from a Student's t distribution.,random.iterators.t,Function,false,false,false,random/base/t
random/iter/triangular,Create an iterator for generating pseudorandom numbers drawn from a triangular distribution.,random.iterators.triangular,Function,false,false,false,random/base/triangular
random/iter/uniform,Create an iterator for generating pseudorandom numbers drawn from a continuous uniform distribution.,random.iterators.uniform,Function,false,false,false,random/base/uniform
random/iter/weibull,Create an iterator for generating pseudorandom numbers drawn from a Weibull distribution.,random.iterators.weibull,Function,false,false,false,random/base/weibull
random/kumaraswamy,Generate pseudorandom numbers drawn from a Kumaraswamy distribution.,,,false,false,false,
random/laplace,Generate pseudorandom numbers drawn from a Laplace (double exponential) distribution.,,,false,false,false,
random/levy,Generate pseudorandom numbers drawn from a Lévy distribution.,,,false,false,false,
random/logistic,Generate pseudorandom numbers drawn from a logistic distribution.,,,false,false,false,
random/lognormal,Generate pseudorandom numbers drawn from a lognormal distribution.,,,false,false,false,
random/negative-binomial,Generate pseudorandom numbers drawn from a negative binomial distribution.,,,false,false,false,
random/normal,Generate pseudorandom numbers drawn from a normal distribution.,,,false,false,false,
random,Random numbers.,,,false,false,false,
random/pareto-type1,Generate pseudorandom numbers drawn from a Pareto (Type I) distribution.,,,false,false,false,
random/poisson,Generate pseudorandom numbers drawn from a Poisson distribution.,,,false,false,false,
random/rayleigh,Generate pseudorandom numbers drawn from a Rayleigh distribution.,,,false,false,false,
random/sample,Sample elements from an array-like object.,sample,Function,false,false,false,
random/shuffle,Shuffle elements of an array-like object.,shuffle,Function,false,false,false,random/sample
random/streams/arcsine,Create a readable stream for generating pseudorandom numbers drawn from an arcsine distribution.,random.streams.arcsine,Function,true,false,false,random/base/arcsine;random/iter/arcsine
random/streams/bernoulli,Create a readable stream for generating pseudorandom numbers drawn from a Bernoulli distribution.,random.streams.bernoulli,Function,true,false,false,random/base/bernoulli;random/iter/bernoulli
random/streams/beta,Create a readable stream for generating pseudorandom numbers drawn from a beta distribution.,random.streams.beta,Function,true,false,false,random/base/beta;random/iter/beta
random/streams/betaprime,Create a readable stream for generating pseudorandom numbers drawn from a beta prime distribution.,random.streams.betaprime,Function,true,false,false,random/base/betaprime;random/iter/betaprime
random/streams/binomial,Create a readable stream for generating pseudorandom numbers drawn from a binomial distribution.,random.streams.binomial,Function,true,false,false,random/base/binomial;random/iter/binomial
random/streams/box-muller,Create a readable stream for generating pseudorandom numbers drawn from a standard normal distribution using the Box-Muller transform.,random.streams.boxMuller,Function,true,false,false,random/base/box-muller;random/iter/box-muller;random/streams/improved-ziggurat;random/streams/randn
random/streams/cauchy,Create a readable stream for generating pseudorandom numbers drawn from a Cauchy distribution.,random.streams.cauchy,Function,true,false,false,random/base/cauchy;random/iter/cauchy
random/streams/chi,Create a readable stream for generating pseudorandom numbers drawn from a chi distribution.,random.streams.chi,Function,true,false,false,random/base/chi;random/iter/chi
random/streams/chisquare,Create a readable stream for generating pseudorandom numbers drawn from a chi-square distribution.,random.streams.chisquare,Function,true,false,false,random/base/chisquare;random/iter/chisquare
random/streams/cosine,Create a readable stream for generating pseudorandom numbers drawn from a raised cosine distribution.,random.streams.cosine,Function,true,false,false,random/base/cosine;random/iter/cosine
random/streams/discrete-uniform,Create a readable stream for generating pseudorandom numbers drawn from a discrete uniform distribution.,random.streams.discreteUniform,Function,true,false,false,random/base/discrete-uniform;random/iter/discrete-uniform
random/streams/erlang,Create a readable stream for generating pseudorandom numbers drawn from an Erlang distribution.,random.streams.erlang,Function,true,false,false,random/base/erlang;random/iter/erlang
random/streams/exponential,Create a readable stream for generating pseudorandom numbers drawn from an exponential distribution.,random.streams.exponential,Function,true,false,false,random/base/exponential;random/iter/exponential
random/streams/f,Create a readable stream for generating pseudorandom numbers drawn from an F distribution.,random.streams.f,Function,true,false,false,random/base/f;random/iter/f
random/streams/frechet,Create a readable stream for generating pseudorandom numbers drawn from a Fréchet distribution.,random.streams.frechet,Function,true,false,false,random/base/frechet;random/iter/frechet
random/streams/gamma,Create a readable stream for generating pseudorandom numbers drawn from a gamma distribution.,random.streams.gamma,Function,true,false,false,random/base/gamma;random/iter/gamma
random/streams/geometric,Create a readable stream for generating pseudorandom numbers drawn from a geometric distribution.,random.streams.geometric,Function,true,false,false,random/base/geometric;random/iter/geometric
random/streams/gumbel,Create a readable stream for generating pseudorandom numbers drawn from a Gumbel distribution.,random.streams.gumbel,Function,true,false,false,random/base/gumbel;random/iter/gumbel
random/streams/hypergeometric,Create a readable stream for generating pseudorandom numbers drawn from a hypergeometric distribution.,random.streams.hypergeometric,Function,true,false,false,random/base/hypergeometric;random/iter/hypergeometric
random/streams/improved-ziggurat,Create a readable stream for generating pseudorandom numbers drawn from a standard normal distribution using the Improved Ziggurat algorithm.,random.streams.improvedZiggurat,Function,true,false,false,random/base/improved-ziggurat;random/iter/improved-ziggurat;random/streams/box-muller;random/streams/randn
random/streams/invgamma,Create a readable stream for generating pseudorandom numbers drawn from an inverse gamma distribution.,random.streams.invgamma,Function,true,false,false,random/base/invgamma;random/iter/invgamma
random/streams/kumaraswamy,Create a readable stream for generating pseudorandom numbers drawn from a Kumaraswamy's double bounded distribution.,random.streams.kumaraswamy,Function,true,false,false,random/base/kumaraswamy;random/iter/kumaraswamy
random/streams/laplace,Create a readable stream for generating pseudorandom numbers drawn from a Laplace (double exponential) distribution.,random.streams.laplace,Function,true,false,false,random/base/laplace;random/iter/laplace
random/streams/levy,Create a readable stream for generating pseudorandom numbers drawn from a Lévy distribution.,random.streams.levy,Function,true,false,false,random/base/levy;random/iter/levy
random/streams/logistic,Create a readable stream for generating pseudorandom numbers drawn from a logistic distribution.,random.streams.logistic,Function,true,false,false,random/base/logistic;random/iter/logistic
random/streams/lognormal,Create a readable stream for generating pseudorandom numbers drawn from a lognormal distribution.,random.streams.lognormal,Function,true,false,false,random/base/lognormal;random/iter/lognormal
random/streams/minstd-shuffle,Create a readable stream for a linear congruential pseudorandom number generator (LCG) whose output is shuffled.,random.streams.minstdShuffle,Function,true,false,false,random/base/minstd-shuffle;random/iter/minstd-shuffle;random/streams/minstd;random/streams/mt19937;random/streams/randi;random/streams/randu
random/streams/minstd,Create a readable stream for a linear congruential pseudorandom number generator (LCG) based on Park and Miller.,random.streams.minstd,Function,true,false,false,random/base/minstd;random/iter/minstd;random/streams/minstd-shuffle;random/streams/mt19937;random/streams/randi;random/streams/randu
random/streams/mt19937,Create a readable stream for a 32-bit Mersenne Twister pseudorandom number generator.,random.streams.mt19937,Function,true,false,false,random/base/mt19937;random/iter/mt19937;random/streams/minstd;random/streams/minstd-shuffle;random/streams/randi;random/streams/randu
random/streams/negative-binomial,Create a readable stream for generating pseudorandom numbers drawn from a negative binomial distribution.,random.streams.negativeBinomial,Function,true,false,false,random/base/negative-binomial;random/iter/negative-binomial
random/streams/normal,Create a readable stream for generating pseudorandom numbers drawn from a normal distribution.,random.streams.normal,Function,true,false,false,random/base/normal;random/iter/normal
random/streams,Pseudorandom number generator streams.,,,false,false,false,
random/streams/pareto-type1,Create a readable stream for generating pseudorandom numbers drawn from a Pareto (Type I) distribution.,random.streams.pareto1,Function,true,false,false,random/base/pareto-type1;random/iter/pareto-type1
random/streams/poisson,Create a readable stream for generating pseudorandom numbers drawn from a Poisson distribution.,random.streams.poisson,Function,true,false,false,random/base/poisson;random/iter/poisson
random/streams/randi,Create a readable stream for generating pseudorandom numbers having integer values.,random.streams.randi,Function,true,false,false,random/base/randi;random/iter/randi;random/streams/randu
random/streams/randn,Create a readable stream for generating pseudorandom numbers drawn from a standard normal distribution.,random.streams.randn,Function,true,false,false,random/base/randn;random/iter/randn;random/streams/box-muller;random/streams/improved-ziggurat
random/streams/randu,Create a readable stream for generating uniformly distributed pseudorandom numbers between 0 and 1.,random.streams.randu,Function,true,false,false,random/base/randu;random/iter/randu;random/streams/randi
random/streams/rayleigh,Create a readable stream for generating pseudorandom numbers drawn from a Rayleigh distribution.,random.streams.rayleigh,Function,true,false,false,random/base/rayleigh;random/iter/rayleigh
random/streams/t,Create a readable stream for generating pseudorandom numbers drawn from a Student's t distribution.,random.streams.t,Function,true,false,false,random/base/t;random/iter/t
random/streams/triangular,Create a readable stream for generating pseudorandom numbers drawn from a triangular distribution.,random.streams.triangular,Function,true,false,false,random/base/triangular;random/iter/triangular
random/streams/uniform,Create a readable stream for generating pseudorandom numbers drawn from a uniform distribution.,random.streams.uniform,Function,true,false,false,random/base/uniform;random/iter/uniform
random/streams/weibull,Create a readable stream for generating pseudorandom numbers drawn from a Weibull distribution.,random.streams.weibull,Function,true,false,false,random/base/weibull;random/iter/weibull
random/strided/arcsine,Fill a strided array with pseudorandom numbers drawn from an arcsine distribution.,random.strided.arcsine,Function,false,false,false,random/base/arcsine;random/array/arcsine
random/strided/bernoulli,Fill a strided array with pseudorandom numbers drawn from a Bernoulli distribution.,random.strided.bernoulli,Function,false,false,false,random/base/bernoulli;random/array/bernoulli
random/strided/beta,Fill a strided array with pseudorandom numbers drawn from a beta distribution.,random.strided.beta,Function,false,false,false,random/base/beta;random/array/beta
random/strided/betaprime,Fill a strided array with pseudorandom numbers drawn from a beta prime distribution.,random.strided.betaprime,Function,false,false,false,random/base/betaprime;random/array/betaprime
random/strided/chi,Fill a strided array with pseudorandom numbers drawn from a chi distribution.,random.strided.chi,Function,false,false,false,random/base/chi;random/array/chi
random/strided/chisquare,Fill a strided array with pseudorandom numbers drawn from a chi-square distribution.,random.strided.chisquare,Function,false,false,false,random/base/chisquare;random/array/chisquare
random/strided/cosine,Fill a strided array with pseudorandom numbers drawn from a raised cosine distribution.,random.strided.cosine,Function,false,false,false,random/base/cosine;random/array/cosine
random/strided/discrete-uniform,Fill a strided array with pseudorandom numbers drawn from a discrete uniform distribution.,random.strided.discreteUniform,Function,false,false,false,random/base/discrete-uniform;random/array/discrete-uniform;random/strided/uniform
random/strided/exponential,Fill a strided array with pseudorandom numbers drawn from an exponential distribution.,random.strided.exponential,Function,false,false,false,random/base/exponential;random/array/exponential
random/strided/gamma,Fill a strided array with pseudorandom numbers drawn from a gamma distribution.,random.strided.gamma,Function,false,false,false,random/base/gamma;random/array/gamma
random/strided/geometric,Fill a strided array with pseudorandom numbers drawn from a geometric distribution.,random.strided.geometric,Function,false,false,false,random/base/geometric;random/array/geometric
random/strided/invgamma,Fill a strided array with pseudorandom numbers drawn from an inverse gamma distribution.,random.strided.invgamma,Function,false,false,false,random/base/invgamma;random/array/invgamma
random/strided/lognormal,Fill a strided array with pseudorandom numbers drawn from a lognormal distribution.,random.strided.lognormal,Function,false,false,false,random/base/lognormal;random/array/lognormal
random/strided/minstd-shuffle,Fill a strided array with pseudorandom numbers generated using a linear congruential pseudorandom number generator (LCG) whose output is shuffled.,random.strided.minstdShuffle,Function,false,false,false,random/base/minstd-shuffle;random/array/minstd-shuffle;random/strided/minstd;random/strided/randu
random/strided/minstd,Fill a strided array with pseudorandom numbers generated using a linear congruential pseudorandom number generator (LCG).,random.strided.minstd,Function,false,false,false,random/base/minstd;random/array/minstd;random/strided/minstd-shuffle;random/strided/randu
random/strided/mt19937,Fill a strided array with pseudorandom numbers generated using a 32-bit Mersenne Twister pseudorandom number generator.,random.strided.mt19937,Function,false,false,false,random/base/mt19937;random/array/mt19937;random/strided/randu
random/strided/normal,Fill a strided array with pseudorandom numbers drawn from a normal distribution.,random.strided.normal,Function,false,false,false,random/base/normal;random/array/normal
random/strided,Pseudorandom number generator strided array functions.,,,false,false,false,
random/strided/poisson,Fill a strided array with pseudorandom numbers drawn from a Poisson distribution.,random.strided.poisson,Function,false,false,false,random/base/poisson;random/array/poisson
random/strided/randu,Fill a strided array with uniformly distributed pseudorandom numbers between 0 and 1.,random.strided.randu,Function,false,false,false,random/base/randu;random/array/randu;random/strided/uniform
random/strided/rayleigh,Fill a strided array with pseudorandom numbers drawn from a Rayleigh distribution.,random.strided.rayleigh,Function,false,false,false,random/base/rayleigh;random/array/rayleigh
random/strided/t,Fill a strided array with pseudorandom numbers drawn from a Student's t distribution.,random.strided.t,Function,false,false,false,random/base/t;random/array/t
random/strided/tools/binary-factory,Create a factory function for filling strided arrays with pseudorandom values drawn from a binary PRNG.,,,false,false,false,
random/strided/tools,Pseudorandom number generator strided array function tools.,,,false,false,false,
random/strided/tools/ternary-factory,Create a factory function for filling strided arrays with pseudorandom values drawn from a ternary PRNG.,,,false,false,false,
random/strided/tools/unary-factory,Create a factory function for filling strided arrays with pseudorandom values drawn from a unary PRNG.,,,false,false,false,
random/strided/uniform,Fill a strided array with pseudorandom numbers drawn from a continuous uniform distribution.,random.strided.uniform,Function,false,false,false,random/base/uniform;random/array/uniform;random/strided/discrete-uniform
random/strided/weibull,Fill a strided array with pseudorandom numbers drawn from a Weibull distribution.,random.strided.weibull,Function,false,false,false,random/base/weibull;random/array/weibull
random/t,Generate pseudorandom numbers drawn from a Student's t-distribution.,,,false,false,false,
random/tools/binary-factory,Create a function for generating pseudorandom values drawn from a binary PRNG.,,,false,false,false,
random/tools/binary,Constructor for creating ndarrays filled with pseudorandom values drawn from a binary PRNG.,,,false,false,false,
random/tools,Pseudorandom number generator ndarray creation function tools.,,,false,false,false,
random/tools/ternary-factory,Create a function for generating pseudorandom values drawn from a ternary PRNG.,,,false,false,false,
random/tools/ternary,Constructor for creating ndarrays filled with pseudorandom values drawn from a ternary PRNG.,,,false,false,false,
random/tools/unary-factory,Create a function for generating pseudorandom values drawn from a unary PRNG.,,,false,false,false,
random/tools/unary,Constructor for creating ndarrays filled with pseudorandom values drawn from a unary PRNG.,,,false,false,false,
random/triangular,Generate pseudorandom numbers drawn from a triangular distribution.,,,false,false,false,
random/uniform,Generate pseudorandom numbers drawn from a continuous uniform distribution.,,,false,false,false,
random/weibull,Generate pseudorandom numbers drawn from a Weibull distribution.,,,false,false,false,
regexp/basename-posix,Return a regular expression to capture the last part of a POSIX path.,reBasenamePosix,Function,false,false,false,regexp/basename;regexp/basename-windows
regexp/basename-windows,Return a regular expression to capture the last part of a Windows path.,reBasenameWindows,Function,false,false,false,regexp/basename;regexp/basename-posix
regexp/basename,Return a regular expression to capture the last part of a path.,reBasename,Function,false,false,false,regexp/basename-posix;regexp/basename-windows
regexp/color-hexadecimal,Return a regular expression to match a hexadecimal color.,reColorHexadecimal,Function,false,false,false,
regexp/decimal-number,Return a regular expression to match a decimal number.,reDecimalNumber,Function,false,false,false,
regexp/dirname-posix,Return a regular expression to capture a POSIX path dirname.,reDirnamePosix,Function,false,false,false,regexp/dirname;regexp/dirname-windows;utils/dirname
regexp/dirname-windows,Return a regular expression to capture a Windows path dirname.,reDirnameWindows,Function,false,false,false,regexp/dirname;regexp/dirname-posix;utils/dirname
regexp/dirname,Return a regular expression to capture a path dirname.,reDirname,Function,false,false,false,regexp/dirname-posix;regexp/dirname-windows;utils/dirname
regexp/duration-string,Regular expression to match a duration string.,reDurationString,Function,false,false,false,
regexp/eol,Return a regular expression to match a newline character sequence.,reEOL,Function,false,false,false,
regexp/extended-length-path,Regular expression to detect an extended-length path.,reExtendedLengthPath,Function,false,false,false,
regexp/extname-posix,Return a regular expression to capture a POSIX filename extension.,reExtnamePosix,Function,false,false,false,regexp/extname;regexp/extname-windows;utils/extname
regexp/extname-windows,Return a regular expression to capture a Windows filename extension.,reExtnameWindows,Function,false,false,false,regexp/extname;regexp/extname-posix;utils/extname
regexp/extname,Return a regular expression to capture a filename extension.,reExtname,Function,false,false,false,regexp/extname-posix;regexp/extname-windows;utils/extname
regexp/filename-posix,Return a regular expression to split a POSIX filename.,reFilenamePosix,Function,false,false,false,regexp/filename;regexp/filename-windows
regexp/filename-windows,Return a regular expression to split a Windows filename.,reFilenameWindows,Function,false,false,false,regexp/filename;regexp/filename-posix
regexp/filename,Return a regular expression to split a filename.,reFilename,Function,false,false,false,regexp/filename-posix;regexp/filename-windows
regexp/function-name,Return a regular expression to capture a function name.,reFunctionName,Function,false,false,false,utils/function-name
regexp/native-function,Return a regular expression to match a native function.,reNativeFunction,Function,false,false,false,regexp/function-name;utils/function-name
regexp,Regular expressions.,,,false,false,false,
regexp/regexp,Return a regular expression to parse a regular expression string.,reRegExp,Function,false,false,false,utils/regexp-from-string
regexp/reviver,Revive a JSON-serialized regular expression.,reviveRegExp,Function,false,false,false,regexp/to-json
regexp/semver,Regular expression to match a semantic version string.,reSemVer,Function,false,false,false,assert/is-semver
regexp/to-json,Return a JSON representation of a regular expression.,regexp2json,Function,false,false,false,regexp/reviver
regexp/unc-path,Return a regular expression to parse a UNC path.,reUncPath,Function,false,false,false,assert/is-unc-path
regexp/utf16-surrogate-pair,Return a regular expression to match a UTF-16 surrogate pair.,reUtf16SurrogatePair,Function,false,false,false,regexp/utf16-unpaired-surrogate
regexp/utf16-unpaired-surrogate,Return a regular expression to match an unpaired UTF-16 surrogate.,reUtf16UnpairedSurrogate,Function,false,false,false,regexp/utf16-surrogate-pair
regexp/whitespace,Return a regular expression to match a white space character.,reWhitespace,Function,false,false,false,assert/is-whitespace
repl/code-blocks,Return an example associated with a provided alias.,,,true,false,false,
repl/help,Return help text associated with a provided alias.,,,true,false,false,
repl/info,Return abbreviated help text associated with a provided alias.,,,true,false,false,
repl,REPL environment.,,,true,false,false,
repl/presentation,REPL presentation.,,,true,false,false,
repl/server,REPL environment.,,,true,false,false,
repl/signature,Return the signature(s) associated with a provided alias.,,,true,false,false,
repl/typed-signature,Return the typed signature(s) associated with a provided alias.,,,true,false,false,
simulate/iter/awgn,Create an iterator which introduces additive white Gaussian noise.,iterawgn,Function,false,false,false,simulate/iter/awln;simulate/iter/awun
simulate/iter/awln,Create an iterator which introduces additive white Laplacian noise.,iterawln,Function,false,false,false,simulate/iter/awgn;simulate/iter/awun
simulate/iter/awun,Create an iterator which introduces additive white uniform noise.,iterawun,Function,false,false,false,simulate/iter/awgn;simulate/iter/awln
simulate/iter/bartlett-hann-pulse,Create an iterator which generates a Bartlett-Hann pulse waveform.,iterBartlettHannPulse,Function,false,false,false,simulate/iter/bartlett-pulse;simulate/iter/hann-pulse;simulate/iter/pulse;simulate/iter/triangle-wave
simulate/iter/bartlett-pulse,Create an iterator which generates a Bartlett pulse waveform.,iterBartlettPulse,Function,false,false,false,simulate/iter/bartlett-hann-pulse;simulate/iter/pulse;simulate/iter/triangle-wave
simulate/iter/cosine-wave,Create an iterator which generates a cosine wave.,iterCosineWave,Function,false,false,false,simulate/iter/pulse;simulate/iter/sawtooth-wave;simulate/iter/sine-wave;simulate/iter/square-wave;simulate/iter/triangle-wave
simulate/iter/dirac-comb,Create an iterator which generates a Dirac comb.,iterDiracComb,Function,false,false,false,simulate/iter/pulse
simulate/iter/flat-top-pulse,Create an iterator which generates a flat top pulse waveform.,iterFlatTopPulse,Function,false,false,false,simulate/iter/pulse
simulate/iter/hann-pulse,Create an iterator which generates a Hann pulse waveform.,iterHannPulse,Function,false,false,false,simulate/iter/bartlett-hann-pulse;simulate/iter/pulse;simulate/iter/sine-wave
simulate/iter/lanczos-pulse,Create an iterator which generates a Lanczos pulse waveform.,iterLanczosPulse,Function,false,false,false,simulate/iter/pulse;simulate/iter/periodic-sinc
simulate/iter,Simulation iterators.,,,false,false,false,
simulate/iter/periodic-sinc,Create an iterator which generates a periodic sinc waveform.,iterPeriodicSinc,Function,false,false,false,simulate/iter/sine-wave
simulate/iter/pulse,Create an iterator which generates a pulse waveform.,iterPulse,Function,false,false,false,simulate/iter/sawtooth-wave;simulate/iter/sine-wave;simulate/iter/square-wave;simulate/iter/triangle-wave
simulate/iter/sawtooth-wave,Create an iterator which generates a sawtooth wave.,iterSawtoothWave,Function,false,false,false,simulate/iter/pulse;simulate/iter/sine-wave;simulate/iter/square-wave;simulate/iter/triangle-wave
simulate/iter/sine-wave,Create an iterator which generates a sine wave.,iterSineWave,Function,false,false,false,simulate/iter/cosine-wave;simulate/iter/pulse;simulate/iter/sawtooth-wave;simulate/iter/square-wave;simulate/iter/triangle-wave
simulate/iter/square-wave,Create an iterator which generates a square wave.,iterSquareWave,Function,false,false,false,simulate/iter/pulse;simulate/iter/sawtooth-wave;simulate/iter/sine-wave;simulate/iter/triangle-wave
simulate/iter/triangle-wave,Create an iterator which generates a triangle wave.,iterTriangleWave,Function,false,false,false,simulate/iter/pulse;simulate/iter/sawtooth-wave;simulate/iter/sine-wave;simulate/iter/square-wave
simulate,Simulation utilities.,,,false,false,false,
slice/base/args2multislice,Create a MultiSlice object from a list of MultiSlice constructor arguments.,base.args2multislice,Function,false,false,false,
slice/base/int2slice,Convert an integer to a Slice object.,base.int2slice,Function,false,false,false,slice/base/seq2slice;slice/base/str2slice
slice/base/length,Compute the number of elements in a normalized slice.,base.sliceLength,Function,false,false,false,slice/base/nonreduced-dimensions;slice/base/reduced-dimensions;slice/base/shape
slice/base/nonreduced-dimensions,Return a list of non-reduced dimensions in an un-normalized multi-slice.,base.sliceNonReducedDimensions,Function,false,false,false,slice/base/length;slice/base/reduced-dimensions;slice/base/shape
slice/base/normalize-multi-slice,Normalize a MultiSlice object.,base.normalizeMultiSlice,Function,false,false,false,slice/base/normalize-slice
slice/base/normalize-slice,Normalize a Slice object.,base.normalizeSlice,Function,false,false,false,slice/base/normalize-multi-slice
slice/base,Base slice namespace.,,,false,false,false,
slice/base/reduced-dimensions,Return a list of reduced dimensions in an un-normalized multi-slice.,base.sliceReducedDimensions,Function,false,false,false,slice/base/length;slice/base/nonreduced-dimensions;slice/base/shape
slice/base/sargs2multislice,Create a MultiSlice object from a comma-separated list of string-serialized MultiSlice constructor arguments.,base.sargs2multislice,Function,false,false,false,slice/base/args2multislice;slice/base/seq2multislice
slice/base/seq2multislice,Convert a multidimensional subsequence string to a MultiSlice object.,base.seq2multislice,Function,false,false,false,slice/base/seq2slice;slice/base/sargs2multislice
slice/base/seq2slice,Convert a subsequence string to a Slice object.,base.seq2slice,Function,false,false,false,slice/base/seq2multislice;slice/base/slice2seq
slice/base/shape,Compute the shape of a normalized multi-slice.,base.sliceShape,Function,false,false,false,slice/base/length;slice/base/nonreduced-dimensions;slice/base/reduced-dimensions
slice/base/slice2seq,Convert a Slice object to a subsequence string.,base.slice2seq,Function,false,false,false,slice/base/seq2slice
slice/base/str2multislice,Parse a string-serialized MultiSlice object.,base.str2multislice,Function,false,false,false,slice/base/str2slice
slice/base/str2slice,Parse a string-serialized Slice object.,base.str2slice,Function,false,false,false,slice/base/str2multislice
slice/ctor,Slice constructor.,Slice,Function,false,false,false,ndarray/ctor;slice/multi
slice/multi,Multi-slice constructor.,MultiSlice,Function,false,false,false,ndarray/ctor;slice/ctor
slice,Slice.,,,false,false,false,
slice/seq2slice,Convert a subsequence string to a Slice object.,seq2slice,Function,false,false,false,slice/ctor
stats/anova1,Perform a one-way analysis of variance.,anova1,Function,false,false,false,
stats/array/max-by,Calculate the maximum value of an array via a callback function.,,,false,false,false,
stats/array/max,Calculate the maximum value of an array.,,,false,false,false,
stats/array/maxabs,Calculate the maximum absolute value of an array.,,,false,false,false,
stats/array/maxsorted,Calculate the maximum value of a sorted array.,,,false,false,false,
stats/array/mean,Calculate the arithmetic mean of an array.,,,false,false,false,
stats/array/meankbn,Calculate the arithmetic mean of an array using an improved Kahan–Babuška algorithm.,,,false,false,false,
stats/array/meankbn2,Calculate the arithmetic mean of an array using a second-order iterative Kahan–Babuška algorithm.,,,false,false,false,
stats/array/meanors,Calculate the arithmetic mean of an array using ordinary recursive summation.,,,false,false,false,
stats/array/meanpn,Calculate the arithmetic mean of an array using a two-pass error correction algorithm.,,,false,false,false,
stats/array/meanpw,Calculate the arithmetic mean of an array using pairwise summation.,,,false,false,false,
stats/array/meanwd,Calculate the arithmetic mean of an array using Welford's algorithm.,,,false,false,false,
stats/array/mediansorted,Calculate the median value of a sorted array.,,,false,false,false,
stats/array/midrange-by,Calculate the mid-range of an array via a callback function.,,,false,false,false,
stats/array/midrange,Calculate the mid-range of an array.,,,false,false,false,
stats/array/min-by,Calculate the minimum value of an array via a callback function.,,,false,false,false,
stats/array/min,Calculate the minimum value of an array.,,,false,false,false,
stats/array/minabs,Calculate the minimum absolute value of an array.,,,false,false,false,
stats/array/minsorted,Calculate the minimum value of a sorted array.,,,false,false,false,
stats/array/mskmax,Calculate the maximum value of an array according to a mask.,,,false,false,false,
stats/array/mskmaxabs,Calculate the maximum absolute value of an array according to a mask.,,,false,false,false,
stats/array/mskmidrange,Calculate the mid-range of an array according to a mask.,,,false,false,false,
stats/array/mskmin,Calculate the minimum value of an array according to a mask.,,,false,false,false,
stats/array/mskminabs,Calculate the minimum absolute value of an array according to a mask.,,,false,false,false,
stats/array/mskrange,Calculate the range of an array according to a mask.,,,false,false,false,
stats/array/nanmax-by,"Calculate the maximum value of an array via a callback function, ignoring NaN values.",,,false,false,false,
stats/array/nanmax,"Calculate the maximum value of an array, ignoring NaN values.",,,false,false,false,
stats/array/nanmaxabs,"Calculate the maximum absolute value of an array, ignoring NaN values.",,,false,false,false,
stats/array/nanmean,"Calculate the arithmetic mean of an array, ignoring NaN values.",,,false,false,false,
stats/array/nanmeanors,"Calculate the arithmetic mean of an array, ignoring NaN values and using ordinary recursive summation.",,,false,false,false,
stats/array/nanmeanpn,"Calculate the arithmetic mean of an array, ignoring NaN values and using a two-pass error correction algorithm.",,,false,false,false,
stats/array/nanmeanwd,"Calculate the arithmetic mean of an array, ignoring NaN values and using Welford's algorithm.",,,false,false,false,
stats/array/nanmidrange-by,"Calculate the mid-range of an array via a callback function, ignoring NaN values.",,,false,false,false,
stats/array/nanmidrange,"Calculate the mid-range of an array, ignoring NaN values.",,,false,false,false,
stats/array/nanmin-by,"Calculate the minimum value of an array via a callback function, ignoring NaN values.",,,false,false,false,
stats/array/nanmin,"Calculate the minimum value of an array, ignoring NaN values.",,,false,false,false,
stats/array/nanminabs,"Calculate the minimum absolute value of an array, ignoring NaN values.",,,false,false,false,
stats/array/nanmskmax,"Calculate the maximum value of an array according to a mask, ignoring NaN values.",,,false,false,false,
stats/array/nanmskmidrange,"Calculate the mid-range of an array according to a mask, ignoring NaN values.",,,false,false,false,
stats/array/nanmskmin,"Calculate the minimum value of an array according to a mask, ignoring NaN values.",,,false,false,false,
stats/array/nanmskrange,"Calculate the range of an array according to a mask, ignoring NaN values.",,,false,false,false,
stats/array/nanrange-by,"Calculate the range of an array via a callback function, ignoring NaN values.",,,false,false,false,
stats/array/nanrange,"Calculate the range of an array, ignoring NaN values.",,,false,false,false,
stats/array/nanstdev,Calculate the standard deviation of an array ignoring `NaN` values.,,,false,false,false,
stats/array/nanstdevch,Calculate the standard deviation of an array ignoring `NaN` values and using a one-pass trial mean algorithm.,,,false,false,false,
stats/array/nanstdevpn,Calculate the standard deviation of an array ignoring `NaN` values and using a two-pass algorithm.,,,false,false,false,
stats/array/nanstdevtk,Calculate the standard deviation of an array ignoring `NaN` values and using a one-pass textbook algorithm.,,,false,false,false,
stats/array/nanstdevwd,Calculate the standard deviation of an array ignoring `NaN` values and using Welford's algorithm.,,,false,false,false,
stats/array/nanstdevyc,Calculate the standard deviation of an array ignoring `NaN` values and using a one-pass algorithm proposed by Youngs and Cramer.,,,false,false,false,
stats/array/nanvariance,Calculate the variance of an array ignoring `NaN` values.,,,false,false,false,
stats/array/nanvariancech,Calculate the variance of an array ignoring `NaN` values and using a one-pass trial mean algorithm.,,,false,false,false,
stats/array/nanvariancepn,Calculate the variance of an array ignoring `NaN` values and using a two-pass algorithm.,,,false,false,false,
stats/array/nanvariancetk,Calculate the variance of an array ignoring `NaN` values and using a one-pass textbook algorithm.,,,false,false,false,
stats/array/nanvariancewd,Calculate the variance of an array ignoring `NaN` values and using Welford's algorithm.,,,false,false,false,
stats/array/nanvarianceyc,Calculate the variance of an array ignoring `NaN` values and using a one-pass algorithm proposed by Youngs and Cramer.,,,false,false,false,
stats/array,Statistical functions for arrays.,,,false,false,false,
stats/array/range-by,Calculate the range of an array via a callback function.,,,false,false,false,
stats/array/range,Calculate the range of an array.,,,false,false,false,
stats/array/rangeabs,Calculate the range of absolute values of an array.,,,false,false,false,
stats/array/stdev,Calculate the standard deviation of an array.,,,false,false,false,
stats/array/stdevch,Calculate the standard deviation of an array using a one-pass trial mean algorithm.,,,false,false,false,
stats/array/stdevpn,Calculate the standard deviation of an array using a two-pass algorithm.,,,false,false,false,
stats/array/stdevtk,Calculate the standard deviation of an array using a one-pass textbook algorithm.,,,false,false,false,
stats/array/stdevwd,Calculate the standard deviation of an array using Welford's algorithm.,,,false,false,false,
stats/array/stdevyc,Calculate the standard deviation of an array using a one-pass algorithm proposed by Youngs and Cramer.,,,false,false,false,
stats/array/variance,Calculate the variance of an array.,,,false,false,false,
stats/array/variancech,Calculate the variance of an array using a one-pass trial mean algorithm.,,,false,false,false,
stats/array/variancepn,Calculate the variance of an array using a two-pass algorithm.,,,false,false,false,
stats/array/variancetk,Calculate the variance of an array using a one-pass textbook algorithm.,,,false,false,false,
stats/array/variancewd,Calculate the variance of an array using Welford's algorithm.,,,false,false,false,
stats/array/varianceyc,Calculate the variance of an array using a one-pass algorithm proposed by Youngs and Cramer.,,,false,false,false,
stats/bartlett-test,Bartlett’s test for equal variances.,bartlettTest,Function,false,false,false,stats/vartest;stats/levene-test
stats/base/cumax,Calculate the cumulative maximum of a strided array.,base.strided.cumax,Function,false,false,false,stats/base/cumin;stats/strided/dcumax;stats/strided/scumax
stats/base/cumaxabs,Calculate the cumulative maximum absolute value of a strided array.,base.strided.cumaxabs,Function,false,false,false,stats/base/cumax;stats/base/cuminabs;stats/strided/dcumaxabs;stats/strided/scumaxabs
stats/base/cumin,Calculate the cumulative minimum of a strided array.,base.strided.cumin,Function,false,false,false,stats/base/cumax;stats/strided/dcumin;stats/strided/scumin
stats/base/cuminabs,Calculate the cumulative minimum absolute value of a strided array.,base.strided.cuminabs,Function,false,false,false,stats/base/cumaxabs;stats/base/cumin;stats/strided/dcuminabs;stats/strided/scuminabs
stats/base/dists/arcsine/cdf,Arcsine distribution cumulative distribution function (CDF).,base.dists.arcsine.cdf,Function,false,true,false,
stats/base/dists/arcsine/ctor,Arcsine distribution constructor.,base.dists.arcsine.Arcsine,Function,false,false,false,
stats/base/dists/arcsine/entropy,Arcsine distribution differential entropy.,base.dists.arcsine.entropy,Function,false,true,false,
stats/base/dists/arcsine/kurtosis,Arcsine distribution excess kurtosis.,base.dists.arcsine.kurtosis,Function,false,true,false,
stats/base/dists/arcsine/logcdf,Arcsine distribution logarithm of cumulative distribution function (CDF).,base.dists.arcsine.logcdf,Function,false,false,false,
stats/base/dists/arcsine/logpdf,Arcsine distribution logarithm of probability density function (PDF).,base.dists.arcsine.logpdf,Function,false,true,false,
stats/base/dists/arcsine/mean,Arcsine distribution expected value.,base.dists.arcsine.mean,Function,false,true,false,
stats/base/dists/arcsine/median,Arcsine distribution median.,base.dists.arcsine.median,Function,false,true,false,
stats/base/dists/arcsine/mode,Arcsine distribution mode.,base.dists.arcsine.mode,Function,false,true,false,
stats/base/dists/arcsine,Arcsine distribution.,,,false,false,false,
stats/base/dists/arcsine/pdf,Arcsine distribution probability density function (PDF).,base.dists.arcsine.pdf,Function,false,true,false,
stats/base/dists/arcsine/quantile,Arcsine distribution quantile function.,base.dists.arcsine.quantile,Function,false,true,false,
stats/base/dists/arcsine/skewness,Arcsine distribution skewness.,base.dists.arcsine.skewness,Function,false,true,false,
stats/base/dists/arcsine/stdev,Arcsine distribution standard deviation.,base.dists.arcsine.stdev,Function,false,true,false,
stats/base/dists/arcsine/variance,Arcsine distribution variance.,base.dists.arcsine.variance,Function,false,true,false,
stats/base/dists/bernoulli/cdf,Bernoulli distribution cumulative distribution function (CDF).,base.dists.bernoulli.cdf,Function,false,true,false,
stats/base/dists/bernoulli/ctor,Bernoulli distribution constructor.,base.dists.bernoulli.Bernoulli,Function,false,false,false,
stats/base/dists/bernoulli/entropy,Bernoulli distribution entropy.,base.dists.bernoulli.entropy,Function,false,true,false,
stats/base/dists/bernoulli/kurtosis,Bernoulli distribution excess kurtosis.,base.dists.bernoulli.kurtosis,Function,false,true,false,
stats/base/dists/bernoulli/mean,Bernoulli distribution expected value.,base.dists.bernoulli.mean,Function,false,true,false,
stats/base/dists/bernoulli/median,Bernoulli distribution median.,base.dists.bernoulli.median,Function,false,true,false,
stats/base/dists/bernoulli/mgf,Bernoulli distribution moment-generating function (MGF).,base.dists.bernoulli.mgf,Function,false,true,false,
stats/base/dists/bernoulli/mode,Bernoulli distribution mode.,base.dists.bernoulli.mode,Function,false,true,false,
stats/base/dists/bernoulli,Bernoulli distribution.,,,false,false,false,
stats/base/dists/bernoulli/pmf,Bernoulli distribution probability mass function (PMF).,base.dists.bernoulli.pmf,Function,false,true,false,
stats/base/dists/bernoulli/quantile,Bernoulli distribution quantile function.,base.dists.bernoulli.quantile,Function,false,true,false,
stats/base/dists/bernoulli/skewness,Bernoulli distribution skewness.,base.dists.bernoulli.skewness,Function,false,true,false,
stats/base/dists/bernoulli/stdev,Bernoulli distribution standard deviation.,base.dists.bernoulli.stdev,Function,false,true,false,
stats/base/dists/bernoulli/variance,Bernoulli distribution variance.,base.dists.bernoulli.variance,Function,false,true,false,
stats/base/dists/beta/cdf,Beta distribution cumulative distribution function (CDF).,base.dists.beta.cdf,Function,false,false,false,
stats/base/dists/beta/ctor,Beta distribution constructor.,base.dists.beta.Beta,Function,false,false,false,
stats/base/dists/beta/entropy,Beta distribution differential entropy.,base.dists.beta.entropy,Function,false,true,false,
stats/base/dists/beta/kurtosis,Beta distribution excess kurtosis.,base.dists.beta.kurtosis,Function,false,true,false,
stats/base/dists/beta/logcdf,Beta distribution logarithm of cumulative distribution function (CDF).,base.dists.beta.logcdf,Function,false,false,false,
stats/base/dists/beta/logpdf,Beta distribution logarithm of probability density function (PDF).,base.dists.beta.logpdf,Function,false,true,false,
stats/base/dists/beta/mean,Beta distribution expected value.,base.dists.beta.mean,Function,false,true,false,
stats/base/dists/beta/median,Beta distribution median.,base.dists.beta.median,Function,false,false,false,
stats/base/dists/beta/mgf,Beta distribution moment-generating function (MGF).,base.dists.beta.mgf,Function,false,true,false,
stats/base/dists/beta/mode,Beta distribution mode.,base.dists.beta.mode,Function,false,true,false,
stats/base/dists/beta,Beta distribution.,,,false,false,false,
stats/base/dists/beta/pdf,Beta distribution probability density function (PDF).,base.dists.beta.pdf,Function,false,true,false,
stats/base/dists/beta/quantile,Beta distribution quantile function.,base.dists.beta.quantile,Function,false,false,false,
stats/base/dists/beta/skewness,Beta distribution skewness.,base.dists.beta.skewness,Function,false,true,false,
stats/base/dists/beta/stdev,Beta distribution standard deviation.,base.dists.beta.stdev,Function,false,true,false,
stats/base/dists/beta/variance,Beta distribution variance.,base.dists.beta.variance,Function,false,true,false,
stats/base/dists/betaprime/cdf,Beta prime distribution cumulative distribution function (CDF).,base.dists.betaprime.cdf,Function,false,false,false,
stats/base/dists/betaprime/ctor,Beta prime distribution constructor.,base.dists.betaprime.BetaPrime,Function,false,false,false,
stats/base/dists/betaprime/kurtosis,Beta prime distribution excess kurtosis.,base.dists.betaprime.kurtosis,Function,false,true,false,
stats/base/dists/betaprime/logcdf,Evaluate the natural logarithm of the cumulative distribution function (CDF) for a beta prime distribution.,base.dists.betaprime.logcdf,Function,false,false,false,
stats/base/dists/betaprime/logpdf,Beta prime distribution logarithm of probability density function (PDF).,base.dists.betaprime.logpdf,Function,false,true,false,
stats/base/dists/betaprime/mean,Beta prime distribution expected value.,base.dists.betaprime.mean,Function,false,true,false,
stats/base/dists/betaprime/mode,Beta prime distribution mode.,base.dists.betaprime.mode,Function,false,true,false,
stats/base/dists/betaprime,Beta prime distribution.,,,false,false,false,
stats/base/dists/betaprime/pdf,Beta prime distribution probability density function (PDF).,base.dists.betaprime.pdf,Function,false,true,false,
stats/base/dists/betaprime/quantile,Beta prime distribution quantile function.,base.dists.betaprime.quantile,Function,false,false,false,
stats/base/dists/betaprime/skewness,Beta prime distribution skewness.,base.dists.betaprime.skewness,Function,false,true,false,
stats/base/dists/betaprime/stdev,Beta prime distribution standard deviation.,base.dists.betaprime.stdev,Function,false,true,false,
stats/base/dists/betaprime/variance,Beta prime distribution variance.,base.dists.betaprime.variance,Function,false,true,false,
stats/base/dists/binomial/cdf,Binomial distribution cumulative distribution function (CDF).,base.dists.binomial.cdf,Function,false,false,false,
stats/base/dists/binomial/ctor,Binomial distribution constructor.,base.dists.binomial.Binomial,Function,false,false,false,
stats/base/dists/binomial/entropy,Binomial distribution entropy.,base.dists.binomial.entropy,Function,false,true,false,
stats/base/dists/binomial/kurtosis,Binomial distribution excess kurtosis.,base.dists.binomial.kurtosis,Function,false,true,false,
stats/base/dists/binomial/logpmf,Natural logarithm of the probability mass function (PMF) for a binomial distribution.,base.dists.binomial.logpmf,Function,false,false,false,
stats/base/dists/binomial/mean,Binomial distribution expected value.,base.dists.binomial.mean,Function,false,true,false,
stats/base/dists/binomial/median,Binomial distribution median.,base.dists.binomial.median,Function,false,true,false,
stats/base/dists/binomial/mgf,Binomial distribution moment-generating function (MGF).,base.dists.binomial.mgf,Function,false,true,false,
stats/base/dists/binomial/mode,Binomial distribution mode.,base.dists.binomial.mode,Function,false,true,false,
stats/base/dists/binomial,Binomial distribution.,,,false,false,false,
stats/base/dists/binomial/pmf,Binomial distribution probability mass function (PMF).,base.dists.binomial.pmf,Function,false,true,false,
stats/base/dists/binomial/quantile,Binomial distribution quantile function.,base.dists.binomial.quantile,Function,false,false,false,
stats/base/dists/binomial/skewness,Binomial distribution skewness.,base.dists.binomial.skewness,Function,false,true,false,
stats/base/dists/binomial/stdev,Binomial distribution standard deviation.,base.dists.binomial.stdev,Function,false,true,false,
stats/base/dists/binomial/variance,Binomial distribution variance.,base.dists.binomial.variance,Function,false,true,false,
stats/base/dists/bradford/cdf,Bradford distribution cumulative distribution function (CDF).,,,false,true,false,
stats/base/dists/bradford/entropy,Bradford distribution differential entropy.,,,false,true,false,
stats/base/dists/bradford/mean,Bradford distribution expected value.,,,false,true,false,
stats/base/dists/bradford/median,Bradford distribution median.,,,false,true,false,
stats/base/dists/bradford/mode,Bradford distribution mode.,,,false,true,false,
stats/base/dists/bradford,Bradford distribution.,,,false,false,false,
stats/base/dists/bradford/pdf,Bradford distribution probability density function (PDF).,,,false,true,false,
stats/base/dists/bradford/quantile,Bradford distribution quantile function.,,,false,true,false,
stats/base/dists/bradford/skewness,Bradford distribution skewness.,,,false,true,false,
stats/base/dists/bradford/stdev,Bradford distribution standard deviation.,,,false,true,false,
stats/base/dists/bradford/variance,Bradford distribution variance.,,,false,true,false,
stats/base/dists/cauchy/cdf,Cauchy distribution cumulative distribution function (CDF).,base.dists.cauchy.cdf,Function,false,true,false,
stats/base/dists/cauchy/ctor,Cauchy distribution constructor.,base.dists.cauchy.Cauchy,Function,false,false,false,
stats/base/dists/cauchy/entropy,Cauchy distribution differential entropy.,base.dists.cauchy.entropy,Function,false,true,false,
stats/base/dists/cauchy/logcdf,Cauchy distribution natural logarithm of cumulative distribution function (CDF).,base.dists.cauchy.logcdf,Function,false,true,false,
stats/base/dists/cauchy/logpdf,Cauchy distribution logarithm of probability density function (logPDF).,base.dists.cauchy.logpdf,Function,false,true,false,
stats/base/dists/cauchy/median,Cauchy distribution median.,base.dists.cauchy.median,Function,false,true,false,
stats/base/dists/cauchy/mode,Cauchy distribution mode.,base.dists.cauchy.mode,Function,false,true,false,
stats/base/dists/cauchy,Cauchy distribution.,,,false,false,false,
stats/base/dists/cauchy/pdf,Cauchy distribution probability density function (PDF).,base.dists.cauchy.pdf,Function,false,true,false,
stats/base/dists/cauchy/quantile,Cauchy distribution quantile function.,base.dists.cauchy.quantile,Function,false,true,false,
stats/base/dists/chi/cdf,Chi distribution cumulative distribution function (CDF).,base.dists.chi.cdf,Function,false,true,false,
stats/base/dists/chi/ctor,Chi distribution constructor.,base.dists.chi.Chi,Function,false,false,false,
stats/base/dists/chi/entropy,Chi distribution entropy.,base.dists.chi.entropy,Function,false,true,false,
stats/base/dists/chi/kurtosis,Chi distribution excess kurtosis.,base.dists.chi.kurtosis,Function,false,true,false,
stats/base/dists/chi/logpdf,Natural logarithm of the probability density function (PDF) for a chi distribution.,base.dists.chi.logpdf,Function,false,true,false,
stats/base/dists/chi/mean,Chi distribution expected value.,base.dists.chi.mean,Function,false,true,false,
stats/base/dists/chi/mode,Chi distribution mode.,base.dists.chi.mode,Function,false,true,false,
stats/base/dists/chi,Chi distribution.,,,false,false,false,
stats/base/dists/chi/pdf,Chi distribution probability density function (PDF).,base.dists.chi.pdf,Function,false,true,false,
stats/base/dists/chi/quantile,Chi distribution quantile function.,base.dists.chi.quantile,Function,false,false,false,
stats/base/dists/chi/skewness,Chi distribution skewness.,base.dists.chi.skewness,Function,false,true,false,
stats/base/dists/chi/stdev,Chi distribution standard deviation.,base.dists.chi.stdev,Function,false,true,false,
stats/base/dists/chi/variance,Chi distribution variance.,base.dists.chi.variance,Function,false,true,false,
stats/base/dists/chisquare/cdf,Chi-squared distribution cumulative distribution function (CDF).,base.dists.chisquare.cdf,Function,false,true,false,
stats/base/dists/chisquare/ctor,Chi-squared distribution constructor.,base.dists.chisquare.ChiSquare,Function,false,false,false,
stats/base/dists/chisquare/entropy,Chi-squared distribution entropy.,base.dists.chisquare.entropy,Function,false,true,false,
stats/base/dists/chisquare/kurtosis,Chi-squared distribution kurtosis.,base.dists.chisquare.kurtosis,Function,false,true,false,
stats/base/dists/chisquare/logpdf,Natural logarithm of the probability density function (PDF) for a chi-squared distribution.,base.dists.chisquare.logpdf,Function,false,true,false,
stats/base/dists/chisquare/mean,Chi-squared distribution expected value.,base.dists.chisquare.mean,Function,false,true,false,
stats/base/dists/chisquare/median,Chi-squared distribution median.,base.dists.chisquare.median,Function,false,false,false,
stats/base/dists/chisquare/mgf,Chi-squared distribution moment-generating function (MGF).,base.dists.chisquare.mgf,Function,false,true,false,
stats/base/dists/chisquare/mode,Chi-squared distribution mode.,base.dists.chisquare.mode,Function,false,true,false,
stats/base/dists/chisquare,Chi-squared distribution.,,,false,false,false,
stats/base/dists/chisquare/pdf,Chi-squared distribution probability density function (PDF).,base.dists.chisquare.pdf,Function,false,false,false,
stats/base/dists/chisquare/quantile,Chi-squared distribution quantile function.,base.dists.chisquare.quantile,Function,false,false,false,
stats/base/dists/chisquare/skewness,Chi-squared distribution skewness.,base.dists.chisquare.skewness,Function,false,true,false,
stats/base/dists/chisquare/stdev,Chi-squared distribution standard deviation.,base.dists.chisquare.stdev,Function,false,true,false,
stats/base/dists/chisquare/variance,Chi-squared distribution variance.,base.dists.chisquare.variance,Function,false,true,false,
stats/base/dists/cosine/cdf,Raised cosine distribution cumulative distribution function (CDF).,base.dists.cosine.cdf,Function,false,true,false,
stats/base/dists/cosine/ctor,Raised cosine distribution constructor.,base.dists.cosine.Cosine,Function,false,false,false,
stats/base/dists/cosine/kurtosis,Raised cosine distribution kurtosis.,base.dists.cosine.kurtosis,Function,false,true,false,
stats/base/dists/cosine/logcdf,Natural logarithm of cumulative distribution function (CDF) for a raised cosine distribution.,base.dists.cosine.logcdf,Function,false,true,false,
stats/base/dists/cosine/logpdf,Raised cosine distribution logarithm of probability density function (PDF).,base.dists.cosine.logpdf,Function,false,true,false,
stats/base/dists/cosine/mean,Raised cosine distribution expected value.,base.dists.cosine.mean,Function,false,true,false,
stats/base/dists/cosine/median,Raised cosine distribution median.,base.dists.cosine.median,Function,false,true,false,
stats/base/dists/cosine/mgf,Raised cosine distribution moment-generating function (MGF).,base.dists.cosine.mgf,Function,false,true,false,
stats/base/dists/cosine/mode,Raised cosine distribution mode.,base.dists.cosine.mode,Function,false,true,false,
stats/base/dists/cosine,Raised cosine distribution.,,,false,false,false,
stats/base/dists/cosine/pdf,Raised cosine distribution probability density function (PDF).,base.dists.cosine.pdf,Function,false,true,false,
stats/base/dists/cosine/quantile,Raised cosine distribution quantile function.,base.dists.cosine.quantile,Function,false,true,false,
stats/base/dists/cosine/skewness,Raised cosine distribution skewness.,base.dists.cosine.skewness,Function,false,true,false,
stats/base/dists/cosine/stdev,Raised cosine distribution standard deviation.,base.dists.cosine.stdev,Function,false,true,false,
stats/base/dists/cosine/variance,Raised cosine distribution variance.,base.dists.cosine.variance,Function,false,true,false,
stats/base/dists/degenerate/cdf,Degenerate distribution cumulative distribution function (CDF).,base.dists.degenerate.cdf,Function,false,true,false,
stats/base/dists/degenerate/ctor,Degenerate distribution constructor.,base.dists.degenerate.Degenerate,Function,false,false,false,
stats/base/dists/degenerate/entropy,Degenerate distribution entropy.,base.dists.degenerate.entropy,Function,false,true,false,
stats/base/dists/degenerate/logcdf,Degenerate distribution logarithm of cumulative distribution function (logCDF).,base.dists.degenerate.logcdf,Function,false,true,false,
stats/base/dists/degenerate/logpdf,Degenerate distribution logarithm of probability density function (logPDF).,base.dists.degenerate.logpdf,Function,false,true,false,
stats/base/dists/degenerate/logpmf,Natural logarithm of the probability mass function (PMF) for a degenerate distribution.,base.dists.degenerate.logpmf,Function,false,true,false,
stats/base/dists/degenerate/mean,Degenerate distribution expected value.,base.dists.degenerate.mean,Function,false,true,false,
stats/base/dists/degenerate/median,Degenerate distribution median.,base.dists.degenerate.median,Function,false,true,false,
stats/base/dists/degenerate/mgf,Degenerate distribution moment-generating function (MGF).,base.dists.degenerate.mgf,Function,false,true,false,
stats/base/dists/degenerate/mode,Degenerate distribution mode.,base.dists.degenerate.mode,Function,false,true,false,
stats/base/dists/degenerate,Degenerate distribution.,,,false,false,false,
stats/base/dists/degenerate/pdf,Degenerate distribution probability density function (PDF).,base.dists.degenerate.pdf,Function,false,true,false,
stats/base/dists/degenerate/pmf,Degenerate distribution probability mass function (PMF).,base.dists.degenerate.pmf,Function,false,true,false,
stats/base/dists/degenerate/quantile,Degenerate distribution quantile function.,base.dists.degenerate.quantile,Function,false,true,false,
stats/base/dists/degenerate/stdev,Degenerate distribution standard deviation.,base.dists.degenerate.stdev,Function,false,true,false,
stats/base/dists/degenerate/variance,Degenerate distribution variance.,base.dists.degenerate.variance,Function,false,true,false,
stats/base/dists/discrete-uniform/cdf,Discrete uniform distribution cumulative distribution function (CDF).,base.dists.discreteUniform.cdf,Function,false,true,false,
stats/base/dists/discrete-uniform/ctor,Discrete uniform distribution constructor.,base.dists.discreteUniform.DiscreteUniform,Function,false,false,false,
stats/base/dists/discrete-uniform/entropy,Discrete uniform distribution entropy.,base.dists.discreteUniform.entropy,Function,false,true,false,
stats/base/dists/discrete-uniform/kurtosis,Discrete uniform distribution excess kurtosis.,base.dists.discreteUniform.kurtosis,Function,false,true,false,
stats/base/dists/discrete-uniform/logcdf,Natural logarithm of the cumulative distribution function (CDF)for a discrete uniform distribution.,base.dists.discreteUniform.logcdf,Function,false,true,false,
stats/base/dists/discrete-uniform/logpmf,Natural logarithm of the probability mass function (PMF) for a discrete uniform distribution.,base.dists.discreteUniform.logpmf,Function,false,true,false,
stats/base/dists/discrete-uniform/mean,Discrete uniform distribution expected value.,base.dists.discreteUniform.mean,Function,false,true,false,
stats/base/dists/discrete-uniform/median,Discrete uniform distribution median.,base.dists.discreteUniform.median,Function,false,true,false,
stats/base/dists/discrete-uniform/mgf,Discrete uniform distribution moment-generating function (MGF).,base.dists.discreteUniform.mgf,Function,false,true,false,
stats/base/dists/discrete-uniform,Discrete uniform distribution.,,,false,false,false,
stats/base/dists/discrete-uniform/pmf,Discrete uniform distribution probability mass function (PMF).,base.dists.discreteUniform.pmf,Function,false,true,false,
stats/base/dists/discrete-uniform/quantile,Discrete uniform distribution quantile function.,base.dists.discreteUniform.quantile,Function,false,true,false,
stats/base/dists/discrete-uniform/skewness,Discrete uniform distribution skewness.,base.dists.discreteUniform.skewness,Function,false,true,false,
stats/base/dists/discrete-uniform/stdev,Discrete uniform distribution standard deviation.,base.dists.discreteUniform.stdev,Function,false,true,false,
stats/base/dists/discrete-uniform/variance,Discrete uniform distribution variance.,base.dists.discreteUniform.variance,Function,false,true,false,
stats/base/dists/erlang/cdf,Erlang distribution cumulative distribution function (CDF).,base.dists.erlang.cdf,Function,false,false,false,
stats/base/dists/erlang/ctor,Erlang distribution constructor.,base.dists.erlang.Erlang,Function,false,false,false,
stats/base/dists/erlang/entropy,Erlang distribution differential entropy.,base.dists.erlang.entropy,Function,false,true,false,
stats/base/dists/erlang/kurtosis,Erlang distribution excess kurtosis.,base.dists.erlang.kurtosis,Function,false,true,false,
stats/base/dists/erlang/logpdf,Natural logarithm of the probability density function (PDF) for an Erlang distribution.,base.dists.erlang.logpdf,Function,false,false,false,
stats/base/dists/erlang/mean,Erlang distribution expected value.,base.dists.erlang.mean,Function,false,true,false,
stats/base/dists/erlang/mgf,Erlang distribution moment-generating function (MGF).,base.dists.erlang.mgf,Function,false,true,false,
stats/base/dists/erlang/mode,Erlang distribution mode.,base.dists.erlang.mode,Function,false,true,false,
stats/base/dists/erlang,Erlang distribution.,,,false,false,false,
stats/base/dists/erlang/pdf,Erlang distribution probability density function (PDF).,base.dists.erlang.pdf,Function,false,false,false,
stats/base/dists/erlang/quantile,Erlang distribution quantile function.,base.dists.erlang.quantile,Function,false,false,false,
stats/base/dists/erlang/skewness,Erlang distribution skewness.,base.dists.erlang.skewness,Function,false,true,false,
stats/base/dists/erlang/stdev,Erlang distribution standard deviation.,base.dists.erlang.stdev,Function,false,true,false,
stats/base/dists/erlang/variance,Erlang distribution variance.,base.dists.erlang.variance,Function,false,true,false,
stats/base/dists/exponential/cdf,Exponential distribution cumulative distribution function (CDF).,base.dists.exponential.cdf,Function,false,true,false,
stats/base/dists/exponential/ctor,Exponential distribution constructor.,base.dists.exponential.Exponential,Function,false,false,false,
stats/base/dists/exponential/entropy,Exponential distribution differential entropy.,base.dists.exponential.entropy,Function,false,true,false,
stats/base/dists/exponential/kurtosis,Exponential distribution excess kurtosis.,base.dists.exponential.kurtosis,Function,false,true,false,
stats/base/dists/exponential/logcdf,Natural logarithm of the cumulative distribution function (CDF) for an exponential distribution.,base.dists.exponential.logcdf,Function,false,true,false,
stats/base/dists/exponential/logpdf,Natural logarithm of the probability density function (PDF) for an exponential distribution.,base.dists.exponential.logpdf,Function,false,true,false,
stats/base/dists/exponential/mean,Exponential distribution expected value.,base.dists.exponential.mean,Function,false,true,false,
stats/base/dists/exponential/median,Exponential distribution median.,base.dists.exponential.median,Function,false,true,false,
stats/base/dists/exponential/mgf,Exponential distribution moment-generating function (MGF).,base.dists.exponential.mgf,Function,false,true,false,
stats/base/dists/exponential/mode,Exponential distribution mode.,base.dists.exponential.mode,Function,false,true,false,
stats/base/dists/exponential,Exponential distribution.,,,false,false,false,
stats/base/dists/exponential/pdf,Exponential distribution probability density function (PDF).,base.dists.exponential.pdf,Function,false,true,false,
stats/base/dists/exponential/quantile,Exponential distribution quantile function.,base.dists.exponential.quantile,Function,false,true,false,
stats/base/dists/exponential/skewness,Exponential distribution skewness.,base.dists.exponential.skewness,Function,false,true,false,
stats/base/dists/exponential/stdev,Exponential distribution standard deviation.,base.dists.exponential.stdev,Function,false,true,false,
stats/base/dists/exponential/variance,Exponential distribution variance.,base.dists.exponential.variance,Function,false,true,false,
stats/base/dists/f/cdf,F distribution cumulative distribution function (CDF).,base.dists.f.cdf,Function,false,false,false,
stats/base/dists/f/ctor,F distribution constructor.,base.dists.f.F,Function,false,false,false,
stats/base/dists/f/entropy,F distribution differential entropy.,base.dists.f.entropy,Function,false,true,false,
stats/base/dists/f/kurtosis,F distribution excess kurtosis.,base.dists.f.kurtosis,Function,false,true,false,
stats/base/dists/f/mean,F distribution expected value.,base.dists.f.mean,Function,false,true,false,
stats/base/dists/f/mode,F distribution mode.,base.dists.f.mode,Function,false,true,false,
stats/base/dists/f,Fisher's F distribution.,,,false,false,false,
stats/base/dists/f/pdf,F distribution probability density function (PDF).,base.dists.f.pdf,Function,false,false,false,
stats/base/dists/f/quantile,F distribution quantile function.,base.dists.f.quantile,Function,false,false,false,
stats/base/dists/f/skewness,F distribution skewness.,base.dists.f.skewness,Function,false,true,false,
stats/base/dists/f/stdev,F distribution standard deviation.,base.dists.f.stdev,Function,false,true,false,
stats/base/dists/f/variance,F distribution variance.,base.dists.f.variance,Function,false,true,false,
stats/base/dists/frechet/cdf,Fréchet distribution cumulative distribution function (CDF).,base.dists.frechet.cdf,Function,false,true,false,
stats/base/dists/frechet/ctor,Fréchet distribution constructor.,base.dists.frechet.Frechet,Function,false,false,false,
stats/base/dists/frechet/entropy,Fréchet distribution differential entropy.,base.dists.frechet.entropy,Function,false,true,false,
stats/base/dists/frechet/kurtosis,Fréchet distribution kurtosis.,base.dists.frechet.kurtosis,Function,false,true,false,
stats/base/dists/frechet/logcdf,Fréchet distribution logarithm of cumulative distribution function (CDF).,base.dists.frechet.logcdf,Function,false,true,false,
stats/base/dists/frechet/logpdf,Fréchet distribution logarithm of probability density function (PDF).,base.dists.frechet.logpdf,Function,false,true,false,
stats/base/dists/frechet/mean,Fréchet distribution expected value.,base.dists.frechet.mean,Function,false,true,false,
stats/base/dists/frechet/median,Fréchet distribution median.,base.dists.frechet.median,Function,false,true,false,
stats/base/dists/frechet/mode,Fréchet distribution mode.,base.dists.frechet.mode,Function,false,true,false,
stats/base/dists/frechet,Fréchet distribution.,,,false,false,false,
stats/base/dists/frechet/pdf,Fréchet distribution probability density function (PDF).,base.dists.frechet.pdf,Function,false,false,false,
stats/base/dists/frechet/quantile,Fréchet distribution quantile function.,base.dists.frechet.quantile,Function,false,true,false,
stats/base/dists/frechet/skewness,Fréchet distribution skewness.,base.dists.frechet.skewness,Function,false,true,false,
stats/base/dists/frechet/stdev,Fréchet distribution standard deviation.,base.dists.frechet.stdev,Function,false,true,false,
stats/base/dists/frechet/variance,Fréchet distribution variance.,base.dists.frechet.variance,Function,false,true,false,
stats/base/dists/gamma/cdf,Gamma distribution cumulative distribution function (CDF).,base.dists.gamma.cdf,Function,false,true,false,
stats/base/dists/gamma/ctor,Gamma distribution constructor.,base.dists.gamma.Gamma,Function,false,false,false,
stats/base/dists/gamma/entropy,Gamma distribution differential entropy.,base.dists.gamma.entropy,Function,false,true,false,
stats/base/dists/gamma/kurtosis,Gamma distribution excess kurtosis.,base.dists.gamma.kurtosis,Function,false,true,false,
stats/base/dists/gamma/logcdf,Gamma distribution logarithm of cumulative distribution function (CDF).,base.dists.gamma.logcdf,Function,false,true,false,
stats/base/dists/gamma/logpdf,Gamma distribution logarithm of probability density function (PDF).,base.dists.gamma.logpdf,Function,false,true,false,
stats/base/dists/gamma/mean,Gamma distribution expected value.,base.dists.gamma.mean,Function,false,true,false,
stats/base/dists/gamma/mgf,Gamma distribution moment-generating function (MGF).,base.dists.gamma.mgf,Function,false,true,false,
stats/base/dists/gamma/mode,Gamma distribution mode.,base.dists.gamma.mode,Function,false,true,false,
stats/base/dists/gamma,Gamma distribution.,,,false,false,false,
stats/base/dists/gamma/pdf,Gamma  distribution probability density function (PDF).,base.dists.gamma.pdf,Function,false,true,false,
stats/base/dists/gamma/quantile,Gamma distribution quantile function.,base.dists.gamma.quantile,Function,false,false,false,
stats/base/dists/gamma/skewness,Gamma distribution skewness.,base.dists.gamma.skewness,Function,false,true,false,
stats/base/dists/gamma/stdev,Gamma distribution standard deviation.,base.dists.gamma.stdev,Function,false,true,false,
stats/base/dists/gamma/variance,Gamma distribution variance.,base.dists.gamma.variance,Function,false,true,false,
stats/base/dists/geometric/cdf,Geometric distribution cumulative distribution function (CDF).,base.dists.geometric.cdf,Function,false,true,false,
stats/base/dists/geometric/ctor,Geometric distribution constructor.,base.dists.geometric.Geometric,Function,false,false,false,
stats/base/dists/geometric/entropy,Geometric distribution entropy.,base.dists.geometric.entropy,Function,false,true,false,
stats/base/dists/geometric/kurtosis,Geometric distribution excess kurtosis.,base.dists.geometric.kurtosis,Function,false,true,false,
stats/base/dists/geometric/logcdf,Geometric distribution logarithm of cumulative distribution function (CDF).,base.dists.geometric.logcdf,Function,false,true,false,
stats/base/dists/geometric/logpmf,Geometric distribution logarithm of probability mass function (PMF).,base.dists.geometric.logpmf,Function,false,true,false,
stats/base/dists/geometric/mean,Geometric distribution expected value.,base.dists.geometric.mean,Function,false,true,false,
stats/base/dists/geometric/median,Geometric distribution median.,base.dists.geometric.median,Function,false,true,false,
stats/base/dists/geometric/mgf,Geometric distribution moment-generating function (MGF).,base.dists.geometric.mgf,Function,false,true,false,
stats/base/dists/geometric/mode,Geometric distribution mode.,base.dists.geometric.mode,Function,false,true,false,
stats/base/dists/geometric,Geometric distribution.,,,false,false,false,
stats/base/dists/geometric/pmf,Geometric distribution probability mass function (PMF).,base.dists.geometric.pmf,Function,false,true,false,
stats/base/dists/geometric/quantile,Geometric distribution quantile function.,base.dists.geometric.quantile,Function,false,true,false,
stats/base/dists/geometric/skewness,Geometric distribution skewness.,base.dists.geometric.skewness,Function,false,true,false,
stats/base/dists/geometric/stdev,Geometric distribution standard deviation.,base.dists.geometric.stdev,Function,false,true,false,
stats/base/dists/geometric/variance,Geometric distribution variance.,base.dists.geometric.variance,Function,false,true,false,
stats/base/dists/gumbel/cdf,Gumbel distribution cumulative distribution function (CDF).,base.dists.gumbel.cdf,Function,false,true,false,
stats/base/dists/gumbel/ctor,Gumbel distribution constructor.,base.dists.gumbel.Gumbel,Function,false,false,false,
stats/base/dists/gumbel/entropy,Gumbel distribution entropy.,base.dists.gumbel.entropy,Function,false,true,false,
stats/base/dists/gumbel/kurtosis,Gumbel distribution excess kurtosis.,base.dists.gumbel.kurtosis,Function,false,true,false,
stats/base/dists/gumbel/logcdf,Gumbel distribution logarithm of cumulative distribution function.,base.dists.gumbel.logcdf,Function,false,true,false,
stats/base/dists/gumbel/logpdf,Gumbel distribution logarithm of probability density function (PDF).,base.dists.gumbel.logpdf,Function,false,true,false,
stats/base/dists/gumbel/mean,Gumbel distribution mean.,base.dists.gumbel.mean,Function,false,true,false,
stats/base/dists/gumbel/median,Gumbel distribution median.,base.dists.gumbel.median,Function,false,true,false,
stats/base/dists/gumbel/mgf,Gumbel distribution moment-generating function (MGF).,base.dists.gumbel.mgf,Function,false,true,false,
stats/base/dists/gumbel/mode,Gumbel distribution mode.,base.dists.gumbel.mode,Function,false,true,false,
stats/base/dists/gumbel,Gumbel distribution.,,,false,false,false,
stats/base/dists/gumbel/pdf,Gumbel distribution probability density function (PDF).,base.dists.gumbel.pdf,Function,false,true,false,
stats/base/dists/gumbel/quantile,Gumbel distribution quantile function.,base.dists.gumbel.quantile,Function,false,true,false,
stats/base/dists/gumbel/skewness,Gumbel distribution skewness.,base.dists.gumbel.skewness,Function,false,true,false,
stats/base/dists/gumbel/stdev,Gumbel distribution standard deviation.,base.dists.gumbel.stdev,Function,false,true,false,
stats/base/dists/gumbel/variance,Gumbel distribution variance.,base.dists.gumbel.variance,Function,false,true,false,
stats/base/dists/halfnormal/entropy,Half-normal distribution differential entropy.,,,false,true,false,
stats/base/dists/halfnormal/kurtosis,Half-normal distribution excess kurtosis.,,,false,true,false,
stats/base/dists/halfnormal/logpdf,Half-normal distribution logarithm of probability density function (PDF).,,,false,true,false,
stats/base/dists/halfnormal/mean,Half-normal distribution expected value.,,,false,true,false,
stats/base/dists/halfnormal/mode,Half-normal distribution mode.,,,false,true,false,
stats/base/dists/halfnormal/stdev,Half-normal distribution standard deviation.,,,false,true,false,
stats/base/dists/hypergeometric/cdf,Hypergeometric distribution cumulative distribution function (CDF).,base.dists.hypergeometric.cdf,Function,false,false,false,
stats/base/dists/hypergeometric/ctor,Hypergeometric distribution constructor.,base.dists.hypergeometric.Hypergeometric,Function,false,false,false,
stats/base/dists/hypergeometric/kurtosis,Hypergeometric distribution excess kurtosis.,base.dists.hypergeometric.kurtosis,Function,false,false,false,
stats/base/dists/hypergeometric/logpmf,Natural logarithm of the probability mass function (PMF) for a hypergeometric distribution.,base.dists.hypergeometric.logpmf,Function,false,true,false,
stats/base/dists/hypergeometric/mean,Hypergeometric distribution expected value.,base.dists.hypergeometric.mean,Function,false,true,false,
stats/base/dists/hypergeometric/mode,Hypergeometric distribution mode.,base.dists.hypergeometric.mode,Function,false,true,false,
stats/base/dists/hypergeometric,Hypergeometric distribution.,,,false,false,false,
stats/base/dists/hypergeometric/pmf,Hypergeometric distribution probability mass function (PMF).,base.dists.hypergeometric.pmf,Function,false,true,false,
stats/base/dists/hypergeometric/quantile,Hypergeometric distribution quantile function.,base.dists.hypergeometric.quantile,Function,false,false,false,
stats/base/dists/hypergeometric/skewness,Hypergeometric distribution skewness.,base.dists.hypergeometric.skewness,Function,false,true,false,
stats/base/dists/hypergeometric/stdev,Hypergeometric distribution standard deviation.,base.dists.hypergeometric.stdev,Function,false,true,false,
stats/base/dists/hypergeometric/variance,Hypergeometric distribution variance.,base.dists.hypergeometric.variance,Function,false,true,false,
stats/base/dists/invgamma/cdf,Inverse gamma distribution cumulative distribution function (CDF).,base.dists.invgamma.cdf,Function,false,true,false,
stats/base/dists/invgamma/ctor,Inverse gamma distribution constructor.,base.dists.invgamma.InvGamma,Function,false,false,false,
stats/base/dists/invgamma/entropy,Inverse gamma distribution differential entropy.,base.dists.invgamma.entropy,Function,false,true,false,
stats/base/dists/invgamma/kurtosis,Inverse gamma distribution excess kurtosis.,base.dists.invgamma.kurtosis,Function,false,true,false,
stats/base/dists/invgamma/logpdf,Natural logarithm of the probability density function (PDF) for an inverse gamma distribution.,base.dists.invgamma.logpdf,Function,false,true,false,
stats/base/dists/invgamma/mean,Inverse gamma distribution expected value.,base.dists.invgamma.mean,Function,false,true,false,
stats/base/dists/invgamma/mode,Inverse gamma distribution mode.,base.dists.invgamma.mode,Function,false,true,false,
stats/base/dists/invgamma,Inverse gamma distribution.,,,false,false,false,
stats/base/dists/invgamma/pdf,Inverse gamma distribution probability density function (PDF).,base.dists.invgamma.pdf,Function,false,true,false,
stats/base/dists/invgamma/quantile,Inverse gamma distribution quantile function.,base.dists.invgamma.quantile,Function,false,false,false,
stats/base/dists/invgamma/skewness,Inverse gamma distribution skewness.,base.dists.invgamma.skewness,Function,false,true,false,
stats/base/dists/invgamma/stdev,Inverse gamma distribution standard deviation.,base.dists.invgamma.stdev,Function,false,true,false,
stats/base/dists/invgamma/variance,Inverse gamma distribution variance.,base.dists.invgamma.variance,Function,false,true,false,
stats/base/dists/kumaraswamy/cdf,Kumaraswamy's double bounded distribution cumulative distribution function (CDF).,base.dists.kumaraswamy.cdf,Function,false,true,false,
stats/base/dists/kumaraswamy/ctor,Kumaraswamy's double bounded distribution constructor.,base.dists.kumaraswamy.Kumaraswamy,Function,false,false,false,
stats/base/dists/kumaraswamy/kurtosis,Kumaraswamy's double bounded distribution excess kurtosis.,base.dists.kumaraswamy.kurtosis,Function,false,true,false,
stats/base/dists/kumaraswamy/logcdf,Natural logarithm of the cumulative distribution function (CDF)for a Kumaraswamy's double bounded distribution.,base.dists.kumaraswamy.logcdf,Function,false,true,false,
stats/base/dists/kumaraswamy/logpdf,Natural logarithm of the probability density function (PDF) for a Kumaraswamy's double bounded distribution.,base.dists.kumaraswamy.logpdf,Function,false,true,false,
stats/base/dists/kumaraswamy/mean,Kumaraswamy's double bounded distribution expected value.,base.dists.kumaraswamy.mean,Function,false,true,false,
stats/base/dists/kumaraswamy/median,Kumaraswamy's double bounded distribution median.,base.dists.kumaraswamy.median,Function,false,true,false,
stats/base/dists/kumaraswamy/mode,Kumaraswamy's double bounded distribution mode.,base.dists.kumaraswamy.mode,Function,false,true,false,
stats/base/dists/kumaraswamy,Kumaraswamy's double bounded distribution.,,,false,false,false,
stats/base/dists/kumaraswamy/pdf,Kumaraswamy's double bounded distribution probability density function (PDF).,base.dists.kumaraswamy.pdf,Function,false,false,false,
stats/base/dists/kumaraswamy/quantile,Kumaraswamy's double bounded distribution quantile function.,base.dists.kumaraswamy.quantile,Function,false,true,false,
stats/base/dists/kumaraswamy/skewness,Kumaraswamy's double bounded distribution skewness.,base.dists.kumaraswamy.skewness,Function,false,true,false,
stats/base/dists/kumaraswamy/stdev,Kumaraswamy's double bounded distribution standard deviation.,base.dists.kumaraswamy.stdev,Function,false,true,false,
stats/base/dists/kumaraswamy/variance,Kumaraswamy's double bounded distribution variance.,base.dists.kumaraswamy.variance,Function,false,true,false,
stats/base/dists/laplace/cdf,Laplace distribution cumulative distribution function (CDF).,base.dists.laplace.cdf,Function,false,true,false,
stats/base/dists/laplace/ctor,Laplace distribution constructor.,base.dists.laplace.Laplace,Function,false,false,false,
stats/base/dists/laplace/entropy,Laplace distribution differential entropy.,base.dists.laplace.entropy,Function,false,true,false,
stats/base/dists/laplace/kurtosis,Laplace distribution excess kurtosis.,base.dists.laplace.kurtosis,Function,false,true,false,
stats/base/dists/laplace/logcdf,Laplace distribution logarithm of cumulative distribution function (CDF).,base.dists.laplace.logcdf,Function,false,true,false,
stats/base/dists/laplace/logpdf,Laplace distribution logarithm of probability density function (PDF).,base.dists.laplace.logpdf,Function,false,true,false,
stats/base/dists/laplace/mean,Laplace distribution expected value.,base.dists.laplace.mean,Function,false,true,false,
stats/base/dists/laplace/median,Laplace distribution median.,base.dists.laplace.median,Function,false,true,false,
stats/base/dists/laplace/mgf,Laplace (Double Exponential) distribution moment-generating function (MGF).,base.dists.laplace.mgf,Function,false,true,false,
stats/base/dists/laplace/mode,Laplace distribution mode.,base.dists.laplace.mode,Function,false,true,false,
stats/base/dists/laplace,Laplace distribution.,,,false,false,false,
stats/base/dists/laplace/pdf,Laplace distribution probability density function (PDF).,base.dists.laplace.pdf,Function,false,true,false,
stats/base/dists/laplace/quantile,Laplace distribution quantile function.,base.dists.laplace.quantile,Function,false,true,false,
stats/base/dists/laplace/skewness,Laplace distribution skewness.,base.dists.laplace.skewness,Function,false,true,false,
stats/base/dists/laplace/stdev,Laplace distribution standard deviation.,base.dists.laplace.stdev,Function,false,true,false,
stats/base/dists/laplace/variance,Laplace distribution variance.,base.dists.laplace.variance,Function,false,true,false,
stats/base/dists/levy/cdf,Lévy distribution cumulative distribution function (CDF).,base.dists.levy.cdf,Function,false,true,false,
stats/base/dists/levy/ctor,Lévy distribution constructor.,base.dists.levy.Levy,Function,false,false,false,
stats/base/dists/levy/entropy,Lévy distribution entropy.,base.dists.levy.entropy,Function,false,true,false,
stats/base/dists/levy/logcdf,Lévy distribution logarithm of cumulative distribution function (CDF).,base.dists.levy.logcdf,Function,false,true,false,
stats/base/dists/levy/logpdf,Lévy distribution logarithm of probability density function (PDF).,base.dists.levy.logpdf,Function,false,true,false,
stats/base/dists/levy/mean,Lévy distribution expected value.,base.dists.levy.mean,Function,false,true,false,
stats/base/dists/levy/median,Lévy distribution median.,base.dists.levy.median,Function,false,true,false,
stats/base/dists/levy/mode,Lévy distribution mode.,base.dists.levy.mode,Function,false,true,false,
stats/base/dists/levy,Lévy distribution.,,,false,false,false,
stats/base/dists/levy/pdf,Lévy distribution probability density function (PDF).,base.dists.levy.pdf,Function,false,true,false,
stats/base/dists/levy/quantile,Lévy distribution quantile function.,base.dists.levy.quantile,Function,false,true,false,
stats/base/dists/levy/stdev,Lévy distribution standard deviation.,base.dists.levy.stdev,Function,false,true,false,
stats/base/dists/levy/variance,Lévy distribution variance.,base.dists.levy.variance,Function,false,true,false,
stats/base/dists/logistic/cdf,Logistic distribution cumulative distribution function (CDF).,base.dists.logistic.cdf,Function,false,true,false,
stats/base/dists/logistic/ctor,Logistic distribution constructor.,base.dists.logistic.Logistic,Function,false,false,false,
stats/base/dists/logistic/entropy,Logistic distribution entropy.,base.dists.logistic.entropy,Function,false,true,false,
stats/base/dists/logistic/kurtosis,Logistic distribution kurtosis.,base.dists.logistic.kurtosis,Function,false,true,false,
stats/base/dists/logistic/logcdf,Logistic distribution logarithm of cumulative distribution function (CDF).,base.dists.logistic.logcdf,Function,false,true,false,
stats/base/dists/logistic/logpdf,Logistic distribution logarithm of probability density function (PDF).,base.dists.logistic.logpdf,Function,false,true,false,
stats/base/dists/logistic/mean,Logistic distribution expected value.,base.dists.logistic.mean,Function,false,true,false,
stats/base/dists/logistic/median,Logistic distribution median.,base.dists.logistic.median,Function,false,true,false,
stats/base/dists/logistic/mgf,Logistic distribution moment-generating function (MGF).,base.dists.logistic.mgf,Function,false,true,false,
stats/base/dists/logistic/mode,Logistic distribution mode.,base.dists.logistic.mode,Function,false,true,false,
stats/base/dists/logistic,Logistic distribution.,,,false,false,false,
stats/base/dists/logistic/pdf,Logistic distribution probability density function (PDF).,base.dists.logistic.pdf,Function,false,true,false,
stats/base/dists/logistic/quantile,Logistic distribution quantile function.,base.dists.logistic.quantile,Function,false,true,false,
stats/base/dists/logistic/skewness,Logistic distribution skewness.,base.dists.logistic.skewness,Function,false,true,false,
stats/base/dists/logistic/stdev,Logistic distribution standard deviation.,base.dists.logistic.stdev,Function,false,true,false,
stats/base/dists/logistic/variance,Logistic distribution variance.,base.dists.logistic.variance,Function,false,true,false,
stats/base/dists/lognormal/cdf,Lognormal distribution cumulative distribution function (CDF).,base.dists.lognormal.cdf,Function,false,false,false,
stats/base/dists/lognormal/ctor,Lognormal distribution constructor.,base.dists.lognormal.LogNormal,Function,false,false,false,
stats/base/dists/lognormal/entropy,Lognormal distribution differential entropy.,base.dists.lognormal.entropy,Function,false,true,false,
stats/base/dists/lognormal/kurtosis,Lognormal distribution kurtosis.,base.dists.lognormal.kurtosis,Function,false,true,false,
stats/base/dists/lognormal/logcdf,Natural logarithm of the cumulative distribution function (CDF) for a lognormal distribution.,base.dists.lognormal.logcdf,Function,false,false,false,
stats/base/dists/lognormal/logpdf,Natural logarithm of the probability density function (PDF) for a lognormal distribution.,base.dists.lognormal.logpdf,Function,false,false,false,
stats/base/dists/lognormal/mean,Lognormal distribution expected value.,base.dists.lognormal.mean,Function,false,true,false,
stats/base/dists/lognormal/median,Lognormal distribution median.,base.dists.lognormal.median,Function,false,true,false,
stats/base/dists/lognormal/mode,Lognormal distribution mode.,base.dists.lognormal.mode,Function,false,true,false,
stats/base/dists/lognormal,Lognormal distribution.,,,false,false,false,
stats/base/dists/lognormal/pdf,Lognormal distribution probability density function (PDF).,base.dists.lognormal.pdf,Function,false,true,false,
stats/base/dists/lognormal/quantile,Lognormal distribution quantile function.,base.dists.lognormal.quantile,Function,false,true,false,
stats/base/dists/lognormal/skewness,Lognormal distribution skewness.,base.dists.lognormal.skewness,Function,false,true,false,
stats/base/dists/lognormal/stdev,Lognormal distribution standard deviation.,base.dists.lognormal.stdev,Function,false,true,false,
stats/base/dists/lognormal/variance,Lognormal distribution variance.,base.dists.lognormal.variance,Function,false,true,false,
stats/base/dists/negative-binomial/cdf,Negative binomial distribution cumulative distribution function (CDF).,base.dists.negativeBinomial.cdf,Function,false,false,false,
stats/base/dists/negative-binomial/ctor,Negative binomial distribution constructor.,base.dists.negativeBinomial.NegativeBinomial,Function,false,false,false,
stats/base/dists/negative-binomial/kurtosis,Negative binomial distribution excess kurtosis.,base.dists.negativeBinomial.kurtosis,Function,false,true,false,
stats/base/dists/negative-binomial/logpmf,Natural logarithm of the probability mass function (PMF) for a negative binomial distribution.,base.dists.negativeBinomial.logpmf,Function,false,false,false,
stats/base/dists/negative-binomial/mean,Negative binomial distribution expected value.,base.dists.negativeBinomial.mean,Function,false,true,false,
stats/base/dists/negative-binomial/mgf,Negative binomial distribution moment-generating function (MGF).,base.dists.negativeBinomial.mgf,Function,false,true,false,
stats/base/dists/negative-binomial/mode,Negative binomial distribution mode.,base.dists.negativeBinomial.mode,Function,false,true,false,
stats/base/dists/negative-binomial,Negative binomial distribution.,,,false,false,false,
stats/base/dists/negative-binomial/pmf,Negative binomial distribution probability mass function (PMF).,base.dists.negativeBinomial.pmf,Function,false,false,false,
stats/base/dists/negative-binomial/quantile,Negative binomial distribution quantile function.,base.dists.negativeBinomial.quantile,Function,false,false,false,
stats/base/dists/negative-binomial/skewness,Negative binomial distribution skewness.,base.dists.negativeBinomial.skewness,Function,false,true,false,
stats/base/dists/negative-binomial/stdev,Negative binomial distribution standard deviation.,base.dists.negativeBinomial.stdev,Function,false,true,false,
stats/base/dists/negative-binomial/variance,Negative binomial distribution variance.,base.dists.negativeBinomial.variance,Function,false,true,false,
stats/base/dists/normal/cdf,Normal distribution cumulative distribution function (CDF).,base.dists.normal.cdf,Function,false,true,false,
stats/base/dists/normal/ctor,Normal distribution constructor.,base.dists.normal.Normal,Function,false,false,false,
stats/base/dists/normal/entropy,Normal distribution differential entropy.,base.dists.normal.entropy,Function,false,true,false,
stats/base/dists/normal/kurtosis,Normal distribution excess kurtosis.,base.dists.normal.kurtosis,Function,false,true,false,
stats/base/dists/normal/logcdf,Natural logarithm of the cumulative distribution function (CDF) for a normal distribution.,base.dists.normal.logcdf,Function,false,true,false,
stats/base/dists/normal/logpdf,Natural logarithm of the probability density function (PDF) for a normal distribution.,base.dists.normal.logpdf,Function,false,true,false,
stats/base/dists/normal/mean,Normal distribution expected value.,base.dists.normal.mean,Function,false,true,false,
stats/base/dists/normal/median,Normal distribution median.,base.dists.normal.median,Function,false,true,false,
stats/base/dists/normal/mgf,Normal distribution moment-generating function (MGF).,base.dists.normal.mgf,Function,false,true,false,
stats/base/dists/normal/mode,Normal distribution mode.,base.dists.normal.mode,Function,false,true,false,
stats/base/dists/normal,Normal distribution.,,,false,false,false,
stats/base/dists/normal/pdf,Normal distribution probability density function (PDF).,base.dists.normal.pdf,Function,false,true,false,
stats/base/dists/normal/quantile,Normal distribution quantile function.,base.dists.normal.quantile,Function,false,true,false,
stats/base/dists/normal/skewness,Normal distribution skewness.,base.dists.normal.skewness,Function,false,true,false,
stats/base/dists/normal/stdev,Normal distribution standard deviation.,base.dists.normal.stdev,Function,false,true,false,
stats/base/dists/normal/variance,Normal distribution variance.,base.dists.normal.variance,Function,false,true,false,
stats/base/dists,"Base (i.e., lower-level) probability distributions.",,,false,false,false,
stats/base/dists/pareto-type1/cdf,Pareto (Type I) distribution cumulative distribution function (CDF).,base.dists.pareto1.cdf,Function,false,true,false,
stats/base/dists/pareto-type1/ctor,Pareto (Type I) distribution constructor.,base.dists.pareto1.Pareto1,Function,false,false,false,
stats/base/dists/pareto-type1/entropy,Pareto (Type I) distribution differential entropy.,base.dists.pareto1.entropy,Function,false,true,false,
stats/base/dists/pareto-type1/kurtosis,Pareto (Type I) distribution excess kurtosis.,base.dists.pareto1.kurtosis,Function,false,true,false,
stats/base/dists/pareto-type1/logcdf,Natural logarithm of the cumulative distribution function (CDF)for a Pareto (Type I) distribution.,base.dists.pareto1.logcdf,Function,false,true,false,
stats/base/dists/pareto-type1/logpdf,Natural logarithm of the probability density function (PDF) for a Pareto (Type I) distribution.,base.dists.pareto1.logpdf,Function,false,true,false,
stats/base/dists/pareto-type1/mean,Pareto (Type I) distribution expected value.,base.dists.pareto1.mean,Function,false,true,false,
stats/base/dists/pareto-type1/median,Pareto (Type I) distribution median.,base.dists.pareto1.median,Function,false,false,false,
stats/base/dists/pareto-type1/mode,Pareto (Type I) distribution mode.,base.dists.pareto1.mode,Function,false,true,false,
stats/base/dists/pareto-type1,Pareto (Type I) distribution.,,,false,false,false,
stats/base/dists/pareto-type1/pdf,Pareto  distribution (Type I) probability density function (PDF).,base.dists.pareto1.pdf,Function,false,true,false,
stats/base/dists/pareto-type1/quantile,Pareto (Type I) distribution quantile function.,base.dists.pareto1.quantile,Function,false,true,false,
stats/base/dists/pareto-type1/skewness,Pareto (Type I) distribution skewness.,base.dists.pareto1.skewness,Function,false,true,false,
stats/base/dists/pareto-type1/stdev,Pareto (Type I) distribution standard deviation.,base.dists.pareto1.stdev,Function,false,true,false,
stats/base/dists/pareto-type1/variance,Pareto (Type I) distribution variance.,base.dists.pareto1.variance,Function,false,true,false,
stats/base/dists/planck/cdf,Planck (discrete exponential) distribution cumulative distribution function (CDF).,,,false,true,false,
stats/base/dists/planck/entropy,Planck (discrete exponential) distribution differential entropy.,,,false,true,false,
stats/base/dists/planck/kurtosis,Planck (discrete exponential) distribution excess kurtosis.,,,false,true,false,
stats/base/dists/planck/logcdf,Evaluate the logarithm of the cumulative distribution function (CDF) for a Planck (discrete exponential) distribution.,,,false,true,false,
stats/base/dists/planck/logpmf,Evaluate the logarithm of the probability mass function (PMF) for a Planck (discrete exponential) distribution.,,,false,true,false,
stats/base/dists/planck/mean,Planck distribution expected value.,,,false,true,false,
stats/base/dists/planck/median,Planck (discrete exponential) distribution median.,,,false,true,false,
stats/base/dists/planck/mgf,Planck (discrete exponential) distribution moment-generating function (MGF).,,,false,true,false,
stats/base/dists/planck/mode,Planck (discrete exponential) distribution mode.,,,false,true,false,
stats/base/dists/planck,Planck distribution.,,,false,false,false,
stats/base/dists/planck/pmf,Planck (discrete exponential) distribution probability mass function (PMF).,,,false,true,false,
stats/base/dists/planck/quantile,Planck (discrete exponential) distribution quantile function.,,,false,true,false,
stats/base/dists/planck/skewness,Planck (discrete exponential) distribution skewness.,,,false,true,false,
stats/base/dists/planck/stdev,Planck distribution standard deviation.,,,false,true,false,
stats/base/dists/planck/variance,Planck distribution variance.,,,false,true,false,
stats/base/dists/poisson/cdf,Poisson distribution cumulative distribution function (CDF).,base.dists.poisson.cdf,Function,false,true,false,
stats/base/dists/poisson/ctor,Poisson distribution constructor.,base.dists.poisson.Poisson,Function,false,false,false,
stats/base/dists/poisson/entropy,Poisson distribution entropy.,base.dists.poisson.entropy,Function,false,false,false,
stats/base/dists/poisson/kurtosis,Poisson distribution excess kurtosis.,base.dists.poisson.kurtosis,Function,false,true,false,
stats/base/dists/poisson/logpmf,Natural logarithm of the probability mass function (PMF) for a Poisson distribution.,base.dists.poisson.logpmf,Function,false,true,false,
stats/base/dists/poisson/mean,Poisson distribution expected value.,base.dists.poisson.mean,Function,false,true,false,
stats/base/dists/poisson/median,Poisson distribution median.,base.dists.poisson.median,Function,false,true,false,
stats/base/dists/poisson/mgf,Poisson distribution moment-generating function (MGF).,base.dists.poisson.mgf,Function,false,true,false,
stats/base/dists/poisson/mode,Poisson distribution mode.,base.dists.poisson.mode,Function,false,true,false,
stats/base/dists/poisson,Poisson distribution.,,,false,false,false,
stats/base/dists/poisson/pmf,Poisson distribution probability mass function (PMF).,base.dists.poisson.pmf,Function,false,true,false,
stats/base/dists/poisson/quantile,Poisson distribution quantile function.,base.dists.poisson.quantile,Function,false,false,false,
stats/base/dists/poisson/skewness,Poisson distribution skewness.,base.dists.poisson.skewness,Function,false,true,false,
stats/base/dists/poisson/stdev,Poisson distribution standard deviation.,base.dists.poisson.stdev,Function,false,true,false,
stats/base/dists/poisson/variance,Poisson distribution variance.,base.dists.poisson.variance,Function,false,true,false,
stats/base/dists/rayleigh/cdf,Rayleigh distribution cumulative distribution function (CDF).,base.dists.rayleigh.cdf,Function,false,true,false,
stats/base/dists/rayleigh/ctor,Rayleigh distribution constructor.,base.dists.rayleigh.Rayleigh,Function,false,false,false,
stats/base/dists/rayleigh/entropy,Rayleigh distribution differential entropy.,base.dists.rayleigh.entropy,Function,false,true,false,
stats/base/dists/rayleigh/kurtosis,Rayleigh distribution excess kurtosis.,base.dists.rayleigh.kurtosis,Function,false,true,false,
stats/base/dists/rayleigh/logcdf,Rayleigh distribution logarithm of cumulative distribution function (CDF).,base.dists.rayleigh.logcdf,Function,false,true,false,
stats/base/dists/rayleigh/logpdf,Rayleigh distribution logarithm of probability density function (PDF).,base.dists.rayleigh.logpdf,Function,false,true,false,
stats/base/dists/rayleigh/mean,Rayleigh distribution expected value.,base.dists.rayleigh.mean,Function,false,true,false,
stats/base/dists/rayleigh/median,Rayleigh distribution median.,base.dists.rayleigh.median,Function,false,true,false,
stats/base/dists/rayleigh/mgf,Rayleigh distribution moment-generating function (MGF).,base.dists.rayleigh.mgf,Function,false,true,false,
stats/base/dists/rayleigh/mode,Rayleigh distribution mode.,base.dists.rayleigh.mode,Function,false,true,false,
stats/base/dists/rayleigh,Rayleigh distribution.,,,false,false,false,
stats/base/dists/rayleigh/pdf,Rayleigh distribution probability density function (PDF).,base.dists.rayleigh.pdf,Function,false,true,false,
stats/base/dists/rayleigh/quantile,Rayleigh distribution quantile function.,base.dists.rayleigh.quantile,Function,false,true,false,
stats/base/dists/rayleigh/skewness,Rayleigh distribution skewness.,base.dists.rayleigh.skewness,Function,false,true,false,
stats/base/dists/rayleigh/stdev,Rayleigh distribution standard deviation.,base.dists.rayleigh.stdev,Function,false,true,false,
stats/base/dists/rayleigh/variance,Rayleigh distribution variance.,base.dists.rayleigh.variance,Function,false,true,false,
stats/base/dists/signrank/cdf,Wilcoxon signed rank test statistic cumulative distribution function (CDF).,base.dists.signrank.cdf,Function,false,false,false,
stats/base/dists/signrank,Distribution of Wilcoxon signed rank test statistic.,,,false,false,false,
stats/base/dists/signrank/pdf,Wilcoxon signed rank test statistic probability density function (PDF).,base.dists.signrank.pdf,Function,false,true,false,
stats/base/dists/signrank/quantile,Wilcoxon signed rank test statistic quantile function.,base.dists.signrank.quantile,Function,false,false,false,
stats/base/dists/studentized-range/cdf,Studentized range cumulative distribution function (CDF).,base.dists.studentizedRange.cdf,Function,false,false,false,
stats/base/dists/studentized-range,Studentized range distribution.,,,false,false,false,
stats/base/dists/studentized-range/quantile,Studentized range distribution quantile function.,base.dists.studentizedRange.quantile,Function,false,false,false,
stats/base/dists/t/cdf,Student's t distribution cumulative distribution function (CDF).,base.dists.t.cdf,Function,false,false,false,
stats/base/dists/t/ctor,Student's t distribution constructor.,base.dists.t.T,Function,false,false,false,
stats/base/dists/t/entropy,Student's t distribution entropy.,base.dists.t.entropy,Function,false,true,false,
stats/base/dists/t/kurtosis,Student's t distribution excess kurtosis.,base.dists.t.kurtosis,Function,false,true,false,
stats/base/dists/t/logcdf,Natural logarithm of the cumulative distribution function (CDF) for a Student's t distribution.,base.dists.t.logcdf,Function,false,false,false,
stats/base/dists/t/logpdf,Natural logarithm of the probability density function (PDF) for a Student's t distribution.,base.dists.t.logpdf,Function,false,true,false,
stats/base/dists/t/mean,Student's t distribution expected value.,base.dists.t.mean,Function,false,true,false,
stats/base/dists/t/median,Student's t distribution median.,base.dists.t.median,Function,false,true,false,
stats/base/dists/t/mode,Student's t distribution mode.,base.dists.t.mode,Function,false,true,false,
stats/base/dists/t,Student's t distribution.,,,false,false,false,
stats/base/dists/t/pdf,Student's t distribution probability density function (PDF).,base.dists.t.pdf,Function,false,true,false,
stats/base/dists/t/quantile,Student's t distribution quantile function.,base.dists.t.quantile,Function,false,false,false,
stats/base/dists/t/skewness,Student's t distribution skewness.,base.dists.t.skewness,Function,false,true,false,
stats/base/dists/t/stdev,Student's t distribution standard deviation.,base.dists.t.stdev,Function,false,true,false,
stats/base/dists/t/variance,Student's t distribution variance.,base.dists.t.variance,Function,false,true,false,
stats/base/dists/triangular/cdf,Triangular distribution cumulative distribution function (CDF).,base.dists.triangular.cdf,Function,false,true,false,
stats/base/dists/triangular/ctor,Triangular distribution constructor.,base.dists.triangular.Triangular,Function,false,false,false,
stats/base/dists/triangular/entropy,Triangular distribution differential entropy.,base.dists.triangular.entropy,Function,false,true,false,
stats/base/dists/triangular/kurtosis,Triangular distribution excess kurtosis.,base.dists.triangular.kurtosis,Function,false,true,false,
stats/base/dists/triangular/logcdf,Triangular distribution logarithm of cumulative distribution function (CDF).,base.dists.triangular.logcdf,Function,false,true,false,
stats/base/dists/triangular/logpdf,Triangular distribution logarithm of probability density function (PDF).,base.dists.triangular.logpdf,Function,false,true,false,
stats/base/dists/triangular/mean,Triangular distribution expected value.,base.dists.triangular.mean,Function,false,true,false,
stats/base/dists/triangular/median,Triangular distribution median.,base.dists.triangular.median,Function,false,true,false,
stats/base/dists/triangular/mgf,Triangular distribution moment-generating function (MGF).,base.dists.triangular.mgf,Function,false,true,false,
stats/base/dists/triangular/mode,Triangular distribution mode.,base.dists.triangular.mode,Function,false,true,false,
stats/base/dists/triangular,Triangular distribution.,,,false,false,false,
stats/base/dists/triangular/pdf,Triangular distribution probability density function (PDF).,base.dists.triangular.pdf,Function,false,true,false,
stats/base/dists/triangular/quantile,Triangular distribution quantile function.,base.dists.triangular.quantile,Function,false,true,false,
stats/base/dists/triangular/skewness,Triangular distribution skewness.,base.dists.triangular.skewness,Function,false,true,false,
stats/base/dists/triangular/stdev,Triangular distribution standard deviation.,base.dists.triangular.stdev,Function,false,true,false,
stats/base/dists/triangular/variance,Triangular distribution variance.,base.dists.triangular.variance,Function,false,true,false,
stats/base/dists/truncated-normal,Truncated normal distribution.,,,false,false,false,
stats/base/dists/truncated-normal/pdf,Truncated normal distribution probability density function (PDF).,base.dists.truncatedNormal.pdf,Function,false,false,false,
stats/base/dists/uniform/cdf,Uniform distribution cumulative distribution function (CDF).,base.dists.uniform.cdf,Function,false,true,false,
stats/base/dists/uniform/ctor,Uniform distribution constructor.,base.dists.uniform.Uniform,Function,false,false,false,
stats/base/dists/uniform/entropy,Uniform distribution differential entropy.,base.dists.uniform.entropy,Function,false,true,false,
stats/base/dists/uniform/kurtosis,Uniform distribution excess kurtosis.,base.dists.uniform.kurtosis,Function,false,true,false,
stats/base/dists/uniform/logcdf,Uniform distribution logarithm of cumulative distribution function (CDF).,base.dists.uniform.logcdf,Function,false,true,false,
stats/base/dists/uniform/logpdf,Uniform distribution logarithm of probability density function (PDF).,base.dists.uniform.logpdf,Function,false,true,false,
stats/base/dists/uniform/mean,Uniform distribution expected value.,base.dists.uniform.mean,Function,false,true,false,
stats/base/dists/uniform/median,Uniform distribution median.,base.dists.uniform.median,Function,false,true,false,
stats/base/dists/uniform/mgf,Uniform distribution moment-generating function (MGF).,base.dists.uniform.mgf,Function,false,true,false,
stats/base/dists/uniform,Uniform distribution.,,,false,false,false,
stats/base/dists/uniform/pdf,Uniform distribution probability density function (PDF).,base.dists.uniform.pdf,Function,false,true,false,
stats/base/dists/uniform/quantile,Uniform distribution quantile function.,base.dists.uniform.quantile,Function,false,true,false,
stats/base/dists/uniform/skewness,Uniform distribution skewness.,base.dists.uniform.skewness,Function,false,true,false,
stats/base/dists/uniform/stdev,Uniform distribution standard deviation.,base.dists.uniform.stdev,Function,false,true,false,
stats/base/dists/uniform/variance,Uniform distribution variance.,base.dists.uniform.variance,Function,false,true,false,
stats/base/dists/wald/kurtosis,Wald distribution excess kurtosis.,,,false,true,false,
stats/base/dists/wald/mean,Wald distribution expected value.,,,false,true,false,
stats/base/dists/wald/pdf,Wald distribution probability density function (PDF).,,,false,true,false,
stats/base/dists/wald/skewness,Wald distribution skewness.,,,false,true,false,
stats/base/dists/wald/variance,Wald distribution variance.,,,false,true,false,
stats/base/dists/weibull/cdf,Weibull distribution cumulative distribution function (CDF).,base.dists.weibull.cdf,Function,false,true,false,
stats/base/dists/weibull/ctor,Weibull distribution constructor.,base.dists.weibull.Weibull,Function,false,false,false,
stats/base/dists/weibull/entropy,Weibull distribution differential entropy.,base.dists.weibull.entropy,Function,false,true,false,
stats/base/dists/weibull/kurtosis,Weibull distribution excess kurtosis.,base.dists.weibull.kurtosis,Function,false,true,false,
stats/base/dists/weibull/logcdf,Weibull distribution logarithm of cumulative distribution function (CDF).,base.dists.weibull.logcdf,Function,false,true,false,
stats/base/dists/weibull/logpdf,Weibull distribution logarithm of probability density function (PDF).,base.dists.weibull.logpdf,Function,false,true,false,
stats/base/dists/weibull/mean,Weibull distribution expected value.,base.dists.weibull.mean,Function,false,true,false,
stats/base/dists/weibull/median,Weibull distribution median.,base.dists.weibull.median,Function,false,true,false,
stats/base/dists/weibull/mgf,Weibull distribution moment-generating function (MGF).,base.dists.weibull.mgf,Function,false,true,false,
stats/base/dists/weibull/mode,Weibull distribution mode.,base.dists.weibull.mode,Function,false,true,false,
stats/base/dists/weibull,Weibull distribution.,,,false,false,false,
stats/base/dists/weibull/pdf,Weibull distribution probability density function (PDF).,base.dists.weibull.pdf,Function,false,true,false,
stats/base/dists/weibull/quantile,Weibull distribution quantile function.,base.dists.weibull.quantile,Function,false,true,false,
stats/base/dists/weibull/skewness,Weibull distribution skewness.,base.dists.weibull.skewness,Function,false,true,false,
stats/base/dists/weibull/stdev,Weibull distribution standard deviation.,base.dists.weibull.stdev,Function,false,true,false,
stats/base/dists/weibull/variance,Weibull distribution variance.,base.dists.weibull.variance,Function,false,true,false,
stats/base/ndarray/covarmtk,Compute the covariance of two one-dimensional ndarrays provided known means and using a one-pass textbook algorithm.,,,false,false,false,
stats/base/ndarray/cumax,Compute the cumulative maximum value of a one-dimensional ndarray.,,,false,false,false,
stats/base/ndarray/cumin,Compute the cumulative minimum value of a one-dimensional ndarray.,,,false,false,false,
stats/base/ndarray/dcovarmtk,Compute the covariance of two one-dimensional double-precision floating-point ndarrays provided known means and using a one-pass textbook algorithm.,,,false,false,false,
stats/base/ndarray/dcumax,Compute the cumulative maximum value of a one-dimensional double-precision floating-point ndarray.,,,false,false,false,
stats/base/ndarray/dcumaxabs,Compute the cumulative maximum absolute value of a one-dimensional double-precision floating-point ndarray.,,,false,false,false,
stats/base/ndarray/dcumin,Compute the cumulative minimum value of a one-dimensional double-precision floating-point ndarray.,,,false,false,false,
stats/base/ndarray/dcuminabs,Compute the cumulative minimum absolute value of a one-dimensional double-precision floating-point ndarray.,,,false,false,false,
stats/base/ndarray/dmax,Compute the maximum value of a one-dimensional double-precision floating-point ndarray.,,,false,true,false,
stats/base/ndarray/dmaxabs,Compute the maximum absolute value of a one-dimensional double-precision floating-point ndarray.,,,false,true,false,
stats/base/ndarray/dmaxabssorted,Compute the maximum absolute value of a sorted one-dimensional double-precision floating-point ndarray.,,,false,false,false,
stats/base/ndarray/dmaxsorted,Compute the maximum value of a sorted one-dimensional double-precision floating-point ndarray.,,,false,true,false,
stats/base/ndarray/dmean,Compute the arithmetic mean of a one-dimensional double-precision floating-point ndarray.,,,false,true,false,
stats/base/ndarray/dmeankbn,Compute the arithmetic mean of a one-dimensional double-precision floating-point ndarray using an improved Kahan–Babuška algorithm.,,,false,true,false,
stats/base/ndarray/dmeankbn2,Compute the arithmetic mean of a one-dimensional double-precision floating-point ndarray using a second-order iterative Kahan–Babuška algorithm.,,,false,true,false,
stats/base/ndarray/dmeanli,Compute the arithmetic mean of a one-dimensional double-precision floating-point ndarray using a one-pass trial mean algorithm.,,,false,false,false,
stats/base/ndarray/dmeanlipw,Compute the arithmetic mean of a one-dimensional double-precision floating-point ndarray using a one-pass trial mean algorithm with pairwise summation.,,,false,true,false,
stats/base/ndarray/dmeanors,Compute the arithmetic mean of a one-dimensional double-precision floating-point ndarray using ordinary recursive summation.,,,false,true,false,
stats/base/ndarray/dmeanpn,Compute the arithmetic mean of a one-dimensional double-precision floating-point ndarray using a two-pass error correction algorithm.,,,false,true,false,
stats/base/ndarray/dmeanpw,Compute the arithmetic mean of a one-dimensional double-precision floating-point ndarray using pairwise summation.,,,false,true,false,
stats/base/ndarray/dmeanstdev,Compute the mean and standard deviation of a one-dimensional double-precision floating-point ndarray.,,,false,false,false,
stats/base/ndarray/dmeanwd,Compute the arithmetic mean of a one-dimensional double-precision floating-point ndarray using Welford's algorithm.,,,false,true,false,
stats/base/ndarray/dmediansorted,Compute the median value of a sorted one-dimensional double-precision floating-point ndarray.,,,false,false,false,
stats/base/ndarray/dmidrange,Compute the mid-range of a one-dimensional double-precision floating-point ndarray.,,,false,true,false,
stats/base/ndarray/dmin,Compute the minimum value of a one-dimensional double-precision floating-point ndarray.,,,false,true,false,
stats/base/ndarray/dminabs,Compute the minimum absolute value of a one-dimensional double-precision floating-point ndarray.,,,false,true,false,
stats/base/ndarray/dminsorted,Compute the minimum value of a sorted one-dimensional double-precision floating-point ndarray.,,,false,false,false,
stats/base/ndarray/dmskmax,Calculate the maximum value of a one-dimensional double-precision floating-point ndarray according to a mask.,,,false,false,false,
stats/base/ndarray/dmskmaxabs,Calculate the maximum absolute value of a one-dimensional double-precision floating-point ndarray according to a mask.,,,false,false,false,
stats/base/ndarray/dmskmin,Calculate the minimum value of a one-dimensional double-precision floating-point ndarray according to a mask.,,,false,false,false,
stats/base/ndarray/dmskrange,Calculate the range of a one-dimensional double-precision floating-point ndarray according to a mask.,,,false,false,false,
stats/base/ndarray/dnanmax,"Compute the maximum value of a one-dimensional double-precision floating-point ndarray, ignoring `NaN` values.",,,false,false,false,
stats/base/ndarray/dnanmaxabs,"Compute the maximum absolute value of a one-dimensional double-precision floating-point ndarray, ignoring `NaN` values.",,,false,false,false,
stats/base/ndarray/dnanmean,"Compute the arithmetic mean of a one-dimensional double-precision floating-point ndarray, ignoring `NaN` values.",,,false,false,false,
stats/base/ndarray/dnanmeanors,"Compute the arithmetic mean of a one-dimensional double-precision floating-point ndarray, ignoring `NaN` values and using ordinary recursive summation.",,,false,false,false,
stats/base/ndarray/dnanmeanpn,"Compute the arithmetic mean of a one-dimensional double-precision floating-point ndarray, ignoring `NaN` values and using a two-pass error correction algorithm.",,,false,false,false,
stats/base/ndarray/dnanmeanpw,"Compute the arithmetic mean of a one-dimensional double-precision floating-point ndarray, ignoring `NaN` values and using pairwise summation.",,,false,false,false,
stats/base/ndarray/dnanmeanwd,"Compute the arithmetic mean of a one-dimensional double-precision floating-point ndarray, ignoring `NaN` values and using Welford's algorithm.",,,false,false,false,
stats/base/ndarray/dnanmidrange,"Compute the mid-range of a one-dimensional double-precision floating-point ndarray, ignoring NaN values.",,,false,false,false,
stats/base/ndarray/dnanmin,"Compute the minimum value of a one-dimensional double-precision floating-point ndarray, ignoring `NaN` values.",,,false,false,false,
stats/base/ndarray/dnanminabs,"Compute the minimum value of a one-dimensional double-precision floating-point ndarray, ignoring `NaN` values.",,,false,false,false,
stats/base/ndarray/dnanmskmax,"Compute the maximum value of a double-precision floating-point ndarray according to a mask, ignoring `NaN` values.",,,false,false,false,
stats/base/ndarray/dnanmskmaxabs,"Compute the maximum absolute value of a double-precision floating-point ndarray according to a mask, ignoring `NaN` values.",,,false,false,false,
stats/base/ndarray/dnanmskmin,"Compute the minimum value of a double-precision floating-point ndarray according to a mask, ignoring `NaN` values.",,,false,false,false,
stats/base/ndarray/dnanmskminabs,"Compute the minimum absolute value of a double-precision floating-point ndarray according to a mask, ignoring `NaN` values.",,,false,false,false,
stats/base/ndarray/dnanmskrange,"Calculate the range of a one-dimensional double-precision floating-point ndarray according to a mask, ignoring NaN values.",,,false,false,false,
stats/base/ndarray/dnanrange,"Compute the range of a one-dimensional double-precision floating-point ndarray, ignoring `NaN` values.",,,false,false,false,
stats/base/ndarray/dnanrangeabs,"Compute the range of absolute values of a one-dimensional double-precision floating-point ndarray, ignoring `NaN` values.",,,false,false,false,
stats/base/ndarray/dnanstdev,"Compute the standard deviation of a one-dimensional double-precision floating-point ndarray, ignoring NaN values.",,,false,false,false,
stats/base/ndarray/dnanstdevch,"Compute the standard deviation of a one-dimensional double-precision floating-point ndarray, ignoring NaN values and using a one-pass trial mean algorithm.",,,false,false,false,
stats/base/ndarray/dnanstdevpn,"Compute the standard deviation of a one-dimensional double-precision floating-point ndarray, ignoring NaN values and using a two-pass algorithm.",,,false,false,false,
stats/base/ndarray/drange,Compute the range of a one-dimensional double-precision floating-point ndarray.,,,false,false,false,
stats/base/ndarray/drangeabs,Compute the range of absolute values of a one-dimensional double-precision floating-point ndarray.,,,false,true,false,
stats/base/ndarray/dstdev,Compute the standard deviation of a one-dimensional double-precision floating-point ndarray.,,,false,false,false,
stats/base/ndarray/dstdevch,Compute the standard deviation of a one-dimensional double-precision floating-point ndarray using a one-pass trial mean algorithm.,,,false,false,false,
stats/base/ndarray/dstdevpn,Compute the standard deviation of a one-dimensional double-precision floating-point ndarray using a two-pass algorithm.,,,false,false,false,
stats/base/ndarray/dstdevtk,Compute the standard deviation of a one-dimensional double-precision floating-point ndarray using a one-pass textbook algorithm.,,,false,false,false,
stats/base/ndarray/dstdevwd,Compute the standard deviation of a one-dimensional double-precision floating-point ndarray using Welford's algorithm.,,,false,false,false,
stats/base/ndarray/dstdevyc,Compute the standard deviation of a one-dimensional double-precision floating-point ndarray using a one-pass algorithm proposed by Youngs and Cramer.,,,false,false,false,
stats/base/ndarray/dztest,Compute a one-sample Z-test for a one-dimensional double-precision floating-point ndarray.,,,false,false,false,
stats/base/ndarray/dztest2,Compute a two-sample Z-test for two one-dimensional double-precision floating-point ndarrays.,,,false,false,false,
stats/base/ndarray/max-by,Compute the maximum value of a one-dimensional ndarray via a callback function.,,,false,false,false,
stats/base/ndarray/max,Compute the maximum value of a one-dimensional ndarray.,,,false,false,false,
stats/base/ndarray/maxabs,Compute the maximum absolute value of a one-dimensional ndarray.,,,false,false,false,
stats/base/ndarray/maxsorted,Compute the maximum value of a sorted one-dimensional ndarray.,,,false,false,false,
stats/base/ndarray/mean,Compute the arithmetic mean of a one-dimensional ndarray.,,,false,false,false,
stats/base/ndarray/meankbn,Compute the arithmetic mean of a one-dimensional ndarray using an improved Kahan–Babuška algorithm.,,,false,false,false,
stats/base/ndarray/meankbn2,Compute the arithmetic mean of a one-dimensional ndarray using a second-order Kahan–Babuška algorithm.,,,false,false,false,
stats/base/ndarray/meanors,Compute the arithmetic mean of a one-dimensional ndarray using ordinary recursive summation.,,,false,false,false,
stats/base/ndarray/meanpn,Compute the arithmetic mean of a one-dimensional ndarray using a two-pass error correction algorithm.,,,false,false,false,
stats/base/ndarray/meanpw,Compute the arithmetic mean of a one-dimensional ndarray using pairwise summation.,,,false,false,false,
stats/base/ndarray/meanwd,Compute the arithmetic mean of a one-dimensional ndarray using Welford's algorithm.,,,false,false,false,
stats/base/ndarray/mediansorted,Compute the median value of a sorted one-dimensional ndarray.,,,false,false,false,
stats/base/ndarray/midrange-by,Compute the mid-range of a one-dimensional ndarray via a callback function.,,,false,false,false,
stats/base/ndarray/midrange,Compute the mid-range of a one-dimensional ndarray.,,,false,false,false,
stats/base/ndarray/midrangeabs,Compute the mid-range of absolute values of a one-dimensional ndarray.,,,false,false,false,
stats/base/ndarray/min-by,Compute the minimum value of a one-dimensional ndarray via a callback function.,,,false,false,false,
stats/base/ndarray/min,Compute the minimum value of a one-dimensional ndarray.,,,false,false,false,
stats/base/ndarray/minabs,Compute the minimum absolute value of a one-dimensional ndarray.,,,false,false,false,
stats/base/ndarray/minsorted,Compute the minimum value of a sorted one-dimensional ndarray.,,,false,false,false,
stats/base/ndarray/mskmax,Calculate the maximum value of a one-dimensional ndarray according to a mask.,,,false,false,false,
stats/base/ndarray/mskmaxabs,Calculate the maximum absolute value of a one-dimensional ndarray according to a mask.,,,false,false,false,
stats/base/ndarray/mskmidrange,Calculate the mid-range of a one-dimensional ndarray according to a mask.,,,false,false,false,
stats/base/ndarray/mskmin,Calculate the minimum value of a one-dimensional ndarray according to a mask.,,,false,false,false,
stats/base/ndarray/mskrange,Calculate the range of a one-dimensional ndarray according to a mask.,,,false,false,false,
stats/base/ndarray/nanmax-by,"Compute the maximum value of a one-dimensional ndarray via a callback function, ignoring NaN values.",,,false,false,false,
stats/base/ndarray/nanmax,"Compute the maximum value of a one-dimensional ndarray, ignoring `NaN` values.",,,false,false,false,
stats/base/ndarray/nanmaxabs,"Compute the maximum absolute value of a one-dimensional ndarray, ignoring `NaN` values.",,,false,false,false,
stats/base/ndarray/nanmean,"Compute the arithmetic mean of a one-dimensional ndarray, ignoring `NaN` values.",,,false,false,false,
stats/base/ndarray/nanmeanors,"Compute the arithmetic mean of a one-dimensional ndarray, ignoring `NaN` values and using ordinary recursive summation.",,,false,false,false,
stats/base/ndarray/nanmeanpn,"Compute the arithmetic mean of a one-dimensional ndarray, ignoring `NaN` values and using a two-pass error correction algorithm.",,,false,false,false,
stats/base/ndarray/nanmeanwd,"Compute the arithmetic mean of a one-dimensional ndarray, ignoring `NaN` values and using Welford's algorithm.",,,false,false,false,
stats/base/ndarray/nanmidrange-by,"Calculate the mid-range of a one-dimensional ndarray via a callback function, ignoring `NaN` values.",,,false,false,false,
stats/base/ndarray/nanmidrange,"Compute the mid-range of a one-dimensional ndarray, ignoring NaN values.",,,false,false,false,
stats/base/ndarray/nanmin-by,"Compute the minimum value of a one-dimensional ndarray via a callback function, ignoring NaN values.",,,false,false,false,
stats/base/ndarray/nanmin,"Compute the minimum value of a one-dimensional ndarray, ignoring `NaN` values.",,,false,false,false,
stats/base/ndarray/nanminabs,"Compute the minimum absolute value of a one-dimensional ndarray, ignoring `NaN` values.",,,false,false,false,
stats/base/ndarray/nanmskmax,"Calculate the maximum value of a one-dimensional ndarray according to a mask, ignoring NaN values.",,,false,false,false,
stats/base/ndarray/nanmskmidrange,"Calculate the mid-range of a one-dimensional ndarray according to a mask, ignoring NaN values.",,,false,false,false,
stats/base/ndarray/nanmskmin,"Calculate the minimum value of a one-dimensional ndarray according to a mask, ignoring NaN values.",,,false,false,false,
stats/base/ndarray/nanmskrange,"Calculate the range of a one-dimensional ndarray according to a mask, ignoring NaN values.",,,false,false,false,
stats/base/ndarray/nanrange-by,"Compute the range of a one-dimensional ndarray via a callback function, ignoring `NaN` values.",,,false,false,false,
stats/base/ndarray/nanrange,"Compute the range of a one-dimensional ndarray, ignoring `NaN` values.",,,false,false,false,
stats/base/ndarray,Base ndarray statistical functions.,,,false,false,false,
stats/base/ndarray/range-by,Compute the range of a one-dimensional ndarray via a callback function.,,,false,false,false,
stats/base/ndarray/range,Compute the range of a one-dimensional ndarray.,,,false,false,false,
stats/base/ndarray/rangeabs,Compute the range of absolute values of a one-dimensional ndarray.,,,false,false,false,
stats/base/ndarray/scovarmtk,Compute the covariance of two one-dimensional single-precision floating-point ndarrays provided known means and using a one-pass textbook algorithm.,,,false,false,false,
stats/base/ndarray/scumax,Compute the cumulative maximum value of a one-dimensional single-precision floating-point ndarray.,,,false,false,false,
stats/base/ndarray/scumaxabs,Compute the cumulative maximum absolute value of a one-dimensional single-precision floating-point ndarray.,,,false,false,false,
stats/base/ndarray/scumin,Compute the cumulative minimum value of a one-dimensional single-precision floating-point ndarray.,,,false,false,false,
stats/base/ndarray/scuminabs,Compute the cumulative minimum absolute value of a one-dimensional single-precision floating-point ndarray.,,,false,false,false,
stats/base/ndarray/sdsmean,Compute the arithmetic mean of a one-dimensional single-precision floating-point ndarray using extended accumulation.,,,false,false,false,
stats/base/ndarray/sdsmeanors,Compute the arithmetic mean of a one-dimensional single-precision floating-point ndarray using ordinary recursive summation with extended accumulation.,,,false,false,false,
stats/base/ndarray/sdsnanmeanors,"Compute the arithmetic mean of a one-dimensional single-precision floating-point ndarray, ignoring NaN values and using ordinary recursive summation with extended accumulation.",,,false,false,false,
stats/base/ndarray/smax,Compute the maximum value of a one-dimensional single-precision floating-point ndarray.,,,false,true,false,
stats/base/ndarray/smaxabs,Compute the maximum absolute value of a one-dimensional single-precision floating-point ndarray.,,,false,true,false,
stats/base/ndarray/smaxabssorted,Compute the maximum absolute value of a sorted one-dimensional single-precision floating-point ndarray.,,,false,false,false,
stats/base/ndarray/smaxsorted,Compute the maximum value of a sorted one-dimensional single-precision floating-point ndarray.,,,false,true,false,
stats/base/ndarray/smean,Compute the arithmetic mean of a one-dimensional single-precision floating-point ndarray.,,,false,false,false,
stats/base/ndarray/smeankbn,Compute the arithmetic mean of a one-dimensional single-precision floating-point ndarray using an improved Kahan–Babuška algorithm.,,,false,false,false,
stats/base/ndarray/smeankbn2,Compute the arithmetic mean of a one-dimensional single-precision floating-point ndarray using a second-order iterative Kahan–Babuška algorithm.,,,false,false,false,
stats/base/ndarray/smeanli,Compute the arithmetic mean of a one-dimensional single-precision floating-point ndarray using a one-pass trial mean algorithm.,,,false,false,false,
stats/base/ndarray/smeanlipw,Compute the arithmetic mean of a one-dimensional single-precision floating-point ndarray using a one-pass trial mean algorithm with pairwise summation.,,,false,false,false,
stats/base/ndarray/smeanors,Compute the arithmetic mean of a one-dimensional single-precision floating-point ndarray using ordinary recursive summation.,,,false,false,false,
stats/base/ndarray/smeanpn,Compute the arithmetic mean of a one-dimensional single-precision floating-point ndarray using a two-pass error correction algorithm.,,,false,false,false,
stats/base/ndarray/smeanpw,Compute the arithmetic mean of a one-dimensional single-precision floating-point ndarray using pairwise summation.,,,false,false,false,
stats/base/ndarray/smeanwd,Compute the arithmetic mean of a one-dimensional single-precision floating-point ndarray using Welford's algorithm.,,,false,false,false,
stats/base/ndarray/smediansorted,Compute the median value of a sorted one-dimensional single-precision floating-point ndarray.,,,false,false,false,
stats/base/ndarray/smidrange,Compute the mid-range of a one-dimensional single-precision floating-point ndarray.,,,false,true,false,
stats/base/ndarray/smin,Compute the minimum value of a one-dimensional single-precision floating-point ndarray.,,,false,true,false,
stats/base/ndarray/sminabs,Compute the minimum absolute value of a one-dimensional single-precision floating-point ndarray.,,,false,true,false,
stats/base/ndarray/sminsorted,Compute the minimum value of a sorted one-dimensional single-precision floating-point ndarray.,,,false,false,false,
stats/base/ndarray/smskmax,Calculate the maximum value of a one-dimensional single-precision floating-point ndarray according to a mask.,,,false,false,false,
stats/base/ndarray/smskmaxabs,Calculate the maximum absolute value of a one-dimensional single-precision floating-point ndarray according to a mask.,,,false,false,false,
stats/base/ndarray/smskmidrange,Calculate the mid-range of a one-dimensional single-precision floating-point ndarray according to a mask.,,,false,false,false,
stats/base/ndarray/smskmin,Calculate the minimum value of a one-dimensional single-precision floating-point ndarray according to a mask.,,,false,false,false,
stats/base/ndarray/smskrange,Calculate the range of a one-dimensional single-precision floating-point ndarray according to a mask.,,,false,false,false,
stats/base/ndarray/snanmax,"Compute the maximum value of a one-dimensional single-precision floating-point ndarray, ignoring `NaN` values.",,,false,true,false,
stats/base/ndarray/snanmaxabs,"Compute the maximum absolute value of a one-dimensional single-precision floating-point ndarray, ignoring `NaN` values.",,,false,false,false,
stats/base/ndarray/snanmean,"Compute the arithmetic mean of a one-dimensional single-precision floating-point ndarray, ignoring `NaN` values.",,,false,false,false,
stats/base/ndarray/snanmeanors,"Compute the arithmetic mean of a one-dimensional single-precision floating-point ndarray, ignoring `NaN` values and using ordinary recursive summation.",,,false,false,false,
stats/base/ndarray/snanmeanpn,"Compute the arithmetic mean of a one-dimensional single-precision floating-point ndarray, ignoring `NaN` values and using a two-pass error correction algorithm.",,,false,false,false,
stats/base/ndarray/snanmeanwd,"Compute the arithmetic mean of a one-dimensional single-precision floating-point ndarray, ignoring `NaN` values and using Welford's algorithm.",,,false,false,false,
stats/base/ndarray/snanmidrange,"Compute the mid-range of a one-dimensional single-precision floating-point ndarray, ignoring `NaN` values.",,,false,false,false,
stats/base/ndarray/snanmin,"Compute the minimum value of a one-dimensional single-precision floating-point ndarray, ignoring `NaN` values.",,,false,false,false,
stats/base/ndarray/snanminabs,"Compute the minimum absolute value of a one-dimensional single-precision floating-point ndarray, ignoring `NaN` values.",,,false,false,false,
stats/base/ndarray/snanmskmax,"Calculate the maximum value of a one-dimensional single-precision floating-point ndarray according to a mask, ignoring NaN values.",,,false,false,false,
stats/base/ndarray/snanmskmaxabs,"Compute the maximum absolute value of a one-dimensional single-precision floating-point ndarray according to a mask, ignoring NaN values.",,,false,false,false,
stats/base/ndarray/snanmskmidrange,"Calculate the mid-range of a one-dimensional single-precision floating-point ndarray according to a mask, ignoring NaN values.",,,false,false,false,
stats/base/ndarray/snanmskmin,"Calculate the minimum value of a one-dimensional single-precision floating-point ndarray according to a mask, ignoring NaN values.",,,false,false,false,
stats/base/ndarray/snanmskminabs,"Compute the minimum absolute value of a one-dimensional single-precision floating-point ndarray according to a mask, ignoring NaN values.",,,false,false,false,
stats/base/ndarray/snanmskrange,"Calculate the range of a one-dimensional single-precision floating-point ndarray according to a mask, ignoring NaN values.",,,false,false,false,
stats/base/ndarray/snanrange,"Compute the range of a one-dimensional single-precision floating-point ndarray, ignoring `NaN` values.",,,false,true,false,
stats/base/ndarray/srange,Compute the range of a one-dimensional single-precision floating-point ndarray.,,,false,true,false,
stats/base/ndarray/srangeabs,Compute the range of absolute values of a one-dimensional single-precision floating-point ndarray.,,,false,true,false,
stats/base/ndarray/sstdev,Compute the standard deviation of a one-dimensional single-precision floating-point ndarray.,,,false,false,false,
stats/base/ndarray/sstdevch,Compute the standard deviation of a one-dimensional single-precision floating-point ndarray using a one-pass trial mean algorithm.,,,false,false,false,
stats/base/ndarray/sstdevpn,Compute the standard deviation of a one-dimensional single-precision floating-point ndarray using a two-pass algorithm.,,,false,false,false,
stats/base/ndarray/sstdevtk,Compute the standard deviation of a one-dimensional single-precision floating-point ndarray using a one-pass textbook algorithm.,,,false,false,false,
stats/base/ndarray/sstdevwd,Compute the standard deviation of a one-dimensional single-precision floating-point ndarray using Welford's algorithm.,,,false,false,false,
stats/base/ndarray/sstdevyc,Compute the standard deviation of a one-dimensional single-precision floating-point ndarray using a one-pass algorithm proposed by Youngs and Cramer.,,,false,false,false,
stats/base/ndarray/stdev,Compute the standard deviation of a one-dimensional ndarray.,,,false,false,false,
stats/base/ndarray/stdevch,Compute the standard deviation of a one-dimensional ndarray using a one-pass trial mean algorithm.,,,false,false,false,
stats/base/ndarray/stdevpn,Compute the standard deviation of a one-dimensional ndarray using a two-pass algorithm.,,,false,false,false,
stats/base/ndarray/stdevtk,Compute the standard deviation of a one-dimensional ndarray using a one-pass textbook algorithm.,,,false,false,false,
stats/base/ndarray/stdevwd,Compute the standard deviation of a one-dimensional ndarray using Welford's algorithm.,,,false,false,false,
stats/base/ndarray/stdevyc,Compute the standard deviation of a one-dimensional ndarray using a one-pass algorithm proposed by Youngs and Cramer.,,,false,false,false,
stats/base/ndarray/svariance,Compute the variance of a one-dimensional single-precision floating-point ndarray.,,,false,false,false,
stats/base/ndarray/svariancech,Compute the variance of a one-dimensional single-precision floating-point ndarray using a one-pass trial mean algorithm.,,,false,false,false,
stats/base/ndarray/svariancepn,Compute the variance of a one-dimensional single-precision floating-point ndarray using a two-pass algorithm.,,,false,false,false,
stats/base/ndarray/svariancetk,Compute the variance of a one-dimensional single-precision floating-point ndarray using a one-pass textbook algorithm.,,,false,false,false,
stats/base/ndarray/svariancewd,Compute the variance of a one-dimensional single-precision floating-point ndarray using Welford's algorithm.,,,false,false,false,
stats/base/ndarray/svarianceyc,Compute the variance of a one-dimensional single-precision floating-point ndarray using a one-pass algorithm proposed by Youngs and Cramer.,,,false,false,false,
stats/base/ndarray/sztest,Compute a one-sample Z-test for a one-dimensional single-precision floating-point ndarray.,,,false,false,false,
stats/base/ndarray/sztest2,Compute a two-sample Z-test for two one-dimensional single-precision floating-point ndarrays.,,,false,false,false,
stats/base/ndarray/variance,Compute the variance of a one-dimensional ndarray.,,,false,false,false,
stats/base/ndarray/variancech,Compute the variance of a one-dimensional ndarray using a one-pass trial mean algorithm.,,,false,false,false,
stats/base/ndarray/variancepn,Compute the variance of a one-dimensional ndarray using a two-pass algorithm.,,,false,false,false,
stats/base/ndarray/variancetk,Compute the variance of a one-dimensional ndarray using a one-pass textbook algorithm.,,,false,false,false,
stats/base/ndarray/variancewd,Compute the variance of a one-dimensional ndarray using Welford's algorithm.,,,false,false,false,
stats/base/ndarray/varianceyc,Compute the variance of a one-dimensional ndarray using a one-pass algorithm proposed by Youngs and Cramer.,,,false,false,false,
stats/base/ndarray/ztest,Compute a one-sample Z-test for a one-dimensional ndarray.,,,false,false,false,
stats/base/ndarray/ztest2,Compute a two-sample Z-test for two one-dimensional ndarrays.,,,false,false,false,
stats/base,"Base (i.e., lower-level) statistical functions.",,,false,false,false,
stats/base/sdsnanmean,"Calculate the arithmetic mean of a single-precision floating-point strided array, ignoring NaN values and using extended accumulation.",base.strided.sdsnanmean,Function,false,true,false,stats/strided/dnanmean;stats/strided/dsnanmean;stats/strided/nanmean;stats/strided/sdsmean;stats/strided/snanmean
stats/base/snanstdev,Calculate the standard deviation of a single-precision floating-point strided array ignoring NaN values.,base.strided.snanstdev,Function,false,true,false,stats/strided/dnanstdev;stats/strided/nanstdev;stats/base/snanvariance;stats/strided/sstdev
stats/base/snanstdevch,Calculate the standard deviation of a single-precision floating-point strided array ignoring NaN values and using a one-pass trial mean algorithm.,base.strided.snanstdevch,Function,false,true,false,stats/strided/dnanstdevch;stats/strided/nanstdevch;stats/base/snanstdev;stats/base/snanvariancech;stats/strided/sstdevch
stats/base/snanstdevpn,Calculate the standard deviation of a single-precision floating-point strided array ignoring NaN values and using a two-pass algorithm.,base.strided.snanstdevpn,Function,false,true,false,stats/strided/dnanstdevpn;stats/strided/nanstdevpn;stats/base/snanstdev;stats/base/snanvariancepn;stats/strided/sstdevpn
stats/base/snanstdevtk,Calculate the standard deviation of a single-precision floating-point strided array ignoring NaN values and using a one-pass textbook algorithm.,base.strided.snanstdevtk,Function,false,true,false,stats/strided/dnanstdevtk;stats/strided/nanstdevtk;stats/base/snanstdev;stats/base/snanvariancetk;stats/strided/sstdevtk
stats/base/snanstdevwd,Calculate the standard deviation of a single-precision floating-point strided array ignoring NaN values and using Welford's algorithm.,base.strided.snanstdevwd,Function,false,true,false,stats/strided/dnanstdevwd;stats/strided/nanstdevwd;stats/base/snanstdev;stats/base/snanvariancewd;stats/strided/sstdevwd
stats/base/snanstdevyc,Calculate the standard deviation of a single-precision floating-point strided array ignoring NaN values and using a one-pass algorithm proposed by Youngs and Cramer.,base.strided.snanstdevyc,Function,false,true,false,stats/strided/dnanstdevyc;stats/strided/nanstdevyc;stats/base/snanstdev;stats/base/snanvarianceyc;stats/strided/sstdevyc
stats/base/snanvariance,Calculate the variance of a single-precision floating-point strided array ignoring NaN values.,base.strided.snanvariance,Function,false,true,false,stats/strided/dnanvariance;stats/strided/nanvariance;stats/base/snanstdev;stats/strided/svariance
stats/base/snanvariancech,Calculate the variance of a single-precision floating-point strided array ignoring NaN values and using a one-pass trial mean algorithm.,base.strided.snanvariancech,Function,false,true,false,stats/strided/dnanvariancech;stats/strided/nanvariancech;stats/base/snanstdevch;stats/base/snanvariance;stats/strided/svariancech
stats/base/snanvariancepn,Calculate the variance of a single-precision floating-point strided array ignoring NaN values and using a two-pass algorithm.,base.strided.snanvariancepn,Function,false,true,false,stats/strided/dnanvariancepn;stats/strided/nanvariancepn;stats/base/snanstdevpn;stats/base/snanvariance;stats/strided/svariancepn
stats/base/snanvariancetk,Calculate the variance of a single-precision floating-point strided array ignoring NaN values and using a one-pass textbook algorithm.,base.strided.snanvariancetk,Function,false,true,false,stats/strided/dnanvariancetk;stats/strided/nanvariancetk;stats/base/snanstdevtk;stats/base/snanvariance;stats/strided/svariancetk
stats/base/snanvariancewd,Calculate the variance of a single-precision floating-point strided array ignoring NaN values and using Welford's algorithm.,base.strided.snanvariancewd,Function,false,true,false,stats/strided/dnanvariancewd;stats/strided/nanvariancewd;stats/base/snanstdevwd;stats/base/snanvariance;stats/strided/svariancewd
stats/base/snanvarianceyc,Calculate the variance of a single-precision floating-point strided array ignoring NaN values and using a one-pass algorithm proposed by Youngs and Cramer.,base.strided.snanvarianceyc,Function,false,true,false,stats/strided/dnanvarianceyc;stats/strided/nanvarianceyc;stats/base/snanstdevyc;stats/base/snanvariance;stats/strided/svarianceyc
stats/base/ztest/alternative-enum2str,Return the Z-test alternative hypothesis string associated with a Z-test alternative hypothesis enumeration constant.,,,false,false,false,
stats/base/ztest/alternative-resolve-enum,Return the enumeration constant associated with a supported Z-test alternative hypothesis value.,,,false,false,false,
stats/base/ztest/alternative-resolve-str,Return the alternative hypothesis string associated with a supported Z-test alternative hypothesis value.,,,false,false,false,
stats/base/ztest/alternative-str2enum,Return the enumeration constant associated with a Z-test alternative hypothesis string.,,,false,false,false,
stats/base/ztest/alternatives,Z-test alternative hypotheses.,,,false,false,false,
stats/base/ztest/one-sample/results/factory,Return a constructor for creating a one-sample Z-test results object.,,,false,false,false,
stats/base/ztest/one-sample/results/float32,Create a one-sample Z-test single-precision floating-point results object.,,,false,false,false,
stats/base/ztest/one-sample/results/float64,Create a one-sample Z-test double-precision floating-point results object.,,,false,false,false,
stats/base/ztest/one-sample/results/struct-factory,Create a new struct constructor tailored to a specified floating-point data type.,,,false,false,false,
stats/base/ztest/one-sample/results/to-json,Serialize a one-sample Z-test results object as a JSON object.,,,false,false,false,
stats/base/ztest/one-sample/results/to-string,Serialize a one-sample Z-test results object as a formatted string.,,,false,false,false,
stats/base/ztest/two-sample/results/factory,Return a constructor for creating a two-sample Z-test results object.,,,false,false,false,
stats/base/ztest/two-sample/results/float32,Create a two-sample Z-test single-precision floating-point results object.,,,false,false,false,
stats/base/ztest/two-sample/results/float64,Create a two-sample Z-test double-precision floating-point results object.,,,false,false,false,
stats/base/ztest/two-sample/results/struct-factory,Create a new struct constructor tailored to a specified floating-point data type.,,,false,false,false,
stats/base/ztest/two-sample/results/to-json,Serialize a two-sample Z-test results object as a JSON object.,,,false,false,false,
stats/base/ztest/two-sample/results/to-string,Serialize a two-sample Z-test results object as a formatted string.,,,false,false,false,
stats/binomial-test,Exact test for the success probability in a Bernoulli experiment.,binomialTest,Function,false,false,false,
stats/chi2gof,Perform a chi-square goodness-of-fit test.,chi2gof,Function,false,false,false,
stats/chi2test,Perform a chi-square independence test.,chi2test,Function,false,false,false,
stats/cumax,Compute the cumulative maximum value along one or more ndarray dimensions.,,,false,false,false,
stats/cumin,Compute the cumulative minimum value along one or more ndarray dimensions.,,,false,false,false,
stats/fligner-test,Fligner-Killeen test for equal variances.,flignerTest,Function,false,false,false,stats/bartlett-test
stats/incr/apcorr,Compute a sample absolute Pearson product-moment correlation coefficient.,incrapcorr,Function,false,false,false,stats/incr/mapcorr;stats/incr/pcorr;stats/incr/pcorr2
stats/incr/count,Compute a count incrementally.,incrcount,Function,false,false,false,stats/incr/mean;stats/incr/sum;stats/incr/summary
stats/incr/covariance,Compute an unbiased sample covariance incrementally.,incrcovariance,Function,false,false,false,stats/incr/mcovariance;stats/incr/pcorr;stats/incr/variance
stats/incr/covmat,Compute an unbiased sample covariance matrix incrementally.,incrcovmat,Function,false,false,false,stats/incr/covariance;stats/incr/pcorrmat
stats/incr/cv,Compute the coefficient of variation (CV) incrementally.,incrcv,Function,false,false,false,stats/incr/mean;stats/incr/mcv;stats/incr/stdev;stats/incr/vmr
stats/incr/ewmean,Compute an exponentially weighted mean incrementally.,increwmean,Function,false,false,false,stats/incr/ewvariance;stats/incr/mean;stats/incr/mmean;stats/incr/wmean
stats/incr/ewstdev,Compute an exponentially weighted standard deviation incrementally.,increwstdev,Function,false,false,false,stats/incr/ewvariance;stats/incr/mstdev;stats/incr/stdev
stats/incr/ewvariance,Compute an exponentially weighted variance incrementally.,increwvariance,Function,false,false,false,stats/incr/ewmean;stats/incr/ewstdev;stats/incr/variance;stats/incr/mvariance
stats/incr/gmean,Compute a geometric mean incrementally.,incrgmean,Function,false,false,false,stats/incr/hmean;stats/incr/mean;stats/incr/mgmean;stats/incr/summary
stats/incr/grubbs,Grubbs' test for outliers.,incrgrubbs,Function,false,false,false,stats/incr/mgrubbs
stats/incr/hmean,Compute a harmonic mean incrementally.,incrhmean,Function,false,false,false,stats/incr/gmean;stats/incr/mean;stats/incr/mhmean;stats/incr/summary
stats/incr/kurtosis,Compute a corrected sample excess kurtosis incrementally.,incrkurtosis,Function,false,false,false,stats/incr/mean;stats/incr/skewness;stats/incr/stdev;stats/incr/summary;stats/incr/variance
stats/incr/maape,Compute the mean arctangent absolute percentage error (MAAPE) incrementally.,incrmaape,Function,false,false,false,stats/incr/mae;stats/incr/mape;stats/incr/mean;stats/incr/mmaape
stats/incr/mae,Compute the mean absolute error (MAE) incrementally.,incrmae,Function,false,false,false,stats/incr/mape;stats/incr/me;stats/incr/mean;stats/incr/mmae
stats/incr/mapcorr,Compute a moving sample absolute Pearson product-moment correlation coefficient incrementally.,incrmapcorr,Function,false,false,false,stats/incr/apcorr;stats/incr/mpcorr;stats/incr/mpcorr2
stats/incr/mape,Compute the mean absolute percentage error (MAPE) incrementally.,incrmape,Function,false,false,false,stats/incr/maape;stats/incr/mae;stats/incr/mean;stats/incr/mmape
stats/incr/max,Compute a maximum value incrementally.,incrmax,Function,false,false,false,stats/incr/midrange;stats/incr/min;stats/incr/mmax;stats/incr/range;stats/incr/summary
stats/incr/maxabs,Compute a maximum absolute value incrementally.,incrmaxabs,Function,false,false,false,stats/incr/max;stats/incr/minabs;stats/incr/mmaxabs
stats/incr/mcovariance,Compute a moving unbiased sample covariance incrementally.,incrmcovariance,Function,false,false,false,stats/incr/covariance;stats/incr/mpcorr;stats/incr/mvariance
stats/incr/mcv,Compute a moving coefficient of variation (CV) incrementally.,incrmcv,Function,false,false,false,stats/incr/cv;stats/incr/mmean;stats/incr/mstdev;stats/incr/mvmr
stats/incr/mda,Compute the mean directional accuracy (MDA) incrementally.,incrmda,Function,false,false,false,stats/incr/mape;stats/incr/mmda
stats/incr/me,Compute the mean error (ME) incrementally.,incrme,Function,false,false,false,stats/incr/mae;stats/incr/mean;stats/incr/mme
stats/incr/mean,Compute an arithmetic mean incrementally.,incrmean,Function,false,false,false,stats/incr/midrange;stats/incr/mmean;stats/incr/stdev;stats/incr/sum;stats/incr/summary;stats/incr/variance
stats/incr/meanabs,Compute an arithmetic mean of absolute values incrementally.,incrmeanabs,Function,false,false,false,stats/incr/mean;stats/incr/mmeanabs;stats/incr/sumabs
stats/incr/meanabs2,Compute an arithmetic mean of squared absolute values incrementally.,incrmeanabs2,Function,false,false,false,stats/incr/mean;stats/incr/meanabs;stats/incr/mmeanabs2;stats/incr/sumabs2
stats/incr/meanstdev,Compute an arithmetic mean and corrected sample standard deviation incrementally.,incrmeanstdev,Function,false,false,false,stats/incr/mean;stats/incr/meanvar;stats/incr/mmeanstdev;stats/incr/stdev
stats/incr/meanvar,Compute an arithmetic mean and unbiased sample variance incrementally.,incrmeanvar,Function,false,false,false,stats/incr/mean;stats/incr/meanstdev;stats/incr/mmeanvar;stats/incr/variance
stats/incr/mgmean,Compute a moving geometric mean incrementally.,incrmgmean,Function,false,false,false,stats/incr/gmean;stats/incr/mhmean;stats/incr/mmean
stats/incr/mgrubbs,Moving Grubbs' test for outliers.,incrmgrubbs,Function,false,false,false,stats/incr/grubbs
stats/incr/mhmean,Compute a moving harmonic mean incrementally.,incrmhmean,Function,false,false,false,stats/incr/hmean;stats/incr/mgmean;stats/incr/mmean
stats/incr/midrange,Compute a mid-range incrementally.,incrmidrange,Function,false,false,false,stats/incr/mean;stats/incr/max;stats/incr/min;stats/incr/range;stats/incr/summary
stats/incr/min,Compute a minimum value incrementally.,incrmin,Function,false,false,false,stats/incr/max;stats/incr/midrange;stats/incr/mmin;stats/incr/range;stats/incr/summary
stats/incr/minabs,Compute a minimum absolute value incrementally.,incrminabs,Function,false,false,false,stats/incr/maxabs;stats/incr/min;stats/incr/mminabs
stats/incr/minmax,Compute a minimum and maximum incrementally.,incrminmax,Function,false,false,false,stats/incr/max;stats/incr/min;stats/incr/mminmax;stats/incr/range
stats/incr/minmaxabs,Compute minimum and maximum absolute values incrementally.,incrminmaxabs,Function,false,false,false,stats/incr/maxabs;stats/incr/minabs;stats/incr/minmax;stats/incr/mminmaxabs
stats/incr/mmaape,Compute a moving arctangent mean absolute percentage error (MAAPE) incrementally.,incrmmaape,Function,false,false,false,stats/incr/maape;stats/incr/mmape;stats/incr/mmpe;stats/incr/mmean
stats/incr/mmae,Compute a moving mean absolute error (MAE) incrementally.,incrmmae,Function,false,false,false,stats/incr/mae;stats/incr/mme;stats/incr/mmean
stats/incr/mmape,Compute a moving mean absolute percentage error (MAPE) incrementally.,incrmmape,Function,false,false,false,stats/incr/mape;stats/incr/mmaape;stats/incr/mmpe;stats/incr/mmean
stats/incr/mmax,Compute a moving maximum incrementally.,incrmmax,Function,false,false,false,stats/incr/max;stats/incr/mmidrange;stats/incr/mmin;stats/incr/mrange;stats/incr/msummary
stats/incr/mmaxabs,Compute a moving maximum absolute value incrementally.,incrmmaxabs,Function,false,false,false,stats/incr/maxabs;stats/incr/mmax;stats/incr/mminabs
stats/incr/mmda,Compute a moving mean directional accuracy (MDA) incrementally.,incrmmda,Function,false,false,false,stats/incr/mda;stats/incr/mmape
stats/incr/mme,Compute a moving mean error (ME) incrementally.,incrmme,Function,false,false,false,stats/incr/me;stats/incr/mmae;stats/incr/mmean
stats/incr/mmean,Compute a moving arithmetic mean incrementally.,incrmmean,Function,false,false,false,stats/incr/mean;stats/incr/msum;stats/incr/mstdev;stats/incr/msummary;stats/incr/mvariance
stats/incr/mmeanabs,Compute a moving arithmetic mean of absolute values incrementally.,incrmmeanabs,Function,false,false,false,stats/incr/meanabs;stats/incr/mmean;stats/incr/msumabs
stats/incr/mmeanabs2,Compute a moving arithmetic mean of squared absolute values incrementally.,incrmmeanabs2,Function,false,false,false,stats/incr/meanabs2;stats/incr/mmeanabs;stats/incr/msumabs2
stats/incr/mmeanstdev,Compute a moving arithmetic mean and corrected sample standard deviation incrementally.,incrmmeanstdev,Function,false,false,false,stats/incr/meanstdev;stats/incr/mmean;stats/incr/mmeanvar;stats/incr/mstdev
stats/incr/mmeanvar,Compute a moving arithmetic mean and unbiased sample variance incrementally.,incrmmeanvar,Function,false,false,false,stats/incr/meanvar;stats/incr/mmean;stats/incr/mmeanstdev;stats/incr/mvariance
stats/incr/mmidrange,Compute a moving mid-range incrementally.,incrmmidrange,Function,false,false,false,stats/incr/mmean;stats/incr/mmax;stats/incr/mmin;stats/incr/mrange
stats/incr/mmin,Compute a moving minimum incrementally.,incrmmin,Function,false,false,false,stats/incr/min;stats/incr/mmax;stats/incr/mmidrange;stats/incr/mrange;stats/incr/msummary
stats/incr/mminabs,Compute a moving minimum absolute value incrementally.,incrmminabs,Function,false,false,false,stats/incr/minabs;stats/incr/mmaxabs;stats/incr/mmin
stats/incr/mminmax,Compute a moving minimum and maximum incrementally.,incrmminmax,Function,false,false,false,stats/incr/max;stats/incr/min;stats/incr/mmax;stats/incr/minmax;stats/incr/mmin;stats/incr/mrange
stats/incr/mminmaxabs,Compute moving minimum and maximum absolute values incrementally.,incrmminmaxabs,Function,false,false,false,stats/incr/minmaxabs;stats/incr/mmax;stats/incr/mmaxabs;stats/incr/mmin;stats/incr/mminabs;stats/incr/mminmax
stats/incr/mmpe,Compute a moving mean percentage error (MPE) incrementally.,incrmmpe,Function,false,false,false,stats/incr/mmape;stats/incr/mme;stats/incr/mpe
stats/incr/mmse,Compute a moving mean squared error (MSE) incrementally.,incrmmse,Function,false,false,false,stats/incr/mrmse;stats/incr/mrss;stats/incr/mse
stats/incr/mpcorr,Compute a moving sample Pearson product-moment correlation coefficient incrementally.,incrmpcorr,Function,false,false,false,stats/incr/mcovariance;stats/incr/mpcorrdist;stats/incr/pcorr
stats/incr/mpcorr2,Compute a moving squared sample Pearson product-moment correlation coefficient incrementally.,incrmpcorr2,Function,false,false,false,stats/incr/mapcorr;stats/incr/mpcorr;stats/incr/pcorr2
stats/incr/mpcorrdist,Compute a moving sample Pearson product-moment correlation distance incrementally.,incrmpcorrdist,Function,false,false,false,stats/incr/mpcorr;stats/incr/pcorrdist
stats/incr/mpe,Compute the mean percentage error (MPE) incrementally.,incrmpe,Function,false,false,false,stats/incr/mape;stats/incr/me;stats/incr/mmpe
stats/incr/mprod,Compute a moving product incrementally.,incrmprod,Function,false,false,false,stats/incr/msum;stats/incr/prod
stats/incr/mrange,Compute a moving range incrementally.,incrmrange,Function,false,false,false,stats/incr/mmax;stats/incr/mmean;stats/incr/mmin;stats/incr/msummary;stats/incr/range
stats/incr/mrmse,Compute a moving root mean squared error (RMSE) incrementally.,incrmrmse,Function,false,false,false,stats/incr/mmse;stats/incr/mrss;stats/incr/rmse
stats/incr/mrss,Compute a moving residual sum of squares (RSS) incrementally.,incrmrss,Function,false,false,false,stats/incr/rss;stats/incr/mmse;stats/incr/mrmse
stats/incr/mse,Compute the mean squared error (MSE) incrementally.,incrmse,Function,false,false,false,stats/incr/mmse;stats/incr/rmse;stats/incr/rss
stats/incr/mstdev,Compute a moving corrected sample standard deviation incrementally.,incrmstdev,Function,false,false,false,stats/incr/mmean;stats/incr/msummary;stats/incr/mvariance;stats/incr/stdev
stats/incr/msum,Compute a moving sum incrementally.,incrmsum,Function,false,false,false,stats/incr/mmean;stats/incr/msummary;stats/incr/sum
stats/incr/msumabs,Compute a moving sum of absolute values incrementally.,incrmsumabs,Function,false,false,false,stats/incr/mmeanabs;stats/incr/msum;stats/incr/sum;stats/incr/sumabs
stats/incr/msumabs2,Compute a moving sum of squared absolute values incrementally.,incrmsumabs2,Function,false,false,false,stats/incr/mmeanabs2;stats/incr/msumabs;stats/incr/sumabs;stats/incr/sumabs2
stats/incr/msummary,Compute a moving statistical summary incrementally.,incrmsummary,Function,false,false,false,stats/incr/mmean;stats/incr/mstdev;stats/incr/msum;stats/incr/mvariance;stats/incr/summary
stats/incr/msumprod,Compute a moving sum of products incrementally.,incrmsumprod,Function,false,false,false,stats/incr/mprod;stats/incr/msum;stats/incr/sumprod
stats/incr/mvariance,Compute a moving unbiased sample variance incrementally.,incrmvariance,Function,false,false,false,stats/incr/mmean;stats/incr/mstdev;stats/incr/msummary;stats/incr/variance
stats/incr/mvmr,Compute a moving variance-to-mean ratio (VMR) incrementally.,incrmvmr,Function,false,false,false,stats/incr/mmean;stats/incr/mvariance;stats/incr/vmr
stats/incr/nancount,"Compute a count incrementally, ignoring NaN values.",incrnancount,Function,false,false,false,stats/incr/nansum
stats/incr/nangmean,"Compute a geometric mean incrementally, ignoring NaN values.",,,false,false,false,
stats/incr/nanhmean,"Compute a harmonic mean incrementally, ignoring NaN values.",,,false,false,false,
stats/incr/nanmaxabs,"Compute a maximum absolute value incrementally, ignoring NaN values.",,,false,false,false,
stats/incr/nanmcv,"Compute a moving coefficient of variation (CV) incrementally, ignoring NaN values.",,,false,false,false,
stats/incr/nanmean,"Compute an arithmetic mean incrementally, ignoring NaN values.",,,false,false,false,
stats/incr/nanmeanabs,"Compute an arithmetic mean of absolute values incrementally, ignoring NaN values.",,,false,false,false,
stats/incr/nanmin,"Compute a minimum value incrementally, ignoring NaN values.",,,false,false,false,
stats/incr/nanmmape,"Compute a moving mean absolute percentage error (MAPE) incrementally, ignoring `NaN` values.",,,false,false,false,
stats/incr/nanmmse,"Compute a moving mean squared error (MSE) incrementally, ignoring NaN values.",,,false,false,false,
stats/incr/nanmstdev,"Compute a moving corrected sample standard deviation incrementally, ignoring NaN values.",,,false,false,false,
stats/incr/nanmsum,"Compute a moving sum incrementally, ignoring NaN values.",,,false,false,false,
stats/incr/nanskewness,"Compute a corrected sample skewness incrementally, ignoring NaN values.",,,false,false,false,
stats/incr/nanstdev,"Compute a corrected sample standard deviation incrementally, ignoring NaN values.",,,false,false,false,
stats/incr/nansum,"Compute a sum incrementally, ignoring NaN values.",incrnansum,Function,false,false,false,stats/incr/nansumabs;stats/incr/sum
stats/incr/nansumabs,"Compute a sum of absolute values incrementally, ignoring NaN values.",incrnansumabs,Function,false,false,false,stats/incr/nansum;stats/incr/nansumabs2;stats/incr/sumabs
stats/incr/nansumabs2,"Compute a sum of squared absolute values incrementally, ignoring NaN values.",incrnansumabs2,Function,false,false,false,stats/incr/nansum;stats/incr/nansumabs;stats/incr/sumabs2
stats/incr/nanvariance,"Compute an unbiased sample variance incrementally, ignoring NaN values.",,,false,false,false,
stats/incr,Incremental statistics.,,,false,false,false,
stats/incr/pcorr,Compute a sample Pearson product-moment correlation coefficient.,incrpcorr,Function,false,false,false,stats/incr/covariance;stats/incr/mpcorr;stats/incr/summary
stats/incr/pcorr2,Compute a squared sample Pearson product-moment correlation coefficient.,incrpcorr2,Function,false,false,false,stats/incr/apcorr;stats/incr/mpcorr2;stats/incr/pcorr
stats/incr/pcorrdist,Compute a sample Pearson product-moment correlation distance.,incrpcorrdist,Function,false,false,false,stats/incr/covariance;stats/incr/pcorr;stats/incr/summary
stats/incr/pcorrdistmat,Compute a sample Pearson product-moment correlation distance matrix incrementally.,incrpcorrdistmat,Function,false,false,false,stats/incr/pcorrdist;stats/incr/pcorrmat
stats/incr/pcorrmat,Compute a sample Pearson product-moment correlation matrix incrementally.,incrpcorrmat,Function,false,false,false,stats/incr/covmat;stats/incr/pcorr;stats/incr/pcorrdistmat
stats/incr/prod,Compute a product incrementally.,incrprod,Function,false,false,false,stats/incr/mprod;stats/incr/sum;stats/incr/summary
stats/incr/range,Compute a range incrementally.,incrrange,Function,false,false,false,stats/incr/max;stats/incr/mean;stats/incr/min;stats/incr/mrange;stats/incr/summary
stats/incr/rmse,Compute the root mean squared error (RMSE) incrementally.,incrrmse,Function,false,false,false,stats/incr/mrmse;stats/incr/mse;stats/incr/rss
stats/incr/rss,Compute the residual sum of squares (RSS) incrementally.,incrrss,Function,false,false,false,stats/incr/mrss;stats/incr/mse;stats/incr/rmse
stats/incr/skewness,Compute a corrected sample skewness incrementally.,incrskewness,Function,false,false,false,stats/incr/kurtosis;stats/incr/mean;stats/incr/stdev;stats/incr/summary;stats/incr/variance
stats/incr/stdev,Compute a corrected sample standard deviation incrementally.,incrstdev,Function,false,false,false,stats/incr/kurtosis;stats/incr/mean;stats/incr/mstdev;stats/incr/skewness;stats/incr/summary;stats/incr/variance
stats/incr/sum,Compute a sum incrementally.,incrsum,Function,false,false,false,stats/incr/count;stats/incr/mean;stats/incr/msum;stats/incr/prod;stats/incr/summary
stats/incr/sumabs,Compute a sum of absolute values incrementally.,incrsumabs,Function,false,false,false,stats/incr/meanabs;stats/incr/msumabs;stats/incr/sum
stats/incr/sumabs2,Compute a sum of squared absolute values incrementally.,incrsumabs2,Function,false,false,false,stats/incr/meanabs2;stats/incr/msumabs2;stats/incr/sumabs
stats/incr/summary,Compute a statistical summary incrementally.,incrsummary,Function,false,false,false,stats/incr/count;stats/incr/kurtosis;stats/incr/max;stats/incr/mean;stats/incr/midrange;stats/incr/min;stats/incr/msummary;stats/incr/range;stats/incr/skewness;stats/incr/stdev;stats/incr/sum;stats/incr/variance
stats/incr/sumprod,Compute a sum of products incrementally.,incrsumprod,Function,false,false,false,stats/incr/msumprod;stats/incr/prod;stats/incr/sum
stats/incr/variance,Compute an unbiased sample variance incrementally.,incrvariance,Function,false,false,false,stats/incr/kurtosis;stats/incr/mean;stats/incr/mstdev;stats/incr/skewness;stats/incr/stdev;stats/incr/summary
stats/incr/vmr,Compute a variance-to-mean ratio (VMR) incrementally.,incrvmr,Function,false,false,false,stats/incr/mean;stats/incr/mvmr;stats/incr/variance
stats/incr/wmean,Compute a weighted arithmetic mean incrementally.,incrwmean,Function,false,false,false,stats/incr/ewmean;stats/incr/mean;stats/incr/mmean
stats/iter/cugmean,Create an iterator which iteratively computes a cumulative geometric mean.,itercugmean,Function,false,false,false,stats/iter/cuhmean;stats/iter/cumean
stats/iter/cuhmean,Create an iterator which iteratively computes a cumulative harmonic mean.,itercuhmean,Function,false,false,false,stats/iter/cugmean;stats/iter/cumean
stats/iter/cumax,Create an iterator which iteratively computes a cumulative maximum value.,itercumax,Function,false,false,false,stats/iter/cumidrange;stats/iter/cumin;stats/iter/curange;stats/iter/max
stats/iter/cumaxabs,Create an iterator which iteratively computes a cumulative maximum absolute value.,itercumaxabs,Function,false,false,false,stats/iter/cumax;stats/iter/cuminabs;stats/iter/maxabs
stats/iter/cumean,Create an iterator which iteratively computes a cumulative arithmetic mean.,itercumean,Function,false,false,false,stats/iter/cumidrange;stats/iter/cusum;stats/iter/mean
stats/iter/cumeanabs,Create an iterator which iteratively computes a cumulative arithmetic mean of absolute values.,itercumeanabs,Function,false,false,false,stats/iter/cumean;stats/iter/cumeanabs2;stats/iter/cusumabs;stats/iter/meanabs
stats/iter/cumeanabs2,Create an iterator which iteratively computes a cumulative arithmetic mean of squared absolute values.,itercumeanabs2,Function,false,false,false,stats/iter/cumean;stats/iter/cumeanabs;stats/iter/cusumabs2;stats/iter/meanabs2
stats/iter/cumidrange,Create an iterator which iteratively computes a cumulative mid-range.,itercumidrange,Function,false,false,false,stats/iter/cumean;stats/iter/cumax;stats/iter/cumin;stats/iter/curange;stats/iter/midrange
stats/iter/cumin,Create an iterator which iteratively computes a cumulative minimum value.,itercumin,Function,false,false,false,stats/iter/cumax;stats/iter/cumidrange;stats/iter/curange;stats/iter/min
stats/iter/cuminabs,Create an iterator which iteratively computes a cumulative minimum absolute value.,itercuminabs,Function,false,false,false,stats/iter/cumaxabs;stats/iter/cumin;stats/iter/minabs
stats/iter/cuprod,Create an iterator which iteratively computes a cumulative product.,itercuprod,Function,false,false,false,stats/iter/cusum;stats/iter/prod
stats/iter/curange,Create an iterator which iteratively computes a cumulative range.,itercurange,Function,false,false,false,stats/iter/cumax;stats/iter/cumean;stats/iter/cumin;stats/iter/range
stats/iter/cusum,Create an iterator which iteratively computes a cumulative sum.,itercusum,Function,false,false,false,stats/iter/cumean;stats/iter/sum;stats/iter/cuprod
stats/iter/cusumabs,Create an iterator which iteratively computes a cumulative sum of absolute values.,itercusumabs,Function,false,false,false,stats/iter/cumeanabs;stats/iter/cusum;stats/iter/sumabs
stats/iter/cusumabs2,Create an iterator which iteratively computes a cumulative sum of squared absolute values.,itercusumabs2,Function,false,false,false,stats/iter/cumeanabs2;stats/iter/cusumabs;stats/iter/sumabs2
stats/iter/max,Compute the maximum value of all iterated values.,itermax,Function,false,false,false,stats/iter/midrange;stats/iter/min;stats/iter/mmax;stats/iter/range
stats/iter/maxabs,Compute the maximum absolute value of all iterated values.,itermaxabs,Function,false,false,false,stats/iter/max;stats/iter/minabs;stats/iter/mmaxabs
stats/iter/mean,Compute the arithmetic mean over all iterated values.,itermean,Function,false,false,false,stats/iter/midrange;stats/iter/mmean;stats/iter/stdev;stats/iter/sum;stats/iter/variance
stats/iter/meanabs,Compute the arithmetic mean of absolute values for all iterated values.,itermeanabs,Function,false,false,false,stats/iter/mean;stats/iter/mmeanabs;stats/iter/sumabs
stats/iter/meanabs2,Compute the arithmetic mean of squared absolute values for all iterated values.,itermeanabs2,Function,false,false,false,stats/iter/mean;stats/iter/meanabs;stats/iter/mmeanabs2;stats/iter/sumabs2
stats/iter/midrange,Compute the mid-range of all iterated values.,itermidrange,Function,false,false,false,stats/iter/mean;stats/iter/max;stats/iter/min;stats/iter/range
stats/iter/min,Compute the minimum value of all iterated values.,itermin,Function,false,false,false,stats/iter/max;stats/iter/midrange;stats/iter/mmin;stats/iter/range
stats/iter/minabs,Compute the minimum absolute value of all iterated values.,iterminabs,Function,false,false,false,stats/iter/maxabs;stats/iter/min;stats/iter/mminabs
stats/iter/mmax,Create an iterator which iteratively computes a moving maximum value.,itermmax,Function,false,false,false,stats/iter/max;stats/iter/mmidrange;stats/iter/mmin;stats/iter/mrange
stats/iter/mmaxabs,Create an iterator which iteratively computes a moving maximum absolute value.,itermmaxabs,Function,false,false,false,stats/iter/maxabs;stats/iter/mmax;stats/iter/mminabs
stats/iter/mmean,Create an iterator which iteratively computes a moving arithmetic mean.,itermmean,Function,false,false,false,stats/iter/mean;stats/iter/msum
stats/iter/mmeanabs,Create an iterator which iteratively computes a moving arithmetic mean of absolute values.,itermmeanabs,Function,false,false,false,stats/iter/meanabs;stats/iter/mmean;stats/iter/msumabs
stats/iter/mmeanabs2,Create an iterator which iteratively computes a moving arithmetic mean of squared absolute values.,itermmeanabs2,Function,false,false,false,stats/iter/meanabs2;stats/iter/mmeanabs;stats/iter/msumabs2
stats/iter/mmidrange,Create an iterator which iteratively computes a moving mid-range.,itermmidrange,Function,false,false,false,stats/iter/midrange;stats/iter/mmean;stats/iter/mmax;stats/iter/mmin;stats/iter/mrange
stats/iter/mmin,Create an iterator which iteratively computes a moving minimum value.,itermmin,Function,false,false,false,stats/iter/min;stats/iter/mmax;stats/iter/mmidrange;stats/iter/mrange
stats/iter/mminabs,Create an iterator which iteratively computes a moving minimum absolute value.,itermminabs,Function,false,false,false,stats/iter/minabs;stats/iter/mmaxabs;stats/iter/mmin
stats/iter/mprod,Create an iterator which iteratively computes a moving product.,itermprod,Function,false,false,false,stats/iter/msum;stats/iter/prod
stats/iter/mrange,Create an iterator which iteratively computes a moving range.,itermrange,Function,false,false,false,stats/iter/mmax;stats/iter/mmean;stats/iter/mmin;stats/iter/range
stats/iter/msum,Create an iterator which iteratively computes a moving sum.,itermsum,Function,false,false,false,stats/iter/mmean;stats/iter/sum
stats/iter/msumabs,Create an iterator which iteratively computes a moving sum of absolute values.,itermsumabs,Function,false,false,false,stats/iter/mmeanabs;stats/iter/msum;stats/iter/sum;stats/iter/sumabs
stats/iter/msumabs2,Create an iterator which iteratively computes a moving sum of squared absolute values.,itermsumabs2,Function,false,false,false,stats/iter/mmeanabs2;stats/iter/msumabs;stats/iter/sumabs;stats/iter/sumabs2
stats/iter,Statistical function iterators.,,,false,false,false,
stats/iter/prod,Compute the product of all iterated values.,iterprod,Function,false,false,false,stats/iter/mprod;stats/iter/sum
stats/iter/range,Compute the range of all iterated values.,iterrange,Function,false,false,false,stats/iter/max;stats/iter/mean;stats/iter/min;stats/iter/mrange
stats/iter/stdev,Compute the corrected sample standard deviation over all iterated values.,iterstdev,Function,false,false,false,stats/iter/mean;stats/iter/variance
stats/iter/sum,Compute the sum of all iterated values.,itersum,Function,false,false,false,stats/iter/mean;stats/iter/msum;stats/iter/prod
stats/iter/sumabs,Compute the sum of absolute values for all iterated values.,itersumabs,Function,false,false,false,stats/iter/meanabs;stats/iter/msumabs;stats/iter/sum
stats/iter/sumabs2,Compute the sum of squared absolute values for all iterated values.,itersumabs2,Function,false,false,false,stats/iter/meanabs2;stats/iter/msumabs2;stats/iter/sumabs
stats/iter/variance,Compute the unbiased sample variance over all iterated values.,itervariance,Function,false,false,false,stats/iter/mean;stats/iter/stdev
stats/kde2d,Two-dimensional kernel density estimation.,kde2d,Function,false,false,false,
stats/kruskal-test,Compute the Kruskal-Wallis test for equal medians.,kruskalTest,Function,false,false,false,
stats/kstest,One-sample Kolmogorov-Smirnov goodness-of-fit test.,kstest,Function,false,false,false,
stats/levene-test,Levene's test for equal variances.,leveneTest,Function,false,false,false,stats/vartest;stats/bartlett-test
stats/lowess,Locally-weighted polynomial regression via the LOWESS algorithm.,lowess,Function,false,false,false,
stats/max-by,Compute the maximum value along one or more ndarray dimensions according to a callback function.,,,false,false,false,
stats/max,Compute the maximum value along one or more ndarray dimensions.,,,false,false,false,
stats/maxabs,Compute the maximum absolute value along one or more ndarray dimensions.,,,false,false,false,
stats/maxsorted,Compute the maximum value along one or more sorted ndarray dimensions.,,,false,false,false,
stats/mean,Compute the arithmetic mean along one or more ndarray dimensions.,,,false,false,false,
stats/meankbn,Compute the arithmetic mean along one or more ndarray dimensions using an improved Kahan–Babuška algorithm.,,,false,false,false,
stats/meankbn2,Compute the arithmetic mean along one or more ndarray dimensions using a second-order iterative Kahan–Babuška algorithm.,,,false,false,false,
stats/meanors,Compute the arithmetic mean along one or more ndarray dimensions using ordinary recursive summation.,,,false,false,false,
stats/meanpn,Compute the arithmetic mean along one or more ndarray dimensions using a two-pass error correction algorithm.,,,false,false,false,
stats/meanpw,Compute the arithmetic mean along one or more ndarray dimensions using pairwise summation.,,,false,false,false,
stats/meanwd,Compute the arithmetic mean along one or more ndarray dimensions using Welford's algorithm.,,,false,false,false,
stats/mediansorted,Compute the median value along one or more sorted ndarray dimensions.,,,false,false,false,
stats/midrange-by,Compute the mid-range along one or more ndarray dimensions according to a callback function.,,,false,false,false,
stats/midrange,Compute the mid-range along one or more ndarray dimensions.,,,false,false,false,
stats/min-by,Compute the minimum value along one or more ndarray dimensions according to a callback function.,,,false,false,false,
stats/min,Compute the minimum value along one or more ndarray dimensions.,,,false,false,false,
stats/minabs,Compute the minimum absolute value along one or more ndarray dimensions.,,,false,false,false,
stats/minsorted,Compute the minimum value along one or more sorted ndarray dimensions.,,,false,false,false,
stats/nanmax-by,"Compute the maximum value along one or more ndarray dimensions according to a callback function, ignoring NaN values.",,,false,false,false,
stats/nanmax,"Compute the maximum value along one or more ndarray dimensions, ignoring `NaN` values.",,,false,false,false,
stats/nanmaxabs,"Compute the maximum absolute value along one or more ndarray dimensions, ignoring `NaN` values.",,,false,false,false,
stats/nanmean,"Compute the arithmetic mean along one or more ndarray dimensions, ignoring `NaN` values.",,,false,false,false,
stats/nanmeanors,"Compute the arithmetic mean along one or more ndarray dimensions, ignoring `NaN` values and using ordinary recursive summation.",,,false,false,false,
stats/nanmeanpn,"Compute the arithmetic mean along one or more ndarray dimensions, ignoring `NaN` values and using a two-pass error correction algorithm.",,,false,false,false,
stats/nanmeanwd,"Compute the arithmetic mean along one or more ndarray dimensions, ignoring `NaN` values and using Welford's algorithm.",,,false,false,false,
stats/nanmidrange-by,"Compute the mid-range along one or more ndarray dimensions according to a callback function, ignoring NaN values.",,,false,false,false,
stats/nanmidrange,"Compute the mid-range along one or more ndarray dimensions, ignoring NaN values.",,,false,false,false,
stats/nanmin-by,"Compute the minimum value along one or more ndarray dimensions according to a callback function, ignoring NaN values.",,,false,false,false,
stats/nanmin,"Compute the minimum value along one or more ndarray dimensions, ignoring `NaN` values.",,,false,false,false,
stats/nanminabs,"Compute the minimum absolute value along one or more ndarray dimensions, ignoring `NaN` values.",,,false,false,false,
stats/nanrange-by,"Compute the range along one or more ndarray dimensions according to a callback function, ignoring NaN values.",,,false,false,false,
stats/nanrange,"Compute the range along one or more ndarray dimensions, ignoring `NaN` values.",,,false,false,false,
stats,Standard library statistical functions.,,,false,false,false,
stats/padjust,Adjust supplied p-values for multiple comparisons via a specified method.,padjust,Function,false,false,false,
stats/pcorrtest,Compute a Pearson product-moment correlation test between paired samples.,pcorrtest,Function,false,false,false,
stats/range-by,Compute the range along one or more ndarray dimensions according to a callback function.,,,false,false,false,
stats/range,Compute the range along one or more ndarray dimensions.,,,false,false,false,
stats/rangeabs,Compute the range of absolute values along one or more ndarray dimensions.,,,false,false,false,
stats/ranks,Compute ranks for values of an array-like object.,ranks,Function,false,false,false,
stats/strided/covarmtk,Calculate the covariance of two strided arrays provided known means and using a one-pass textbook algorithm.,,,false,false,false,
stats/strided/dcovarmtk,Calculate the covariance of two double-precision floating-point strided arrays provided known means and using a one-pass textbook algorithm.,,,false,true,false,
stats/strided/dcovmatmtk,Compute the covariance matrix for an `M` by `N` double-precision floating-point matrix `A` and assigns the results to a matrix `B` when provided known means and using a one-pass textbook algorithm.,,,false,true,false,
stats/strided/dcumax,Calculate the cumulative maximum of double-precision floating-point strided array elements.,base.strided.dcumax,Function,false,true,false,stats/base/cumax;stats/strided/dcumin;stats/strided/scumax
stats/strided/dcumaxabs,Calculate the cumulative maximum absolute value of double-precision floating-point strided array elements.,base.strided.dcumaxabs,Function,false,true,false,stats/base/cumaxabs;stats/strided/dcumax;stats/strided/dcuminabs;stats/strided/scumaxabs
stats/strided/dcumin,Calculate the cumulative minimum of double-precision floating-point strided array elements.,base.strided.dcumin,Function,false,true,false,stats/base/cumin;stats/strided/dcumax;stats/strided/scumin
stats/strided/dcuminabs,Calculate the cumulative minimum absolute value of double-precision floating-point strided array elements.,base.strided.dcuminabs,Function,false,true,false,stats/base/cuminabs;stats/strided/dcumaxabs;stats/strided/dcumin;stats/strided/scuminabs
stats/strided/distances/dchebyshev,Compute the Chebyshev distance between two double-precision floating-point strided arrays.,,,false,true,false,
stats/strided/distances/dcityblock,Compute the city block (Manhattan) distance between two double-precision floating-point strided arrays.,,,false,true,false,
stats/strided/distances/dcosine-distance,Compute the cosine distance between two double-precision floating-point strided arrays.,,,false,true,false,
stats/strided/distances/dcosine-similarity,Compute the cosine similarity of two double-precision floating-point strided arrays.,,,false,true,false,
stats/strided/distances/deuclidean,Compute the Euclidean distance between two double-precision floating-point strided arrays.,,,false,true,false,
stats/strided/distances/dminkowski,Compute the Minkowski distance between two double-precision floating-point strided arrays.,,,false,true,false,
stats/strided/distances/dsquared-euclidean,Compute the squared Euclidean distance between two double-precision floating-point strided arrays.,,,false,true,false,
stats/strided/distances,Distance metrics for strided arrays.,,,false,false,false,
stats/strided/dmax,Calculate the maximum value of a double-precision floating-point strided array.,base.strided.dmax,Function,false,true,false,stats/strided/dmin;stats/strided/dnanmax;stats/strided/max;stats/strided/smax
stats/strided/dmaxabs,Calculate the maximum absolute value of a double-precision floating-point strided array.,base.strided.dmaxabs,Function,false,true,false,stats/strided/dmax;stats/strided/dminabs;stats/strided/dnanmaxabs;stats/strided/maxabs;stats/strided/smaxabs
stats/strided/dmaxabssorted,Calculate the maximum absolute value of a sorted double-precision floating-point strided array.,base.strided.dmaxabssorted,Function,false,true,false,stats/strided/dmaxabs;stats/strided/dmaxsorted;stats/strided/smaxabssorted
stats/strided/dmaxsorted,Calculate the maximum value of a sorted double-precision floating-point strided array.,base.strided.dmaxsorted,Function,false,true,false,stats/strided/dmax;stats/strided/dminsorted;stats/strided/maxsorted;stats/strided/smaxsorted
stats/strided/dmean,Calculate the arithmetic mean of a double-precision floating-point strided array.,base.strided.dmean,Function,false,true,false,stats/strided/dnanmean;stats/strided/mean;stats/strided/smean
stats/strided/dmeankbn,Calculate the arithmetic mean of a double-precision floating-point strided array using an improved Kahan–Babuška algorithm.,base.strided.dmeankbn,Function,false,true,false,stats/strided/dmean;stats/strided/meankbn;stats/strided/smeankbn
stats/strided/dmeankbn2,Calculate the arithmetic mean of a double-precision floating-point strided array using a second-order iterative Kahan–Babuška algorithm.,base.strided.dmeankbn2,Function,false,true,false,stats/strided/dmean;stats/strided/meankbn2;stats/strided/smeankbn2
stats/strided/dmeanli,Calculate the arithmetic mean of a double-precision floating-point strided array using a one-pass trial mean algorithm.,base.strided.dmeanli,Function,false,true,false,stats/strided/dmean;stats/strided/dmeanlipw;stats/strided/smeanli
stats/strided/dmeanlipw,Calculate the arithmetic mean of a double-precision floating-point strided array using a one-pass trial mean algorithm with pairwise summation.,base.strided.dmeanlipw,Function,false,true,false,stats/strided/dmean;stats/strided/dmeanli;stats/strided/dmeanpw;stats/strided/smeanlipw
stats/strided/dmeanors,Calculate the arithmetic mean of a double-precision floating-point strided array using ordinary recursive summation.,base.strided.dmeanors,Function,false,true,false,stats/strided/dmean;stats/strided/dnanmeanors;stats/strided/meanors;stats/strided/smeanors
stats/strided/dmeanpn,Calculate the arithmetic mean of a double-precision floating-point strided array using a two-pass error correction algorithm.,base.strided.dmeanpn,Function,false,true,false,stats/strided/dmean;stats/strided/dnanmeanpn;stats/strided/meanpn;stats/strided/smeanpn
stats/strided/dmeanpw,Calculate the arithmetic mean of a double-precision floating-point strided array using pairwise summation.,base.strided.dmeanpw,Function,false,true,false,stats/strided/dmean;stats/strided/dnanmeanpw;stats/strided/meanpw;stats/strided/smeanpw
stats/strided/dmeanstdev,Calculate the mean and standard deviation of a double-precision floating-point strided array.,base.strided.dmeanstdev,Function,false,true,false,stats/strided/dmean;stats/strided/dmeanvar;stats/strided/dstdev
stats/strided/dmeanstdevpn,Calculate the mean and standard deviation of a double-precision floating-point strided array using a two-pass algorithm.,base.strided.dmeanstdevpn,Function,false,true,false,stats/strided/dmeanpn;stats/strided/dmeanstdev;stats/strided/dmeanvarpn;stats/strided/dstdevpn
stats/strided/dmeanvar,Calculate the mean and variance of a double-precision floating-point strided array.,base.strided.dmeanvar,Function,false,true,false,stats/strided/dmean;stats/strided/dvariance
stats/strided/dmeanvarpn,Calculate the mean and variance of a double-precision floating-point strided array using a two-pass algorithm.,base.strided.dmeanvarpn,Function,false,true,false,stats/strided/dmeanpn;stats/strided/dmeanstdevpn;stats/strided/dmeanvar;stats/strided/dvariancepn
stats/strided/dmeanwd,Calculate the arithmetic mean of a double-precision floating-point strided array using Welford's algorithm.,base.strided.dmeanwd,Function,false,true,false,stats/strided/dmean;stats/strided/dnanmeanwd;stats/strided/meanwd;stats/strided/smeanwd
stats/strided/dmediansorted,Calculate the median value of a sorted double-precision floating-point strided array.,base.strided.dmediansorted,Function,false,true,false,stats/strided/dmean;stats/strided/mediansorted;stats/strided/smediansorted
stats/strided/dmidrange,Calculate the mid-range of a double-precision floating-point strided array.,base.strided.dmidrange,Function,false,true,false,stats/strided/dmax;stats/strided/dmean;stats/strided/dmin;stats/strided/drange;stats/strided/smidrange
stats/strided/dmin,Calculate the minimum value of a double-precision floating-point strided array.,base.strided.dmin,Function,false,true,false,stats/strided/dmax;stats/strided/dnanmin;stats/strided/min;stats/strided/smin
stats/strided/dminabs,Calculate the minimum absolute value of a double-precision floating-point strided array.,base.strided.dminabs,Function,false,true,false,stats/strided/dmin;stats/strided/dmaxabs;stats/strided/dnanminabs;stats/strided/minabs;stats/strided/sminabs
stats/strided/dminsorted,Calculate the minimum value of a sorted double-precision floating-point strided array.,base.strided.dminsorted,Function,false,true,false,stats/strided/dmin;stats/strided/dmaxsorted;stats/strided/minsorted;stats/strided/sminsorted
stats/strided/dmskmax,Calculate the maximum value of a double-precision floating-point strided array according to a mask.,base.strided.dmskmax,Function,false,true,false,stats/strided/dmax;stats/strided/dmskmin;stats/strided/dnanmax;stats/strided/dnanmskmax;stats/strided/mskmax;stats/strided/smskmax
stats/strided/dmskmaxabs,Calculate the maximum absolute value of a double-precision floating-point strided array according to a mask.,,,false,true,false,
stats/strided/dmskmidrange,Calculate the mid-range of a double-precision floating-point strided array according to a mask.,,,false,true,false,
stats/strided/dmskmin,Calculate the minimum value of a double-precision floating-point strided array according to a mask.,base.strided.dmskmin,Function,false,true,false,stats/strided/dmin;stats/strided/dmskmax;stats/strided/dnanmin;stats/strided/dnanmskmin;stats/strided/mskmin;stats/strided/smskmin
stats/strided/dmskrange,Calculate the range of a double-precision floating-point strided array according to a mask.,base.strided.dmskrange,Function,false,true,false,stats/strided/dmskmax;stats/strided/dmskmin;stats/strided/dnanrange;stats/strided/drange;stats/strided/mskrange;stats/strided/smskrange
stats/strided/dnanmax,"Calculate the maximum value of a double-precision floating-point strided array, ignoring NaN values.",base.strided.dnanmax,Function,false,true,false,stats/strided/dmax;stats/strided/dnanmin;stats/strided/nanmax;stats/strided/snanmax
stats/strided/dnanmaxabs,"Calculate the maximum absolute value of a double-precision floating-point strided array, ignoring NaN values.",base.strided.dnanmaxabs,Function,false,true,false,stats/strided/dmaxabs;stats/strided/dnanmax;stats/strided/dnanminabs;stats/strided/nanmaxabs;stats/strided/snanmaxabs
stats/strided/dnanmean,"Calculate the arithmetic mean of a double-precision floating-point strided array, ignoring NaN values.",base.strided.dnanmean,Function,false,true,false,stats/strided/dmean;stats/strided/nanmean;stats/strided/snanmean
stats/strided/dnanmeanors,"Calculate the arithmetic mean of a double-precision floating-point strided array, ignoring NaN values and using ordinary recursive summation.",base.strided.dnanmeanors,Function,false,true,false,stats/strided/dmeanors;stats/strided/dnanmean;stats/strided/nanmeanors;stats/strided/snanmeanors
stats/strided/dnanmeanpn,"Calculate the arithmetic mean of a double-precision floating-point strided array, ignoring NaN values and using a two-pass error correction algorithm.",base.strided.dnanmeanpn,Function,false,true,false,stats/strided/dmeanpn;stats/strided/dnanmean;stats/strided/nanmeanpn;stats/strided/snanmeanpn
stats/strided/dnanmeanpw,"Calculate the arithmetic mean of a double-precision floating-point strided array, ignoring NaN values and using pairwise summation.",base.strided.dnanmeanpw,Function,false,true,false,stats/strided/dmeanpw;stats/strided/dnanmean
stats/strided/dnanmeanwd,"Calculate the arithmetic mean of a double-precision floating-point strided array, using Welford's algorithm and ignoring NaN values.",base.strided.dnanmeanwd,Function,false,true,false,stats/strided/dmeanwd;stats/strided/dnanmean;stats/strided/nanmeanwd;stats/strided/snanmeanwd
stats/strided/dnanmidrange,"Calculate the mid-range of a double-precision floating-point strided array, ignoring NaN values.",,,false,true,false,
stats/strided/dnanmin,"Calculate the minimum value of a double-precision floating-point strided array, ignoring NaN values.",base.strided.dnanmin,Function,false,true,false,stats/strided/dmin;stats/strided/dnanmax;stats/strided/nanmin;stats/strided/snanmin
stats/strided/dnanminabs,"Calculate the minimum absolute value of a double-precision floating-point strided array, ignoring NaN values.",base.strided.dnanminabs,Function,false,true,false,stats/strided/dminabs;stats/strided/dnanmaxabs;stats/strided/dnanmin;stats/strided/nanminabs;stats/strided/snanminabs
stats/strided/dnanmskmax,"Calculate the maximum value of a double-precision floating-point strided array according to a mask, ignoring NaN values.",base.strided.dnanmskmax,Function,false,true,false,stats/strided/dmskmax;stats/strided/dnanmax;stats/strided/dnanmskmin;stats/strided/nanmskmax;stats/strided/snanmskmax
stats/strided/dnanmskmaxabs,"Calculate the maximum absolute value of a double-precision floating-point strided array according to a mask, ignoring NaN values.",,,false,true,false,
stats/strided/dnanmskmidrange,"Calculate the mid-range of a double-precision floating-point strided array according to a mask, ignoring NaN values.",,,false,true,false,
stats/strided/dnanmskmin,"Calculate the minimum value of a double-precision floating-point strided array according to a mask, ignoring NaN values.",base.strided.dnanmskmin,Function,false,true,false,stats/strided/dmskmin;stats/strided/dnanmin;stats/strided/dnanmskmax;stats/strided/nanmskmin;stats/strided/snanmskmin
stats/strided/dnanmskminabs,"Calculate the minimum absolute value of a double-precision floating-point strided array according to a mask, ignoring NaN values.",,,false,true,false,
stats/strided/dnanmskrange,"Calculate the range of a double-precision floating-point strided array according to a mask, ignoring NaN values.",base.strided.dnanmskrange,Function,false,true,false,stats/strided/dmskrange;stats/strided/dnanrange;stats/strided/dnanmskmax;stats/strided/dnanmskmin;stats/strided/nanmskrange;stats/strided/snanmskrange
stats/strided/dnanrange,"Calculate the range of a double-precision floating-point strided array, ignoring NaN values.",base.strided.dnanrange,Function,false,true,false,stats/strided/dnanmax;stats/strided/dnanmin;stats/strided/drange;stats/strided/nanrange;stats/strided/snanrange
stats/strided/dnanrangeabs,"Compute the range of absolute values of a double-precision floating-point strided array, ignoring NaN values.",,,false,true,false,
stats/strided/dnanstdev,Calculate the standard deviation of a double-precision floating-point strided array ignoring NaN values.,base.strided.dnanstdev,Function,false,true,false,stats/strided/dnanvariance;stats/strided/dstdev;stats/strided/nanstdev;stats/base/snanstdev
stats/strided/dnanstdevch,Calculate the standard deviation of a double-precision floating-point strided array ignoring NaN values and using a one-pass trial mean algorithm.,base.strided.dnanstdevch,Function,false,true,false,stats/strided/dnanstdev;stats/strided/dnanvariancech;stats/strided/dstdevch;stats/strided/nanstdevch;stats/base/snanstdevch
stats/strided/dnanstdevpn,Calculate the standard deviation of a double-precision floating-point strided array ignoring NaN values and using a two-pass algorithm.,base.strided.dnanstdevpn,Function,false,true,false,stats/strided/dnanstdev;stats/strided/dnanvariancepn;stats/strided/dstdevpn;stats/strided/nanstdevpn;stats/base/snanstdevpn
stats/strided/dnanstdevtk,Calculate the standard deviation of a double-precision floating-point strided array ignoring NaN values and using a one-pass textbook algorithm.,base.strided.dnanstdevtk,Function,false,true,false,stats/strided/dnanstdev;stats/strided/dnanvariancetk;stats/strided/dstdevtk;stats/strided/nanstdevtk;stats/base/snanstdevtk
stats/strided/dnanstdevwd,Calculate the standard deviation of a double-precision floating-point strided array ignoring NaN values and using Welford's algorithm.,base.strided.dnanstdevwd,Function,false,true,false,stats/strided/dnanstdev;stats/strided/dnanvariancewd;stats/strided/dstdevwd;stats/strided/nanstdevwd;stats/base/snanstdevwd
stats/strided/dnanstdevyc,Calculate the standard deviation of a double-precision floating-point strided array ignoring NaN values and using a one-pass algorithm proposed by Youngs and Cramer.,base.strided.dnanstdevyc,Function,false,true,false,stats/strided/dnanstdev;stats/strided/dnanvarianceyc;stats/strided/dstdevyc;stats/strided/nanstdevyc;stats/base/snanstdevyc
stats/strided/dnanvariance,Calculate the variance of a double-precision floating-point strided array ignoring NaN values.,base.strided.dnanvariance,Function,false,true,false,stats/strided/dnanstdev;stats/strided/dvariance;stats/strided/nanvariance;stats/base/snanvariance
stats/strided/dnanvariancech,Calculate the variance of a double-precision floating-point strided array ignoring NaN values and using a one-pass trial mean algorithm.,base.strided.dnanvariancech,Function,false,true,false,stats/strided/dvariancech;stats/strided/dnanvariance;stats/strided/nanvariancech;stats/base/snanvariancech
stats/strided/dnanvariancepn,Calculate the variance of a double-precision floating-point strided array ignoring NaN values and using a two-pass algorithm.,base.strided.dnanvariancepn,Function,false,true,false,stats/strided/dvariancepn;stats/strided/dnanvariance;stats/strided/nanvariancepn;stats/base/snanvariancepn
stats/strided/dnanvariancetk,Calculate the variance of a double-precision floating-point strided array ignoring NaN values and using a one-pass textbook algorithm.,base.strided.dnanvariancetk,Function,false,true,false,stats/strided/dvariancetk;stats/strided/dnanvariance;stats/strided/nanvariancetk;stats/base/snanvariancetk
stats/strided/dnanvariancewd,Calculate the variance of a double-precision floating-point strided array ignoring NaN values and using Welford's algorithm.,base.strided.dnanvariancewd,Function,false,true,false,stats/strided/dvariancewd;stats/strided/dnanvariance;stats/strided/nanvariancewd;stats/base/snanvariancewd
stats/strided/dnanvarianceyc,Calculate the variance of a double-precision floating-point strided array ignoring NaN values and using a one-pass algorithm proposed by Youngs and Cramer.,base.strided.dnanvarianceyc,Function,false,true,false,stats/strided/dvarianceyc;stats/strided/dnanvariance;stats/strided/nanvarianceyc;stats/base/snanvarianceyc
stats/strided/dpcorrwd,Calculate the Pearson correlation coefficient of two double-precision floating-point strided arrays using Welford's algorithm.,,,false,true,false,
stats/strided/drange,Calculate the range of a double-precision floating-point strided array.,base.strided.drange,Function,false,true,false,stats/strided/dmax;stats/strided/dmin;stats/strided/dnanrange;stats/strided/range;stats/strided/srange
stats/strided/drangeabs,Compute the range of absolute values of a double-precision floating-point strided array.,,,false,true,false,
stats/strided/dsem,Calculate the standard error of the mean for a double-precision floating-point strided array.,base.strided.dsem,Function,false,true,false,stats/strided/dstdev
stats/strided/dsemch,Calculate the standard error of the mean for a double-precision floating-point strided array using a one-pass trial mean algorithm.,base.strided.dsemch,Function,false,true,false,stats/strided/dsem;stats/strided/dstdevch
stats/strided/dsempn,Calculate the standard error of the mean for a double-precision floating-point strided array using a two-pass algorithm.,base.strided.dsempn,Function,false,true,false,stats/strided/dsem;stats/strided/dstdevpn
stats/strided/dsemtk,Calculate the standard error of the mean for a double-precision floating-point strided array using a one-pass textbook algorithm.,base.strided.dsemtk,Function,false,true,false,stats/strided/dsem;stats/strided/dstdevtk
stats/strided/dsemwd,Calculate the standard error of the mean for a double-precision floating-point strided array using Welford's algorithm.,base.strided.dsemwd,Function,false,true,false,stats/strided/dsem;stats/strided/dstdevwd
stats/strided/dsemyc,Calculate the standard error of the mean for a double-precision floating-point strided array using a one-pass algorithm proposed by Youngs and Cramer.,base.strided.dsemyc,Function,false,true,false,stats/strided/dsem;stats/strided/dstdevyc
stats/strided/dsmean,Calculate the arithmetic mean of a single-precision floating-point strided array using extended accumulation and returning an extended precision result.,base.strided.dsmean,Function,false,true,false,stats/strided/dmean;stats/strided/dsnanmean;stats/strided/mean;stats/strided/sdsmean;stats/strided/smean
stats/strided/dsmeanors,Calculate the arithmetic mean of a single-precision floating-point strided array using ordinary recursive summation with extended accumulation and returning an extended precision result.,base.strided.dsmeanors,Function,false,true,false,stats/strided/dmeanors;stats/strided/dsmean;stats/strided/dsnanmeanors;stats/strided/meanors;stats/strided/smeanors
stats/strided/dsmeanpn,Calculate the arithmetic mean of a single-precision floating-point strided array using a two-pass error correction algorithm with extended accumulation and returning an extended precision result.,base.strided.dsmeanpn,Function,false,true,false,stats/strided/dmeanpn;stats/strided/dsmean;stats/strided/dsnanmeanpn;stats/strided/meanpn;stats/strided/smeanpn
stats/strided/dsmeanpw,Calculate the arithmetic mean of a single-precision floating-point strided array using pairwise summation with extended accumulation and returning an extended precision result.,base.strided.dsmeanpw,Function,false,true,false,stats/strided/dmeanpw;stats/strided/dsmean;stats/strided/meanpw;stats/strided/smeanpw
stats/strided/dsmeanwd,Calculate the arithmetic mean of a single-precision floating-point strided array using Welford's algorithm with extended accumulation and returning an extended precision result.,base.strided.dsmeanwd,Function,false,true,false,stats/strided/dmeanwd;stats/strided/dsmean;stats/strided/dsnanmeanwd;stats/strided/meanwd;stats/strided/smeanwd
stats/strided/dsnanmean,"Calculate the arithmetic mean of a single-precision floating-point strided array, ignoring NaN values, using extended accumulation, and returning an extended precision result.",base.strided.dsnanmean,Function,false,true,false,stats/strided/dnanmean;stats/strided/dsmean;stats/strided/nanmean;stats/base/sdsnanmean;stats/strided/snanmean
stats/strided/dsnanmeanors,"Calculate the arithmetic mean of a single-precision floating-point strided array, ignoring NaN values, using ordinary recursive summation with extended accumulation, and returning an extended precision result.",base.strided.dsnanmeanors,Function,false,true,false,stats/strided/dnanmeanors;stats/strided/dsmeanors;stats/strided/dsnanmean;stats/strided/nanmeanors;stats/base/sdsnanmean;stats/strided/snanmeanors
stats/strided/dsnanmeanpn,"Calculate the arithmetic mean of a single-precision floating-point strided array, ignoring NaN values, using a two-pass error correction algorithm with extended accumulation, and returning an extended precision result.",base.strided.dsnanmeanpn,Function,false,true,false,stats/strided/dnanmeanpn;stats/strided/dsmeanpn;stats/strided/dsnanmean;stats/strided/nanmeanpn;stats/base/sdsnanmean;stats/strided/snanmeanpn
stats/strided/dsnanmeanwd,"Calculate the arithmetic mean of a single-precision floating-point strided array, ignoring NaN values, using Welford's algorithm with extended accumulation, and returning an extended precision result.",base.strided.dsnanmeanwd,Function,false,true,false,stats/strided/dnanmeanwd;stats/strided/dsmeanwd;stats/strided/dsnanmean;stats/strided/nanmeanwd;stats/base/sdsnanmean;stats/strided/snanmeanwd
stats/strided/dstdev,Calculate the standard deviation of a double-precision floating-point strided array.,base.strided.dstdev,Function,false,true,false,stats/strided/dnanstdev;stats/strided/dvariance;stats/strided/sstdev;stats/strided/stdev
stats/strided/dstdevch,Calculate the standard deviation of a double-precision floating-point strided array using a one-pass trial mean algorithm.,base.strided.dstdevch,Function,false,true,false,stats/strided/dnanstdevch;stats/strided/dstdev;stats/strided/dvariancech;stats/strided/sstdevch;stats/strided/stdevch
stats/strided/dstdevpn,Calculate the standard deviation of a double-precision floating-point strided array using a two-pass algorithm.,base.strided.dstdevpn,Function,false,true,false,stats/strided/dnanstdevpn;stats/strided/dstdev;stats/strided/dvariancepn;stats/strided/sstdevpn;stats/strided/stdevpn
stats/strided/dstdevtk,Calculate the standard deviation of a double-precision floating-point strided array using a one-pass textbook algorithm.,base.strided.dstdevtk,Function,false,true,false,stats/strided/dnanstdevtk;stats/strided/dstdev;stats/strided/dvariancetk;stats/strided/sstdevtk;stats/strided/stdevtk
stats/strided/dstdevwd,Calculate the standard deviation of a double-precision floating-point strided array using Welford's algorithm.,base.strided.dstdevwd,Function,false,true,false,stats/strided/dnanstdevwd;stats/strided/dstdev;stats/strided/dvariancewd;stats/strided/sstdevwd;stats/strided/stdevwd
stats/strided/dstdevyc,Calculate the standard deviation of a double-precision floating-point strided array using a one-pass algorithm proposed by Youngs and Cramer.,base.strided.dstdevyc,Function,false,true,false,stats/strided/dnanstdevyc;stats/strided/dstdev;stats/strided/dvarianceyc;stats/strided/sstdevyc;stats/strided/stdevyc
stats/strided/dsvariance,Calculate the variance of a single-precision floating-point strided array using extended accumulation and returning an extended precision result.,base.strided.dsvariance,Function,false,true,false,stats/strided/dvariance;stats/strided/variance;stats/strided/svariance
stats/strided/dsvariancepn,Calculate the variance of a single-precision floating-point strided array using a two-pass algorithm with extended accumulation and returning an extended precision result.,base.strided.dsvariancepn,Function,false,true,false,stats/strided/dvariancepn;stats/strided/dsvariance;stats/strided/variancepn;stats/strided/svariancepn
stats/strided/dvariance,Calculate the variance of a double-precision floating-point strided array.,base.strided.dvariance,Function,false,true,false,stats/strided/dnanvariance;stats/strided/dstdev;stats/strided/dvarm;stats/strided/svariance;stats/strided/variance
stats/strided/dvariancech,Calculate the variance of a double-precision floating-point strided array using a one-pass trial mean algorithm.,base.strided.dvariancech,Function,false,true,false,stats/strided/dnanvariancech;stats/strided/dstdevch;stats/strided/dvariance;stats/strided/svariancech;stats/strided/variancech
stats/strided/dvariancepn,Calculate the variance of a double-precision floating-point strided array using a two-pass algorithm.,base.strided.dvariancepn,Function,false,true,false,stats/strided/dnanvariancepn;stats/strided/dstdevpn;stats/strided/dvariance;stats/strided/svariancepn;stats/strided/variancepn
stats/strided/dvariancetk,Calculate the variance of a double-precision floating-point strided array using a one-pass textbook algorithm.,base.strided.dvariancetk,Function,false,true,false,stats/strided/dnanvariancetk;stats/strided/dstdevtk;stats/strided/dvariance;stats/strided/svariancetk;stats/strided/variancetk
stats/strided/dvariancewd,Calculate the variance of a double-precision floating-point strided array using Welford's algorithm.,base.strided.dvariancewd,Function,false,true,false,stats/strided/dnanvariancewd;stats/strided/dstdevwd;stats/strided/dvariance;stats/strided/svariancewd;stats/strided/variancewd
stats/strided/dvarianceyc,Calculate the variance of a double-precision floating-point strided array using a one-pass algorithm proposed by Youngs and Cramer.,base.strided.dvarianceyc,Function,false,true,false,stats/strided/dnanvarianceyc;stats/strided/dstdevyc;stats/strided/dvariance;stats/strided/svarianceyc;stats/strided/varianceyc
stats/strided/dvarm,Calculate the variance of a double-precision floating-point strided array provided a known mean.,base.strided.dvarm,Function,false,true,false,stats/strided/dvariance
stats/strided/dvarmpn,Calculate the variance of a double-precision floating-point strided array provided a known mean and using Neely's correction algorithm.,base.strided.dvarmpn,Function,false,true,false,stats/strided/dvarm
stats/strided/dvarmtk,Calculate the variance of a double-precision floating-point strided array provided a known mean and using a one-pass textbook algorithm.,base.strided.dvarmtk,Function,false,true,false,stats/strided/dvarm
stats/strided/dztest,Compute a one-sample Z-test for a double-precision floating-point strided array.,,,false,true,false,
stats/strided/dztest2,Compute a two-sample Z-test for two double-precision floating-point strided arrays.,,,false,true,false,
stats/strided/max-by,Calculate the maximum value of a strided array via a callback function.,base.strided.maxBy,Function,false,false,false,stats/strided/dmax;stats/strided/max;stats/strided/min-by;stats/strided/nanmax-by;stats/strided/smax
stats/strided/max,Calculate the maximum value of a strided array.,base.strided.max,Function,false,false,false,stats/strided/dmax;stats/strided/min;stats/strided/nanmax;stats/strided/smax
stats/strided/maxabs,Calculate the maximum absolute value of a strided array.,base.strided.maxabs,Function,false,false,false,stats/strided/dmaxabs;stats/strided/max;stats/strided/minabs;stats/strided/nanmaxabs;stats/strided/smaxabs
stats/strided/maxsorted,Calculate the maximum value of a sorted strided array.,base.strided.maxsorted,Function,false,false,false,stats/strided/dmaxsorted;stats/strided/max;stats/strided/minsorted;stats/strided/smaxsorted
stats/strided/mean,Calculate the arithmetic mean of a strided array.,base.strided.mean,Function,false,false,false,stats/strided/dmean;stats/strided/nanmean;stats/strided/smean
stats/strided/meankbn,Calculate the arithmetic mean of a strided array using an improved Kahan–Babuška algorithm.,base.strided.meankbn,Function,false,false,false,stats/strided/dmeankbn;stats/strided/mean;stats/strided/smeankbn
stats/strided/meankbn2,Calculate the arithmetic mean of a strided array using a second-order iterative Kahan–Babuška algorithm.,base.strided.meankbn2,Function,false,false,false,stats/strided/dmeankbn2;stats/strided/mean;stats/strided/smeankbn2
stats/strided/meanors,Calculate the arithmetic mean of a strided array using ordinary recursive summation.,base.strided.meanors,Function,false,false,false,stats/strided/dmeanors;stats/strided/mean;stats/strided/nanmeanors;stats/strided/smeanors
stats/strided/meanpn,Calculate the arithmetic mean of a strided array using a two-pass error correction algorithm.,base.strided.meanpn,Function,false,false,false,stats/strided/dmeanpn;stats/strided/mean;stats/strided/nanmeanpn;stats/strided/smeanpn
stats/strided/meanpw,Calculate the arithmetic mean of a strided array using pairwise summation.,base.strided.meanpw,Function,false,false,false,stats/strided/dmeanpw;stats/strided/mean;stats/strided/smeanpw
stats/strided/meanwd,Calculate the arithmetic mean of a strided array using Welford's algorithm.,base.strided.meanwd,Function,false,false,false,stats/strided/dmeanwd;stats/strided/mean;stats/strided/nanmeanwd;stats/strided/smeanwd
stats/strided/mediansorted,Calculate the median value of a sorted strided array.,base.strided.mediansorted,Function,false,false,false,stats/strided/dmediansorted;stats/strided/mean;stats/strided/smediansorted
stats/strided/midrange-by,Calculate the mid-range of a strided array via a callback function.,,,false,false,false,
stats/strided/midrange,Calculate the mid-range of a strided array.,,,false,false,false,
stats/strided/midrangeabs,Calculate the mid-range of absolute values of a strided array.,,,false,false,false,
stats/strided/min-by,Calculate the minimum value of a strided array via a callback function.,base.strided.minBy,Function,false,false,false,stats/strided/dmin;stats/strided/max-by;stats/strided/min;stats/strided/nanmin-by;stats/strided/smin
stats/strided/min,Calculate the minimum value of a strided array.,base.strided.min,Function,false,false,false,stats/strided/dmin;stats/strided/max;stats/strided/nanmin;stats/strided/smin
stats/strided/minabs,Calculate the minimum absolute value of a strided array.,base.strided.minabs,Function,false,false,false,stats/strided/dminabs;stats/strided/maxabs;stats/strided/min;stats/strided/nanminabs;stats/strided/sminabs
stats/strided/minsorted,Calculate the minimum value of a sorted strided array.,base.strided.minsorted,Function,false,false,false,stats/strided/dminsorted;stats/strided/maxsorted;stats/strided/min;stats/strided/sminsorted
stats/strided/mskmax,Calculate the maximum value of a strided array according to a mask.,base.strided.mskmax,Function,false,false,false,stats/strided/dmskmax;stats/strided/max;stats/strided/mskmin;stats/strided/nanmax;stats/strided/smskmax
stats/strided/mskmaxabs,Calculate the maximum absolute value of a strided array according to a mask.,,,false,false,false,
stats/strided/mskmidrange,Calculate the mid-range of a strided array according to a mask.,,,false,false,false,
stats/strided/mskmin,Calculate the minimum value of a strided array according to a mask.,base.strided.mskmin,Function,false,false,false,stats/strided/dmskmin;stats/strided/min;stats/strided/mskmax;stats/strided/nanmin;stats/strided/smskmin
stats/strided/mskminabs,Calculate the minimum absolute value of a strided array according to a mask.,,,false,false,false,
stats/strided/mskrange,Calculate the range of a strided array according to a mask.,base.strided.mskrange,Function,false,false,false,stats/strided/dmskrange;stats/strided/range;stats/strided/mskmax;stats/strided/mskmin;stats/strided/nanrange;stats/strided/smskrange
stats/strided/nanmax-by,"Calculate the maximum value of a strided array via a callback function, ignoring NaN values.",base.strided.nanmaxBy,Function,false,false,false,stats/strided/dnanmax;stats/strided/max-by;stats/strided/nanmax;stats/strided/nanmin-by;stats/strided/snanmax
stats/strided/nanmax,"Calculate the maximum value of a strided array, ignoring NaN values.",base.strided.nanmax,Function,false,false,false,stats/strided/dnanmax;stats/strided/max;stats/strided/nanmin;stats/strided/snanmax
stats/strided/nanmaxabs,"Calculate the maximum absolute value of a strided array, ignoring NaN values.",base.strided.nanmaxabs,Function,false,false,false,stats/strided/dnanmaxabs;stats/strided/maxabs;stats/strided/nanmax;stats/strided/nanminabs;stats/strided/snanmaxabs
stats/strided/nanmean,"Calculate the arithmetic mean of a strided array, ignoring NaN values.",base.strided.nanmean,Function,false,false,false,stats/strided/dnanmean;stats/strided/mean;stats/strided/snanmean
stats/strided/nanmeanors,"Calculate the arithmetic mean of a strided array, ignoring NaN values and using ordinary recursive summation.",base.strided.nanmeanors,Function,false,false,false,stats/strided/dnanmeanors;stats/strided/meanors;stats/strided/nanmean;stats/strided/snanmeanors
stats/strided/nanmeanpn,"Calculate the arithmetic mean of a strided array, ignoring NaN values and using a two-pass error correction algorithm.",base.strided.nanmeanpn,Function,false,false,false,stats/strided/dnanmeanpn;stats/strided/meanpn;stats/strided/nanmean;stats/strided/snanmeanpn
stats/strided/nanmeanwd,"Calculate the arithmetic mean of a strided array, ignoring NaN values and using Welford's algorithm.",base.strided.nanmeanwd,Function,false,false,false,stats/strided/dnanmeanwd;stats/strided/meanwd;stats/strided/nanmean;stats/strided/snanmeanwd
stats/strided/nanmidrange-by,"Calculate the mid-range of a strided array via a callback function, ignoring NaN values.",,,false,false,false,
stats/strided/nanmidrange,"Calculate the mid-range of a strided array, ignoring NaN values.",,,false,false,false,
stats/strided/nanmin-by,"Calculate the minimum value of a strided array via a callback function, ignoring NaN values.",base.strided.nanminBy,Function,false,false,false,stats/strided/dnanmin;stats/strided/min-by;stats/strided/nanmax-by;stats/strided/nanmin;stats/strided/snanmin
stats/strided/nanmin,"Calculate the minimum value of a strided array, ignoring NaN values.",base.strided.nanmin,Function,false,false,false,stats/strided/dnanmin;stats/strided/min;stats/strided/nanmax;stats/strided/snanmin
stats/strided/nanminabs,"Calculate the minimum absolute value of a strided array, ignoring NaN values.",base.strided.nanminabs,Function,false,false,false,stats/strided/dnanminabs;stats/strided/minabs;stats/strided/nanmaxabs;stats/strided/nanmin;stats/strided/snanminabs
stats/strided/nanmskmax,"Calculate the maximum value of a strided array according to a mask, ignoring NaN values.",base.strided.nanmskmax,Function,false,false,false,stats/strided/dnanmskmax;stats/strided/mskmax;stats/strided/nanmax;stats/strided/nanmskmin;stats/strided/snanmskmax
stats/strided/nanmskmidrange,"Calculate the mid-range of a strided array according to a mask, ignoring NaN values.",,,false,false,false,
stats/strided/nanmskmin,"Calculate the minimum value of a strided array according to a mask, ignoring NaN values.",base.strided.nanmskmin,Function,false,false,false,stats/strided/dnanmskmin;stats/strided/mskmin;stats/strided/nanmin;stats/strided/nanmskmax;stats/strided/snanmskmin
stats/strided/nanmskrange,"Calculate the range of a strided array according to a mask, ignoring NaN values.",base.strided.nanmskrange,Function,false,false,false,stats/strided/dnanmskrange;stats/strided/mskrange;stats/strided/nanrange;stats/strided/nanmskmax;stats/strided/nanmskmin;stats/strided/snanmskrange
stats/strided/nanrange-by,"Calculate the range of a strided array via a callback function, ignoring NaN values.",base.strided.nanrangeBy,Function,false,false,false,stats/strided/dnanrange;stats/strided/nanmax-by;stats/strided/nanmin-by;stats/strided/nanrange;stats/strided/range-by;stats/strided/snanrange
stats/strided/nanrange,"Calculate the range of a strided array, ignoring NaN values.",base.strided.nanrange,Function,false,false,false,stats/strided/dnanrange;stats/strided/nanmax;stats/strided/nanmin;stats/strided/range;stats/strided/snanrange
stats/strided/nanrangeabs,"Compute the range of absolute values of a strided array, ignoring NaN values.",,,false,false,false,
stats/strided/nanstdev,Calculate the standard deviation of a strided array ignoring NaN values.,base.strided.nanstdev,Function,false,false,false,stats/strided/dnanstdev;stats/strided/nanvariance;stats/base/snanstdev;stats/strided/stdev
stats/strided/nanstdevch,Calculate the standard deviation of a strided array ignoring NaN values and using a one-pass trial mean algorithm.,base.strided.nanstdevch,Function,false,false,false,stats/strided/dnanstdevch;stats/strided/nanvariancech;stats/strided/nanstdev;stats/base/snanstdevch;stats/strided/stdevch
stats/strided/nanstdevpn,Calculate the standard deviation of a strided array ignoring NaN values and using a two-pass algorithm.,base.strided.nanstdevpn,Function,false,false,false,stats/strided/dnanstdevpn;stats/strided/nanvariancepn;stats/strided/nanstdev;stats/base/snanstdevpn;stats/strided/stdevpn
stats/strided/nanstdevtk,Calculate the standard deviation of a strided array ignoring NaN values and using a one-pass textbook algorithm.,base.strided.nanstdevtk,Function,false,false,false,stats/strided/dnanstdevtk;stats/strided/nanvariancetk;stats/strided/nanstdev;stats/base/snanstdevtk;stats/strided/stdevtk
stats/strided/nanstdevwd,Calculate the standard deviation of a strided array ignoring NaN values and using Welford's algorithm.,base.strided.nanstdevwd,Function,false,false,false,stats/strided/dnanstdevwd;stats/strided/nanvariancewd;stats/strided/nanstdev;stats/base/snanstdevwd;stats/strided/stdevwd
stats/strided/nanstdevyc,Calculate the standard deviation of a strided array ignoring NaN values and using a one-pass algorithm proposed by Youngs and Cramer.,base.strided.nanstdevyc,Function,false,false,false,stats/strided/dnanstdevyc;stats/strided/nanvarianceyc;stats/strided/nanstdev;stats/base/snanstdevyc;stats/strided/stdevyc
stats/strided/nanvariance,Calculate the variance of a strided array ignoring NaN values.,base.strided.nanvariance,Function,false,false,false,stats/strided/dnanvariance;stats/strided/nanstdev;stats/base/snanvariance;stats/strided/variance
stats/strided/nanvariancech,Calculate the variance of a strided array ignoring NaN values and using a one-pass trial mean algorithm.,base.strided.nanvariancech,Function,false,false,false,stats/strided/dnanvariancech;stats/strided/nanstdevch;stats/strided/nanvariance;stats/base/snanvariancech;stats/strided/variancech
stats/strided/nanvariancepn,Calculate the variance of a strided array ignoring NaN values and using a two-pass algorithm.,base.strided.nanvariancepn,Function,false,false,false,stats/strided/dnanvariancepn;stats/strided/nanstdevpn;stats/strided/nanvariance;stats/base/snanvariancepn;stats/strided/variancepn
stats/strided/nanvariancetk,Calculate the variance of a strided array ignoring NaN values and using a one-pass textbook algorithm.,base.strided.nanvariancetk,Function,false,false,false,stats/strided/dnanvariancetk;stats/strided/nanstdevtk;stats/strided/nanvariance;stats/base/snanvariancetk;stats/strided/variancetk
stats/strided/nanvariancewd,Calculate the variance of a strided array ignoring NaN values and using Welford's algorithm.,base.strided.nanvariancewd,Function,false,false,false,stats/strided/dnanvariancewd;stats/strided/nanstdevwd;stats/strided/nanvariance;stats/base/snanvariancewd;stats/strided/variancewd
stats/strided/nanvarianceyc,Calculate the variance of a strided array ignoring NaN values and using a one-pass algorithm proposed by Youngs and Cramer.,base.strided.nanvarianceyc,Function,false,false,false,stats/strided/dnanvarianceyc;stats/strided/nanstdevyc;stats/strided/nanvariance;stats/base/snanvarianceyc;stats/strided/varianceyc
stats/strided,Statistical operations for strided arrays.,,,false,false,false,
stats/strided/range-by,Calculate the range of a strided array via a callback function.,base.strided.rangeBy,Function,false,false,false,stats/strided/drange;stats/strided/max-by;stats/strided/min-by;stats/strided/nanrange-by;stats/strided/range;stats/strided/srange
stats/strided/range,Calculate the range of a strided array.,base.strided.range,Function,false,false,false,stats/strided/drange;stats/strided/max;stats/strided/min;stats/strided/nanrange;stats/strided/srange
stats/strided/rangeabs,Calculate the range of absolute values of a strided array.,,,false,false,false,
stats/strided/scovarmtk,Calculate the covariance of two single-precision floating-point strided arrays provided known means and using a one-pass textbook algorithm.,,,false,true,false,
stats/strided/scumax,Calculate the cumulative maximum of single-precision floating-point strided array elements.,base.strided.scumax,Function,false,true,false,stats/base/cumax;stats/strided/dcumax;stats/strided/scumin
stats/strided/scumaxabs,Calculate the cumulative maximum absolute value of single-precision floating-point strided array elements.,base.strided.scumaxabs,Function,false,true,false,stats/base/cumaxabs;stats/strided/dcumaxabs;stats/strided/scumax;stats/strided/scuminabs
stats/strided/scumin,Calculate the cumulative minimum of single-precision floating-point strided array elements.,base.strided.scumin,Function,false,true,false,stats/base/cumin;stats/strided/dcumin;stats/strided/scumax
stats/strided/scuminabs,Calculate the cumulative minimum absolute value of single-precision floating-point strided array elements.,base.strided.scuminabs,Function,false,true,false,stats/base/cuminabs;stats/strided/dcuminabs;stats/strided/scumaxabs;stats/strided/scumin
stats/strided/sdsmean,Calculate the arithmetic mean of a single-precision floating-point strided array using extended accumulation.,base.strided.sdsmean,Function,false,true,false,stats/strided/dmean;stats/strided/dsmean;stats/strided/mean;stats/base/sdsnanmean;stats/strided/smean
stats/strided/sdsmeanors,Calculate the arithmetic mean of a single-precision floating-point strided array using ordinary recursive summation with extended accumulation.,base.strided.sdsmeanors,Function,false,true,false,stats/strided/sdsmean;stats/strided/sdsnanmeanors
stats/strided/sdsnanmeanors,"Calculate the arithmetic mean of a single-precision floating-point strided array, ignoring NaN values and using ordinary recursive summation with extended accumulation.",base.strided.sdsnanmeanors,Function,false,true,false,stats/strided/sdsmeanors;stats/base/sdsnanmean
stats/strided/smax,Calculate the maximum value of a single-precision floating-point strided array.,base.strided.smax,Function,false,true,false,stats/strided/dmax;stats/strided/max;stats/strided/smin;stats/strided/snanmax
stats/strided/smaxabs,Calculate the maximum absolute value of a single-precision floating-point strided array.,base.strided.smaxabs,Function,false,true,false,stats/strided/dmaxabs;stats/strided/maxabs;stats/strided/smax;stats/strided/sminabs;stats/strided/snanmaxabs
stats/strided/smaxabssorted,Calculate the maximum absolute value of a sorted single-precision floating-point strided array.,base.strided.smaxabssorted,Function,false,true,false,stats/strided/dmaxabssorted;stats/strided/smaxabs;stats/strided/smaxsorted
stats/strided/smaxsorted,Calculate the maximum value of a sorted single-precision floating-point strided array.,base.strided.smaxsorted,Function,false,true,false,stats/strided/dmaxsorted;stats/strided/maxsorted;stats/strided/smax;stats/strided/sminsorted
stats/strided/smean,Calculate the arithmetic mean of a single-precision floating-point strided array.,base.strided.smean,Function,false,true,false,stats/strided/dmean;stats/strided/dsmean;stats/strided/mean;stats/strided/sdsmean;stats/strided/snanmean
stats/strided/smeankbn,Calculate the arithmetic mean of a single-precision floating-point strided array using an improved Kahan–Babuška algorithm.,base.strided.smeankbn,Function,false,true,false,stats/strided/dmeankbn;stats/strided/meankbn;stats/strided/smean
stats/strided/smeankbn2,Calculate the arithmetic mean of a single-precision floating-point strided array using a second-order iterative Kahan–Babuška algorithm.,base.strided.smeankbn2,Function,false,true,false,stats/strided/dmeankbn2;stats/strided/meankbn2;stats/strided/smean
stats/strided/smeanli,Calculate the arithmetic mean of a single-precision floating-point strided array using a one-pass trial mean algorithm.,base.strided.smeanli,Function,false,true,false,stats/strided/dmeanli;stats/strided/smean;stats/strided/smeanlipw
stats/strided/smeanlipw,Calculate the arithmetic mean of a single-precision floating-point strided array using a one-pass trial mean algorithm with pairwise summation.,base.strided.smeanlipw,Function,false,true,false,stats/strided/dmeanlipw;stats/strided/smean;stats/strided/smeanli
stats/strided/smeanors,Calculate the arithmetic mean of a single-precision floating-point strided array using ordinary recursive summation.,base.strided.smeanors,Function,false,true,false,stats/strided/dmeanors;stats/strided/meanors;stats/strided/smean;stats/strided/snanmeanors
stats/strided/smeanpn,Calculate the arithmetic mean of a single-precision floating-point strided array using a two-pass error correction algorithm.,base.strided.smeanpn,Function,false,true,false,stats/strided/dmeanpn;stats/strided/meanpn;stats/strided/smean;stats/strided/snanmeanpn
stats/strided/smeanpw,Calculate the arithmetic mean of a single-precision floating-point strided array using pairwise summation.,base.strided.smeanpw,Function,false,true,false,stats/strided/dmeanpw;stats/strided/meanpw;stats/strided/smean
stats/strided/smeanwd,Calculate the arithmetic mean of a single-precision floating-point strided array using Welford's algorithm.,base.strided.smeanwd,Function,false,true,false,stats/strided/dmeanwd;stats/strided/meanwd;stats/strided/smean;stats/strided/snanmeanwd
stats/strided/smediansorted,Calculate the median value of a sorted single-precision floating-point strided array.,base.strided.smediansorted,Function,false,true,false,stats/strided/dmediansorted;stats/strided/mediansorted;stats/strided/smean
stats/strided/smidrange,Calculate the mid-range of a single-precision floating-point strided array.,base.strided.smidrange,Function,false,true,false,stats/strided/dmidrange;stats/strided/smax;stats/strided/smean;stats/strided/smin;stats/strided/srange
stats/strided/smin,Calculate the minimum value of a single-precision floating-point strided array.,base.strided.smin,Function,false,true,false,stats/strided/dmin;stats/strided/min;stats/strided/smax;stats/strided/snanmin
stats/strided/sminabs,Calculate the minimum absolute value of a single-precision floating-point strided array.,base.strided.sminabs,Function,false,true,false,stats/strided/dminabs;stats/strided/minabs;stats/strided/smaxabs;stats/strided/smin;stats/strided/snanminabs
stats/strided/sminsorted,Calculate the minimum value of a sorted single-precision floating-point strided array.,base.strided.sminsorted,Function,false,true,false,stats/strided/dminsorted;stats/strided/minsorted;stats/strided/smaxsorted;stats/strided/smin
stats/strided/smskmax,Calculate the maximum value of a single-precision floating-point strided array according to a mask.,base.strided.smskmax,Function,false,true,false,stats/strided/dmskmax;stats/strided/mskmax;stats/strided/smax;stats/strided/smskmin;stats/strided/snanmax;stats/strided/snanmskmax
stats/strided/smskmaxabs,Calculate the maximum absolute value of a single-precision floating-point strided array according to a mask.,,,false,true,false,
stats/strided/smskmidrange,Calculate the mid-range of a single-precision floating-point strided array according to a mask.,,,false,true,false,
stats/strided/smskmin,Calculate the minimum value of a single-precision floating-point strided array according to a mask.,base.strided.smskmin,Function,false,true,false,stats/strided/dmskmin;stats/strided/mskmin;stats/strided/smin;stats/strided/smskmax;stats/strided/snanmin;stats/strided/snanmskmin
stats/strided/smskrange,Calculate the range of a single-precision floating-point strided array according to a mask.,base.strided.smskrange,Function,false,true,false,stats/strided/dmskrange;stats/strided/mskrange;stats/strided/smskmax;stats/strided/smskmin;stats/strided/snanrange;stats/strided/srange
stats/strided/snanmax,"Calculate the maximum value of a single-precision floating-point strided array, ignoring NaN values.",base.strided.snanmax,Function,false,true,false,stats/strided/dnanmax;stats/strided/nanmax;stats/strided/smax;stats/strided/snanmin
stats/strided/snanmaxabs,"Calculate the maximum absolute value of a single-precision floating-point strided array, ignoring NaN values.",base.strided.snanmaxabs,Function,false,true,false,stats/strided/dnanmaxabs;stats/strided/nanmaxabs;stats/strided/smaxabs;stats/strided/snanmax;stats/strided/snanminabs
stats/strided/snanmean,"Calculate the arithmetic mean of a single-precision floating-point strided array, ignoring NaN values.",base.strided.snanmean,Function,false,true,false,stats/strided/dnanmean;stats/strided/smean;stats/strided/nanmean
stats/strided/snanmeanors,"Calculate the arithmetic mean of a single-precision floating-point strided array, ignoring NaN values and using ordinary recursive summation.",base.strided.snanmeanors,Function,false,true,false,stats/strided/dnanmeanors;stats/strided/nanmeanors;stats/strided/smeanors;stats/strided/snanmean
stats/strided/snanmeanpn,"Calculate the arithmetic mean of a single-precision floating-point strided array, ignoring NaN values and using a two-pass error correction algorithm.",base.strided.snanmeanpn,Function,false,true,false,stats/strided/dnanmeanpn;stats/strided/nanmeanpn;stats/strided/smeanpn;stats/strided/snanmean
stats/strided/snanmeanwd,"Calculate the arithmetic mean of a single-precision floating-point strided array, ignoring NaN values and using Welford's algorithm.",base.strided.snanmeanwd,Function,false,true,false,stats/strided/dnanmeanwd;stats/strided/nanmeanwd;stats/strided/smeanwd;stats/strided/snanmean
stats/strided/snanmidrange,"Calculate the mid-range of a single-precision floating-point strided array, ignoring NaN values.",,,false,true,false,
stats/strided/snanmin,"Calculate the minimum value of a single-precision floating-point strided array, ignoring NaN values.",base.strided.snanmin,Function,false,true,false,stats/strided/dnanmin;stats/strided/nanmin;stats/strided/smin;stats/strided/snanmax
stats/strided/snanminabs,"Calculate the minimum absolute value of a single-precision floating-point strided array, ignoring NaN values.",base.strided.snanminabs,Function,false,true,false,stats/strided/dnanminabs;stats/strided/nanminabs;stats/strided/sminabs;stats/strided/snanmaxabs;stats/strided/snanmin
stats/strided/snanmskmax,"Calculate the maximum value of a single-precision floating-point strided array according to a mask, ignoring NaN values.",base.strided.snanmskmax,Function,false,true,false,stats/strided/dnanmskmax;stats/strided/nanmskmax;stats/strided/smskmax;stats/strided/snanmax;stats/strided/snanmskmin
stats/strided/snanmskmaxabs,"Calculate the maximum absolute value of a single-precision floating-point strided array according to a mask, ignoring NaN values.",,,false,true,false,
stats/strided/snanmskmidrange,"Calculate the mid-range of a single-precision floating-point strided array according to a mask, ignoring NaN values.",,,false,true,false,
stats/strided/snanmskmin,"Calculate the minimum value of a single-precision floating-point strided array according to a mask, ignoring NaN values.",base.strided.snanmskmin,Function,false,true,false,stats/strided/dnanmskmin;stats/strided/nanmskmin;stats/strided/smskmin;stats/strided/snanmin;stats/strided/snanmskmax
stats/strided/snanmskminabs,"Calculate the minimum absolute value of a single-precision floating-point strided array according to a mask, ignoring NaN values.",,,false,true,false,
stats/strided/snanmskrange,"Calculate the range of a single-precision floating-point strided array according to a mask, ignoring NaN values.",base.strided.snanmskrange,Function,false,true,false,stats/strided/dnanmskrange;stats/strided/nanmskrange;stats/strided/smskrange;stats/strided/snanrange;stats/strided/snanmskmax;stats/strided/snanmskmin
stats/strided/snanrange,"Calculate the range of a single-precision floating-point strided array, ignoring NaN values.",base.strided.snanrange,Function,false,true,false,stats/strided/dnanrange;stats/strided/nanrange;stats/strided/snanmax;stats/strided/snanmin;stats/strided/srange
stats/strided/srange,Calculate the range of a single-precision floating-point strided array.,base.strided.srange,Function,false,true,false,stats/strided/drange;stats/strided/smax;stats/strided/smin;stats/strided/snanrange;stats/strided/range
stats/strided/srangeabs,Compute the range of absolute values of a single-precision floating-point strided array.,,,false,true,false,
stats/strided/sstdev,Calculate the standard deviation of a single-precision floating-point strided array.,base.strided.sstdev,Function,false,true,false,stats/strided/dstdev;stats/base/snanstdev;stats/strided/stdev;stats/strided/svariance
stats/strided/sstdevch,Calculate the standard deviation of a single-precision floating-point strided array using a one-pass trial mean algorithm.,base.strided.sstdevch,Function,false,true,false,stats/strided/dstdevch;stats/base/snanstdevch;stats/strided/sstdev;stats/strided/stdevch;stats/strided/svariancech
stats/strided/sstdevpn,Calculate the standard deviation of a single-precision floating-point strided array using a two-pass algorithm.,base.strided.sstdevpn,Function,false,true,false,stats/strided/dstdevpn;stats/base/snanstdevpn;stats/strided/sstdev;stats/strided/stdevpn;stats/strided/svariancepn
stats/strided/sstdevtk,Calculate the standard deviation of a single-precision floating-point strided array using a one-pass textbook algorithm.,base.strided.sstdevtk,Function,false,true,false,stats/strided/dstdevtk;stats/base/snanstdevtk;stats/strided/sstdev;stats/strided/stdevtk;stats/strided/svariancetk
stats/strided/sstdevwd,Calculate the standard deviation of a single-precision floating-point strided array using Welford's algorithm.,base.strided.sstdevwd,Function,false,true,false,stats/strided/dstdevwd;stats/base/snanstdevwd;stats/strided/sstdev;stats/strided/stdevwd;stats/strided/svariancewd
stats/strided/sstdevyc,Calculate the standard deviation of a single-precision floating-point strided array using a one-pass algorithm proposed by Youngs and Cramer.,base.strided.sstdevyc,Function,false,true,false,stats/strided/dstdevyc;stats/base/snanstdevyc;stats/strided/sstdev;stats/strided/stdevyc;stats/strided/svarianceyc
stats/strided/stdev,Calculate the standard deviation of a strided array.,base.strided.stdev,Function,false,false,false,stats/strided/dstdev;stats/strided/nanstdev;stats/strided/sstdev;stats/strided/variance
stats/strided/stdevch,Calculate the standard deviation of a strided array using a one-pass trial mean algorithm.,base.strided.stdevch,Function,false,false,false,stats/strided/dstdevch;stats/strided/nanstdevch;stats/strided/sstdevch;stats/strided/stdev;stats/strided/variancech
stats/strided/stdevpn,Calculate the standard deviation of a strided array using a two-pass algorithm.,base.strided.stdevpn,Function,false,false,false,stats/strided/dstdevpn;stats/strided/nanstdevpn;stats/strided/sstdevpn;stats/strided/stdev;stats/strided/variancepn
stats/strided/stdevtk,Calculate the standard deviation of a strided array using a one-pass textbook algorithm.,base.strided.stdevtk,Function,false,false,false,stats/strided/dstdevtk;stats/strided/nanstdevtk;stats/strided/sstdevtk;stats/strided/stdev;stats/strided/variancetk
stats/strided/stdevwd,Calculate the standard deviation of a strided array using Welford's algorithm.,base.strided.stdevwd,Function,false,false,false,stats/strided/dstdevwd;stats/strided/nanstdevwd;stats/strided/sstdevwd;stats/strided/stdev;stats/strided/variancewd
stats/strided/stdevyc,Calculate the standard deviation of a strided array using a one-pass algorithm proposed by Youngs and Cramer.,base.strided.stdevyc,Function,false,false,false,stats/strided/dstdevyc;stats/strided/nanstdevyc;stats/strided/sstdevyc;stats/strided/stdev;stats/strided/varianceyc
stats/strided/svariance,Calculate the variance of a single-precision floating-point strided array.,base.strided.svariance,Function,false,true,false,stats/strided/dvariance;stats/base/snanvariance;stats/strided/sstdev;stats/strided/variance
stats/strided/svariancech,Calculate the variance of a single-precision floating-point strided array using a one-pass trial mean algorithm.,base.strided.svariancech,Function,false,true,false,stats/strided/dvariancech;stats/base/snanvariancech;stats/strided/sstdevch;stats/strided/svariance;stats/strided/variancech
stats/strided/svariancepn,Calculate the variance of a single-precision floating-point strided array using a two-pass algorithm.,base.strided.svariancepn,Function,false,true,false,stats/strided/dvariancepn;stats/base/snanvariancepn;stats/strided/sstdevpn;stats/strided/svariance;stats/strided/variancepn
stats/strided/svariancetk,Calculate the variance of a single-precision floating-point strided array using a one-pass textbook algorithm.,base.strided.svariancetk,Function,false,true,false,stats/strided/dvariancetk;stats/base/snanvariancetk;stats/strided/sstdevtk;stats/strided/svariance;stats/strided/variancetk
stats/strided/svariancewd,Calculate the variance of a single-precision floating-point strided array using Welford's algorithm.,base.strided.svariancewd,Function,false,true,false,stats/strided/dvariancewd;stats/base/snanvariancewd;stats/strided/sstdevwd;stats/strided/svariance;stats/strided/variancewd
stats/strided/svarianceyc,Calculate the variance of a single-precision floating-point strided array using a one-pass algorithm proposed by Youngs and Cramer.,base.strided.svarianceyc,Function,false,true,false,stats/strided/dvarianceyc;stats/base/snanvarianceyc;stats/strided/sstdevyc;stats/strided/svariance;stats/strided/varianceyc
stats/strided/sztest,Compute a one-sample Z-test for a single-precision floating-point strided array.,,,false,true,false,
stats/strided/sztest2,Compute a two-sample Z-test for two single-precision floating-point strided arrays.,,,false,true,false,
stats/strided/variance,Calculate the variance of a strided array.,base.strided.variance,Function,false,false,false,stats/strided/dvariance;stats/strided/nanvariance;stats/strided/stdev;stats/strided/svariance
stats/strided/variancech,Calculate the variance of a strided array using a one-pass trial mean algorithm.,base.strided.variancech,Function,false,false,false,stats/strided/dvariancech;stats/strided/nanvariancech;stats/strided/stdevch;stats/strided/variance
stats/strided/variancepn,Calculate the variance of a strided array using a two-pass algorithm.,base.strided.variancepn,Function,false,false,false,stats/strided/dvariancepn;stats/strided/nanvariancepn;stats/strided/stdevpn;stats/strided/variance
stats/strided/variancetk,Calculate the variance of a strided array using a one-pass textbook algorithm.,base.strided.variancetk,Function,false,false,false,stats/strided/dvariancetk;stats/strided/nanvariancetk;stats/strided/stdevtk;stats/strided/variance
stats/strided/variancewd,Calculate the variance of a strided array using Welford's algorithm.,base.strided.variancewd,Function,false,false,false,stats/strided/dvariancewd;stats/strided/nanvariancewd;stats/strided/stdevwd;stats/strided/variance
stats/strided/varianceyc,Calculate the variance of a strided array using a one-pass algorithm proposed by Youngs and Cramer.,base.strided.varianceyc,Function,false,false,false,stats/strided/dvarianceyc;stats/strided/nanvarianceyc;stats/strided/stdevyc;stats/strided/variance
stats/strided/wasm/dmeanors,Calculate the arithmetic mean of a double-precision floating-point strided array using ordinary recursive summation.,,,false,false,true,
stats/strided/wasm/dmeanpw,Calculate the arithmetic mean of a double-precision floating-point strided array using pairwise summation.,,,false,false,true,
stats/strided/wasm/dmeanwd,Calculate the arithmetic mean of a double-precision floating-point strided array using Welford's algorithm.,,,false,false,true,
stats/strided/wasm/dnanvariancewd,Calculate the variance of a double-precision floating-point strided array ignoring NaN values and using Welford's algorithm.,,,false,false,true,
stats/strided/ztest,Compute a one-sample Z-test for a strided array.,,,false,false,false,
stats/strided/ztest2,Compute a two-sample Z-test.,,,false,false,false,
stats/ttest,One-sample and paired Student's t-Test.,ttest,Function,false,false,false,stats/ttest2
stats/ttest2,Two-sample Student's t-Test.,ttest2,Function,false,false,false,stats/ttest
stats/vartest,Two-sample F-test for equal variances.,vartest,Function,false,false,false,stats/bartlett-test
stats/wilcoxon,Wilcoxon signed rank test.,wilcoxon,Function,false,false,false,stats/ttest;stats/ztest
stats/ztest,One-sample and paired z-Test.,ztest,Function,false,false,false,stats/ztest2
stats/ztest2,Two-sample z-Test.,ztest2,Function,false,false,false,stats/ztest
streams/node/debug-sink,Writable stream for debugging stream pipelines.,debugSinkStream,Function,false,false,false,streams/node/debug;streams/node/inspect-sink
streams/node/debug,Transform stream for debugging stream pipelines.,debugStream,Function,false,false,false,streams/node/debug-sink;streams/node/inspect
streams/node/empty,Create an empty readable stream.,emptyStream,Function,true,false,false,streams/node/from-constant
streams/node/from-array,Create a readable stream from an array-like object.,arrayStream,Function,false,false,false,streams/node/from-circular-array;streams/node/from-iterator;streams/node/from-strided-array
streams/node/from-circular-array,Create a readable stream from a circular array-like object.,circularArrayStream,Function,false,false,false,streams/node/from-array;streams/node/from-iterator;streams/node/from-strided-array
streams/node/from-constant,Create a readable stream which always streams the same value.,constantStream,Function,true,false,false,streams/node/from-array;streams/node/from-iterator
streams/node/from-iterator,Create a readable stream from an iterator.,iteratorStream,Function,false,false,false,streams/node/from-array
streams/node/from-strided-array,Create a readable stream from a strided array-like object.,stridedArrayStream,Function,false,false,false,streams/node/from-array
streams/node/inspect-sink,Writable stream for inspecting streamed data.,inspectSinkStream,Function,false,false,false,streams/node/debug-sink;streams/node/inspect
streams/node/inspect,Transform stream for inspecting streamed data.,inspectStream,Function,false,false,false,streams/node/debug
streams/node/join,Transform stream which joins streamed data.,joinStream,Function,false,false,false,streams/node/split
streams/node,Node.js streams.,,,false,false,false,
streams/node/split,Transform stream which splits streamed data.,splitStream,Function,false,false,false,streams/node/join
streams/node/stderr,Standard error.,,,false,false,false,
streams/node/stdin,Standard input.,,,false,false,false,
streams/node/stdout,Standard output.,,,false,false,false,
streams/node/transform,Transform stream.,transformStream,Function,false,false,false,
streams,Streams.,,,false,false,false,
strided/base/binary-addon-dispatch,Dispatch to a native add-on applying a binary function to two input strided arrays.,,,false,false,false,
strided/base/binary-dtype-signatures,Generate a list of binary interface signatures from strided array data types.,base.strided.binaryDtypeSignatures,Function,false,false,false,strided/base/binary-signature-callbacks
strided/base/binary-signature-callbacks,Assign callbacks to binary interfaces according to type promotion rules.,base.strided.binarySignatureCallbacks,Function,false,false,false,strided/base/binary-dtype-signatures
strided/base/binary,Apply a binary callback to elements in strided input arrays and assign results to elements in a strided output array.,base.strided.binary,Function,false,false,false,strided/base/dmap2;strided/base/nullary;strided/base/quaternary;strided/base/quinary;strided/base/smap2;strided/base/ternary;strided/base/unary
strided/base/cmap,Apply a unary function to a single-precision complex floating-point strided input array and assign results to a single-precision complex floating-point strided output array.,base.strided.cmap,Function,false,false,false,strided/base/zmap;strided/base/unary
strided/base/dmap,Apply a unary function to a double-precision floating-point strided input array and assign results to a double-precision floating-point strided output array.,base.strided.dmap,Function,false,false,false,strided/base/smap;strided/base/unary
strided/base/dmap2,Apply a binary function to double-precision floating-point strided input arrays and assign results to a double-precision floating-point strided output array.,base.strided.dmap2,Function,false,false,false,strided/base/smap2;strided/base/binary
strided/base/dmskmap,Apply a unary function to a double-precision floating-point strided input array according to a strided mask array and assign results to a double-precision floating-point strided output array.,base.strided.dmskmap,Function,false,false,false,strided/base/dmap;strided/base/dmskmap2;strided/base/mskunary;strided/base/smskmap
strided/base/dmskmap2,Apply a binary function to double-precision floating-point strided input arrays according to a strided mask array and assign results to a double-precision floating-point strided output array.,base.strided.dmskmap2,Function,false,false,false,strided/base/dmap2;strided/base/dmskmap;strided/base/smskmap2
strided/base/dtype-enum2str,Return the data type string associated with a strided array data type enumeration constant.,base.strided.dtypeEnum2Str,Function,false,false,false,strided/base/dtype-str2enum
strided/base/dtype-resolve-enum,Return the enumeration constant associated with a supported strided array data type value.,base.strided.dtypeResolveEnum,Function,false,false,false,strided/base/dtype-resolve-str
strided/base/dtype-resolve-str,Return the data type string associated with a supported strided array data type value.,base.strided.dtypeResolveStr,Function,false,false,false,strided/base/dtype-resolve-enum
strided/base/dtype-str2enum,Return the enumeration constant associated with a strided array data type string.,base.strided.dtypeStr2Enum,Function,false,false,false,strided/base/dtype-enum2str
strided/base/function-object,C APIs for creating and managing strided array function objects.,base.strided.functionObject,Function,false,false,false,
strided/base/map-by,Apply a unary function to each element retrieved from a strided input array according to a callback function and assign results to a strided output array.,base.strided.mapBy,Function,false,false,false,strided/base/map-by2;strided/base/unary
strided/base/map-by2,Apply a binary function to each pair of elements retrieved from strided input arrays according to a callback function and assign results to a strided output array.,base.strided.mapBy2,Function,false,false,false,strided/base/map-by;strided/base/binary
strided/base/max-view-buffer-index,Return the maximum accessible index based on a set of provided strided array parameters.,base.strided.maxViewBufferIndex,Function,false,false,false,
strided/base/meta-data-props,Define non-enumerable read-only properties which expose strided array function meta data.,base.strided.metaDataProps,Function,false,false,false,
strided/base/min-view-buffer-index,Return the minimum accessible index based on a set of provided strided array parameters.,base.strided.minViewBufferIndex,Function,false,false,false,strided/base/offset-view
strided/base/mskunary-addon-dispatch,Dispatch to a native add-on applying a unary function to an input strided array according to a mask strided array.,,,false,false,false,
strided/base/mskunary-dtype-signatures,Generate a list of masked unary interface signatures from strided array data types.,base.strided.mskunaryDtypeSignatures,Function,false,false,false,strided/base/mskunary-signature-callbacks
strided/base/mskunary-signature-callbacks,Assign callbacks to masked unary interfaces according to type promotion rules.,base.strided.mskunarySignatureCallbacks,Function,false,false,false,strided/base/mskunary-dtype-signatures
strided/base/mskunary,Apply a unary callback to elements in a strided input array according to elements in a strided mask array and assign results to elements in a strided output array.,base.strided.mskunary,Function,false,false,false,strided/base/dmskmap;strided/base/smskmap;strided/base/unary
strided/base/nullary-addon-dispatch,Dispatch to a native add-on applying a nullary function.,,,false,false,false,
strided/base/nullary,Apply a nullary callback and assign results to elements in a strided output array.,base.strided.nullary,Function,false,false,false,strided/base/binary;strided/base/quaternary;strided/base/quinary;strided/base/ternary;strided/base/unary
strided/base/offset-view,Return a typed array view having the same data type as a provided input typed array and starting at a specified index offset.,base.strided.offsetView,Function,false,false,false,strided/base/min-view-buffer-index
strided/base,Base strided.,,,false,false,false,
strided/base/quaternary,Apply a quaternary callback to strided input array elements and assign results to elements in a strided output array.,base.strided.quaternary,Function,false,false,false,strided/base/binary;strided/base/nullary;strided/base/quinary;strided/base/ternary;strided/base/unary
strided/base/quinary,Apply a quinary callback to strided input array elements and assign results to elements in a strided output array.,base.strided.quinary,Function,false,false,false,strided/base/binary;strided/base/nullary;strided/base/quaternary;strided/base/ternary;strided/base/unary
strided/base/read-dataview,Copy elements from an input strided DataView to elements in an output strided array.,,,false,false,false,
strided/base/reinterpret-boolean,Reinterpret a BooleanArray as a Uint8Array.,,,false,false,false,
strided/base/reinterpret-complex,Reinterpret a complex-valued floating-point array as a real-valued floating-point array having the same precision.,base.strided.reinterpretComplex,Function,false,false,false,strided/base/reinterpret-complex128;strided/base/reinterpret-complex64
strided/base/reinterpret-complex128,Reinterpret a Complex128Array as a Float64Array.,base.strided.reinterpretComplex128,Function,false,false,false,strided/base/reinterpret-complex;strided/base/reinterpret-complex64
strided/base/reinterpret-complex64,Reinterpret a Complex64Array as a Float32Array.,base.strided.reinterpretComplex64,Function,false,false,false,strided/base/reinterpret-complex;strided/base/reinterpret-complex128
strided/base/smap,Apply a unary function to a single-precision floating-point strided input array and assign results to a single-precision floating-point strided output array.,base.strided.smap,Function,false,false,false,strided/base/dmap;strided/base/unary
strided/base/smap2,Apply a binary function to single-precision floating-point strided input arrays and assign results to a single-precision floating-point strided output array.,base.strided.smap2,Function,false,false,false,strided/base/dmap2;strided/base/binary
strided/base/smskmap,Apply a unary function to a single-precision floating-point strided input array according to a strided mask array and assign results to a single-precision floating-point strided output array.,base.strided.smskmap,Function,false,false,false,strided/base/dmskmap;strided/base/mskunary;strided/base/smap;strided/base/smskmap2
strided/base/smskmap2,Apply a binary function to single-precision floating-point strided input arrays according to a strided mask array and assign results to a single-precision floating-point strided output array.,base.strided.smskmap2,Function,false,false,false,strided/base/dmskmap2;strided/base/smap2;strided/base/smskmap
strided/base/stride2offset,Determine the index offset which specifies the location of the first indexed value in a strided array.,,,false,false,false,
strided/base/strided2object,"Convert a strided array and associated metadata to an object likely to have the same ""shape"".",,,false,false,false,
strided/base/ternary,Apply a ternary callback to strided input array elements and assign results to elements in a strided output array.,base.strided.ternary,Function,false,false,false,strided/base/binary;strided/base/nullary;strided/base/quaternary;strided/base/quinary;strided/base/unary
strided/base/unary-addon-dispatch,Dispatch to a native add-on applying a unary function to an input strided array.,,,false,false,false,
strided/base/unary-by,Apply a unary function to each element retrieved from a strided input array according to a callback function and assign results to a strided output array.,base.strided.unaryBy,Function,false,false,false,strided/base/map-by;strided/base/unary
strided/base/unary-dtype-signatures,Generate a list of unary interface signatures from strided array data types.,base.strided.unaryDtypeSignatures,Function,false,false,false,strided/base/unary-signature-callbacks
strided/base/unary-signature-callbacks,Assign callbacks to unary interfaces according to type promotion rules.,base.strided.unarySignatureCallbacks,Function,false,false,false,strided/base/unary-dtype-signatures
strided/base/unary,Apply a unary callback to elements in a strided input array and assign results to elements in a strided output array.,base.strided.unary,Function,false,false,false,strided/base/unary;strided/base/dmap;strided/base/nullary;strided/base/quaternary;strided/base/quinary;strided/base/smap;strided/base/ternary
strided/base/write-dataview,Copy elements from an input strided array to elements in a strided DataView.,,,false,false,false,
strided/base/zmap,Apply a unary function to a double-precision complex floating-point strided input array and assign results to a double-precision complex floating-point strided output array.,base.strided.zmap,Function,false,false,false,strided/base/cmap;strided/base/unary
strided/common,Native strided array utilities.,,,true,false,false,
strided/dispatch-by,Create a strided array function interface which accepts a callback function and performs multiple dispatch.,strided.dispatchBy,Function,false,false,false,strided/dispatch
strided/dispatch,Create a strided array function interface which performs multiple dispatch.,strided.dispatch,Function,false,false,false,
strided/dtypes,List of strided array data types.,strided.dataTypes,Function,false,false,false,
strided/napi/addon-arguments,"C API for validating, extracting, and transforming (to native C types) function arguments provided to a strided array Node-API add-on interface.",,,false,true,false,
strided/napi/binary,C API for registering a Node-API module exporting a strided array interface for applying a binary callback to input strided arrays.,,,false,true,false,
strided/napi/cmap,C API for registering a Node-API module exporting a strided array interface for applying a unary callback to a single-precision complex floating-point strided input array and assigning results to a single-precision complex floating-point strided output array.,,,false,true,false,
strided/napi/dmap,C API for registering a Node-API module exporting a strided array interface for applying a unary callback to a double-precision floating-point strided input array and assigning results to a double-precision floating-point strided output array.,,,false,true,false,
strided/napi/dmap2,C API for registering a Node-API module exporting a strided array interface for applying a binary callback to double-precision floating-point strided input arrays and assigning results to a double-precision floating-point strided output array.,,,false,true,false,
strided/napi/dmskmap,C API for registering a Node-API module exporting a strided array interface for applying a unary callback to a double-precision floating-point strided input array according to a strided mask array and assigning results to a double-precision floating-point strided output array.,,,false,true,false,
strided/napi/dmskmap2,C API for registering a Node-API module exporting a strided array interface for applying a binary callback to double-precision floating-point strided input arrays according to a strided mask array and assigning results to a double-precision floating-point strided output array.,,,false,true,false,
strided/napi/mskunary,C API for registering a Node-API module exporting a strided array interface for applying a unary callback to an input strided array according to a mask strided array.,,,false,true,false,
strided/napi/nullary,C API for registering a Node-API module exporting a strided array interface for applying a nullary callback.,,,false,true,false,
strided/napi,C APIs for creating Node-API strided array native add-ons.,,,false,false,false,
strided/napi/smap,C API for registering a Node-API module exporting a strided array interface for applying a unary callback to a single-precision floating-point strided input array and assigning results to a single-precision floating-point strided output array.,,,false,true,false,
strided/napi/smap2,C API for registering a Node-API module exporting a strided array interface for applying a binary callback to single-precision floating-point strided input arrays and assigning results to a single-precision floating-point strided output array.,,,false,true,false,
strided/napi/smskmap,C API for registering a Node-API module exporting a strided array interface for applying a unary callback  to a single-precision floating-point strided input array according to a strided mask array and assigning results to a single-precision floating-point strided output array.,,,false,true,false,
strided/napi/smskmap2,C API for registering a Node-API module exporting a strided array interface for applying a binary callback to single-precision floating-point strided input arrays according to a strided mask array and assigning results to a single-precision floating-point strided output array.,,,false,true,false,
strided/napi/unary,C API for registering a Node-API module exporting a strided array interface for applying a unary callback to an input strided array.,,,false,true,false,
strided/napi/zmap,C API for registering a Node-API module exporting a strided array interface for applying a unary callback to a double-precision complex floating-point strided input array and assigning results to a double-precision complex floating-point strided output array.,,,false,true,false,
strided,Strided.,,,false,false,false,
string/acronym,Generate an acronym for a given string.,acronym,Function,true,false,false,
string/base/altcase,Convert a string to alternate case.,base.altcase,Function,false,false,false,string/base/lowercase;string/base/uppercase
string/base/atob,Decode a string of data which has been encoded using Base64 encoding.,,,false,false,false,
string/base/base64-to-uint8array,Convert a Base64-encoded string to a Uint8Array.,,,false,false,false,
string/base/camelcase,Convert a string to camel case.,base.camelcase,Function,false,false,false,string/base/constantcase;string/base/lowercase;string/base/snakecase;string/base/uppercase
string/base/capitalize,Capitalize the first character in a string.,base.capitalize,Function,false,false,false,string/base/lowercase;string/base/uppercase
string/base/code-point-at,Return a Unicode code point from a string at a specified position.,base.codePointAt,Function,false,false,false,
string/base/concat,Concatenate two strings.,,,false,false,false,
string/base/constantcase,Convert a string to constant case.,base.constantcase,Function,false,false,false,string/base/camelcase;string/base/lowercase;string/base/snakecase;string/base/uppercase
string/base/distances/hamming,Calculate the Hamming distance between two equal-length strings.,,,false,false,false,
string/base/distances/levenshtein,Calculates the Levenshtein (edit) distance between two strings.,,,false,false,false,
string/base/distances,Implementations of various string similarity metrics.,,,false,false,false,
string/base/dotcase,Convert a string to dot case.,base.dotcase,Function,false,false,false,string/base/camelcase;string/base/lowercase;string/base/snakecase;string/base/uppercase
string/base/ends-with,Test if a string ends with the characters of another string.,base.endsWith,Function,false,false,false,string/base/starts-with
string/base/first-code-point,Return the first Unicode code point of a string.,base.firstCodePoint,Function,false,false,false,string/base/first;string/base/first-grapheme-cluster;string/base/last-code-point;string/base/remove-first-code-point;string/first
string/base/first-grapheme-cluster,"Return the first grapheme cluster (i.e., user-perceived character) of a string.",base.firstGraphemeCluster,Function,false,false,false,string/base/first;string/base/first-code-point;string/base/last-grapheme-cluster;string/base/remove-first-grapheme-cluster;string/first
string/base/first,Return the first UTF-16 code unit of a string.,base.firstCodeUnit,Function,false,false,false,string/base/first-code-point;string/base/first-grapheme-cluster;string/base/last;string/base/remove-first;string/first
string/base/for-each-code-point-right,"Invoke a function for each Unicode code point in a string, iterating from right to left.",base.forEachCodePointRight,Function,false,false,false,string/base/for-each-code-point;string/base/for-each-right
string/base/for-each-code-point,Invoke a function for each Unicode code point in a string.,base.forEachCodePoint,Function,false,false,false,string/base/for-each;string/base/for-each-grapheme-cluster;string/for-each
string/base/for-each-grapheme-cluster,"Invoke a function for each grapheme cluster (i.e., user-perceived character) in a string.",base.forEachGraphemeCluster,Function,false,false,false,string/base/for-each;string/base/for-each-code-point;string/for-each
string/base/for-each-right,"Invoke a function for each UTF-16 code unit in a string, iterating from right to left.",base.forEachRight,Function,false,false,false,string/base/for-each;string/base/for-each-code-point-right
string/base/for-each,Invoke a function for each UTF-16 code unit in a string.,base.forEachChar,Function,false,false,false,string/base/for-each-code-point;string/base/for-each-grapheme-cluster;string/for-each
string/base/format-interpolate,Generate string from a token array by interpolating values.,base.formatInterpolate,Function,false,false,false,string/base/format-tokenize
string/base/format-tokenize,Tokenize a string into an array of string parts and format identifier objects.,base.formatTokenize,Function,false,false,false,string/base/format-interpolate
string/base/headercase,Convert a string to HTTP header case.,base.headercase,Function,false,false,false,string/base/camelcase;string/base/pascalcase;string/base/uppercase
string/base/invcase,Convert a string to inverse case.,base.invcase,Function,false,false,false,string/base/lowercase;string/base/uppercase
string/base/kebabcase,Convert a string to kebab case.,base.kebabcase,Function,false,false,false,string/base/camelcase;string/base/lowercase;string/base/pascalcase;string/base/snakecase;string/base/uppercase
string/base/last-code-point,Return the last Unicode code point of a string.,base.lastCodePoint,Function,false,false,false,string/base/first-code-point;string/base/last-grapheme-cluster;string/base/last
string/base/last-grapheme-cluster,"Return the last grapheme cluster (i.e., user-perceived character) of a string.",base.lastGraphemeCluster,Function,false,false,false,string/base/first-grapheme-cluster;string/base/last-code-point;string/base/last
string/base/last,Return the last UTF-16 code unit of a string.,base.last,Function,false,false,false,string/base/first;string/base/last-code-point;string/base/last-grapheme-cluster
string/base/left-pad,Left pad a string.,base.leftPad,Function,false,false,false,string/base/right-pad
string/base/left-trim,Trim whitespace characters from the beginning of a string.,base.leftTrim,Function,false,false,false,string/base/right-trim;string/base/trim
string/base/lowercase,Convert a string to lowercase.,base.lowercase,Function,false,false,false,string/base/snakecase;string/base/uppercase
string/base,"Base (i.e., lower-level) string functions.",,,false,false,false,
string/base/pascalcase,Convert a string to Pascal case.,base.pascalcase,Function,false,false,false,string/base/camelcase;string/base/lowercase;string/base/uppercase
string/base/percent-encode,Percent-encode a UTF-16 encoded string according to RFC 3986.,base.percentEncode,Function,false,false,false,
string/base/remove-first-code-point,Remove the first Unicode code point of a string.,base.removeFirstCodePoint,Function,false,false,false,string/base/remove-last-code-point;string/base/remove-first-grapheme-cluster;string/base/remove-first
string/base/remove-first-grapheme-cluster,"Remove the first grapheme cluster (i.e., user-perceived character) of a string.",base.removeFirstGraphemeCluster,Function,false,false,false,string/base/remove-first-code-point;string/base/remove-last-grapheme-cluster;string/base/remove-first
string/base/remove-first,Remove the first UTF-16 code unit of a string.,base.removeFirst,Function,false,false,false,string/base/remove-first-code-point;string/base/remove-first-grapheme-cluster;string/base/remove-last
string/base/remove-last-code-point,Remove the last Unicode code point of a string.,base.removeLastCodePoint,Function,false,false,false,string/base/remove-first-code-point;string/base/remove-last-grapheme-cluster;string/base/remove-last
string/base/remove-last-grapheme-cluster,"Remove the last grapheme cluster (i.e., user-perceived character) of a string.",base.removeLastGraphemeCluster,Function,false,false,false,string/base/remove-first-code-point;string/base/remove-last-code-point;string/base/remove-last
string/base/remove-last,Remove the last UTF-16 code unit of a string.,base.removeLast,Function,false,false,false,string/base/remove-last-code-point;string/base/remove-last-grapheme-cluster;string/base/remove-first
string/base/repeat,Repeat a string a specified number of times and return the concatenated result.,base.repeat,Function,false,false,false,
string/base/replace-after-last,Replace the substring after the last occurrence of a specified search string.,base.replaceAfterLast,Function,false,false,false,string/base/replace-after;string/base/replace-before-last;string/base/replace-before
string/base/replace-after,Replace the substring after the first occurrence of a specified search string.,base.replaceAfter,Function,false,false,false,string/base/replace-after-last;string/base/replace-before;string/base/replace-before-last
string/base/replace-before-last,Replace the substring before the last occurrence of a specified search string.,base.replaceBeforeLast,Function,false,false,false,string/base/replace-after-last;string/base/replace-after;string/base/replace-before
string/base/replace-before,Replace the substring before the first occurrence of a specified search string.,base.replaceBefore,Function,false,false,false,string/base/replace-after;string/base/replace-before-last;string/base/replace-after-last
string/base/replace,Replace search occurrences with a replacement string.,base.replace,Function,false,false,false,string/base/replace-after;string/base/replace-before;string/base/replace-after-last;string/base/replace-before-last
string/base/reverse-code-points,Reverse the Unicode code points of a string.,base.reverseCodePoints,Function,false,false,false,string/base/reverse-grapheme-clusters;string/base/reverse
string/base/reverse-grapheme-clusters,"Reverse the grapheme clusters (i.e., user-perceived characters) of a string.",base.reverseGraphemeClusters,Function,false,false,false,string/base/reverse-code-points;string/base/reverse
string/base/reverse,Reverse the UTF-16 code units of a string.,base.reverse,Function,false,false,false,string/base/reverse-code-points;string/base/reverse-grapheme-clusters
string/base/right-pad,Right pad a string.,base.rightPad,Function,false,false,false,string/base/left-pad
string/base/right-trim,Trim whitespace characters from the end of a string.,base.rightTrim,Function,false,false,false,string/base/left-trim
string/base/slice-code-points,Slice a string based on Unicode code points.,,,false,false,false,
string/base/slice-grapheme-clusters,"Slice a string based on grapheme cluster (i.e., user-perceived character) indices.",,,false,false,false,
string/base/slice,Slice UTF-16 code units from a string.,,,false,false,false,
string/base/snakecase,Convert a string to snake case.,base.snakecase,Function,false,false,false,string/base/camelcase;string/base/lowercase;string/base/stickycase;string/base/uppercase
string/base/startcase,Capitalize the first letter of each word in a string.,base.startcase,Function,false,false,false,string/base/capitalize;string/base/lowercase;string/base/uppercase
string/base/starts-with,Test if a string starts with the characters of another string.,base.startsWith,Function,false,false,false,string/base/ends-with
string/base/stickycase,Convert a string to sticky case.,base.stickycase,Function,false,false,false,string/base/camelcase;string/base/lowercase;string/base/snakecase;string/base/uppercase
string/base/trim,Trim whitespace characters from the beginning and end of a string.,base.trim,Function,false,false,false,string/base/left-trim;string/base/right-trim
string/base/truncate-middle,Truncate the middle UTF-16 code units of a string to return a string having a specified length.,base.truncateMiddle,Function,false,false,false,
string/base/uncapitalize,Uncapitalize the first character of a string.,base.uncapitalize,Function,false,false,false,string/base/capitalize
string/base/uppercase,Convert a string to uppercase.,base.uppercase,Function,false,false,false,string/base/lowercase
string/camelcase,Convert a string to camel case.,camelcase,Function,true,false,false,string/constantcase;string/kebabcase;string/pascalcase;string/snakecase
string/capitalize,Capitalize the first character in a string.,capitalize,Function,true,false,false,string/uncapitalize;string/uppercase
string/code-point-at,Return a Unicode code point from a string at a specified position.,codePointAt,Function,true,false,false,string/from-code-point
string/constantcase,Convert a string to constant case.,constantcase,Function,true,false,false,string/camelcase;string/kebabcase;string/pascalcase;string/snakecase
string/dotcase,Convert a string to dot case.,dotcase,Function,true,false,false,string/camelcase;string/kebabcase;string/pascalcase;string/snakecase
string/ends-with,Test if a string ends with the characters of another string.,endsWith,Function,true,false,false,string/starts-with
string/first,Return the first character(s) of a string.,firstChar,Function,true,false,false,string/remove-first;string/last
string/for-each,Invoke a function for each character in a string.,forEachChar,Function,false,false,false,utils/for-each
string/format,Insert supplied variable values into a format string.,format,Function,false,false,false,
string/from-code-point,Create a string from a sequence of Unicode code points.,fromCodePoint,Function,true,false,false,string/code-point-at
string/headercase,Convert a string to HTTP header case.,headercase,Function,true,false,false,string/camelcase;string/kebabcase;string/pascalcase;string/snakecase
string/kebabcase,Convert a string to kebab case.,kebabcase,Function,true,false,false,string/camelcase;string/constantcase;string/pascalcase;string/snakecase
string/last,Return the last character(s) of a string.,last,Function,true,false,false,string/first
string/left-pad,Left pad a string.,lpad,Function,true,false,false,string/pad;string/right-pad
string/left-trim-n,Trim `n` characters from the beginning of a string.,ltrimN,Function,true,false,false,string/right-trim-n;string/trim
string/left-trim,Trim whitespace characters from the beginning of a string.,ltrim,Function,true,false,false,string/trim;string/right-trim
string/lowercase,Convert a string to lowercase.,lowercase,Function,true,false,false,string/uncapitalize;string/uppercase
string/next-code-point-index,Return the position of the next Unicode code point in a string after a specified position.,,,true,false,false,
string/next-grapheme-cluster-break,Return the next extended grapheme cluster break in a string after a specified position.,nextGraphemeClusterBreak,Function,true,false,false,string/num-grapheme-clusters;string/prev-grapheme-cluster-break
string/num-code-points,Return the number of code points in a string.,,,true,false,false,
string/num-grapheme-clusters,Return the number of grapheme clusters in a string.,numGraphemeClusters,Function,true,false,false,string/next-grapheme-cluster-break
string/num2words,Convert a number to a word representation.,num2words,Function,true,false,false,
string,String manipulation functions.,,,false,false,false,
string/pad,Pad a string.,pad,Function,true,false,false,string/left-pad;string/right-pad
string/pascalcase,Convert a string to Pascal case.,pascalcase,Function,true,false,false,string/camelcase;string/constantcase;string/kebabcase;string/snakecase
string/percent-encode,Percent-encode a UTF-16 encoded string according to RFC 3986.,percentEncode,Function,true,false,false,
string/prev-grapheme-cluster-break,Return the previous extended grapheme cluster break in a string before a specified position.,prevGraphemeClusterBreak,Function,true,false,false,string/num-grapheme-clusters;string/next-grapheme-cluster-break
string/remove-first,Remove the first character(s) of a string.,removeFirst,Function,true,false,false,string/remove-last
string/remove-last,Remove the last character(s) of a string.,removeLast,Function,true,false,false,string/remove-first
string/remove-punctuation,Remove punctuation characters from a string.,removePunctuation,Function,true,false,false,
string/remove-utf8-bom,Remove a UTF-8 byte order mark (BOM) from the beginning of a string.,removeUTF8BOM,Function,true,false,false,
string/remove-words,Remove a list of words from a string.,removeWords,Function,true,false,false,
string/repeat,Repeat a string a specified number of times and return the concatenated result.,repeat,Function,true,false,false,string/pad
string/replace-before,Replace the substring before the first occurrence of a specified search string.,replaceBefore,Function,true,false,false,
string/replace,Replace search occurrences with a replacement string.,replace,Function,true,false,false,
string/reverse,Reverse a string.,reverseString,Function,true,false,false,
string/right-pad,Right pad a string.,rpad,Function,true,false,false,string/left-pad;string/pad
string/right-trim-n,Trim `n` characters from the end of a string.,rtrimN,Function,true,false,false,string/left-trim-n;string/trim
string/right-trim,Trim whitespace characters from the end of a string.,rtrim,Function,true,false,false,string/left-trim;string/trim
string/snakecase,Convert a string to snake case.,snakecase,Function,true,false,false,string/camelcase;string/constantcase;string/kebabcase;string/pascalcase
string/split-grapheme-clusters,Split a string by its grapheme cluster breaks.,,,false,false,false,
string/startcase,Capitalize the first letter of each word in a string.,startcase,Function,true,false,false,string/lowercase;string/uppercase
string/starts-with,Test if a string starts with the characters of another string.,startsWith,Function,true,false,false,string/ends-with
string/substring-after-last,Return the part of a string after the last occurrence of a specified substring.,substringAfterLast,Function,true,false,false,string/substring-before;string/substring-before-last;string/substring-after
string/substring-after,Return the part of a string after a specified substring.,substringAfter,Function,true,false,false,string/substring-before;string/substring-before-last;string/substring-after-last
string/substring-before-last,Return the part of a string before the last occurrence of a specified substring.,substringBeforeLast,Function,true,false,false,string/substring-before;string/substring-after;string/substring-after-last
string/substring-before,Return the part of a string before a specified substring.,substringBefore,Function,true,false,false,string/substring-before-last;string/substring-after;string/substring-after-last
string/to-grapheme-cluster-iterator-right,Create an iterator which iterates from right to left over grapheme clusters.,graphemeClusters2iteratorRight,Function,false,false,false,array/to-iterator-right;string/to-grapheme-cluster-iterator
string/to-grapheme-cluster-iterator,Create an iterator which iterates over grapheme clusters.,graphemeClusters2iterator,Function,false,false,false,array/to-iterator;string/to-grapheme-cluster-iterator-right
string/to-well-formed,Convert a string to a well formed string.,,,false,false,false,
string/tools/grapheme-cluster-break,Grapheme cluster break tooling.,,,false,false,false,
string/tools,String tools.,,,false,false,false,
string/trim,Trim whitespace characters from the beginning and end of a string.,trim,Function,true,false,false,string/left-trim;string/pad;string/right-trim
string/truncate-middle,Truncate a string in the middle to a specified length.,truncateMiddle,Function,true,false,false,string/truncate
string/truncate,Truncate a string to a specified length.,truncate,Function,true,false,false,string/truncate-middle
string/uncapitalize,Uncapitalize the first character of a string.,uncapitalize,Function,true,false,false,string/capitalize;string/lowercase
string/uppercase,Convert a string to uppercase.,uppercase,Function,true,false,false,string/capitalize;string/lowercase
string/utf16-to-utf8-array,Convert a UTF-16 encoded string to an array of integers using UTF-8 encoding.,utf16ToUTF8Array,Function,false,false,false,
symbol/async-iterator,Async iterator symbol.,AsyncIteratorSymbol,symbol,false,false,false,symbol/ctor;symbol/iterator
symbol/ctor,Symbols.,Symbol,Function,false,false,false,
symbol/has-instance,Has instance symbol.,,,false,false,false,
symbol/is-concat-spreadable,Concat spreadable symbol.,,,false,false,false,
symbol/iterator,Symbol iterator.,IteratorSymbol,symbol,false,false,false,symbol/ctor
symbol,Symbol.,,,false,false,false,
symbol/replace,Replace symbol.,,,false,false,false,
symbol/to-primitive,Symbol which specifies a method for converting an object to a primitive value.,,,false,false,false,
time/base,"Base (i.e., lower-level) time utilities.",,,false,false,false,
time/base/parse-duration,Parse a duration string into an object.,,,false,false,false,
time/current-year,Current year.,currentYear,Function,true,false,false,assert/is-current-year
time/day-of-quarter,Determine the day of the quarter.,dayOfQuarter,Function,true,false,false,time/day-of-year
time/day-of-year,Determine the day of the year.,dayOfYear,Function,true,false,false,time/day-of-quarter
time/days-in-month,Determine the number of days in a month.,daysInMonth,Function,true,false,false,time/days-in-year
time/days-in-year,Determine the number of days in a year according to the Gregorian calendar.,daysInYear,Function,true,false,false,time/days-in-month
time/duration2ms,Convert a duration string to milliseconds.,,,true,false,false,
time/hours-in-month,Determine the number of hours in a month.,hoursInMonth,Function,true,false,false,time/hours-in-year
time/hours-in-year,Determine the number of hours in a year according to the Gregorian calendar.,hoursInYear,Function,true,false,false,time/hours-in-month
time/iso-weeks-in-year,Determine the number of ISO weeks in a year according to the Gregorian calendar.,isoWeeksInYear,Function,true,false,false,
time/minutes-in-month,Determine the number of minutes in a month.,minutesInMonth,Function,true,false,false,time/minutes-in-year
time/minutes-in-year,Determine the number of minutes in a year according to the Gregorian calendar.,minutesInYear,Function,true,false,false,time/minutes-in-month
time/ms2duration,Convert a number of milliseconds to a string duration.,,,true,false,false,
time/now,Time in seconds since the epoch.,now,Function,true,false,false,
time,Time utilities.,,,false,false,false,
time/quarter-of-year,Determine the quarter of the year.,quarterOfYear,Function,true,false,false,time/day-of-year
time/seconds-in-month,Determine the number of seconds in a month.,secondsInMonth,Function,true,false,false,time/seconds-in-year
time/seconds-in-year,Determine the number of seconds in a year according to the Gregorian calendar.,secondsInYear,Function,true,false,false,time/seconds-in-month
time/tic,Return a high-resolution time.,tic,Function,false,false,false,time/toc
time/toc,Return a high-resolution time difference.,toc,Function,false,false,false,time/tic
types,stdlib TypeScript type declarations.,,,false,false,false,
utils/any-by-right,"Test whether at least one element in a collection passes a test implemented by a predicate function, iterating from right to left.",anyByRight,Function,false,false,false,utils/any-by;utils/async/any-by-right;utils/every-by-right;utils/for-each-right;utils/none-by-right;utils/some-by-right
utils/any-by,Test whether at least one element in a collection passes a test implemented by a predicate function.,anyBy,Function,false,false,false,utils/async/any-by;utils/any-by-right;utils/every-by;utils/for-each;utils/none-by;utils/some-by
utils/any,Test whether at least one element in a collection is truthy.,any,Function,false,false,false,utils/any-by;utils/every;utils/for-each;utils/none;utils/some
utils/append,Add elements from one collection to the end of another collection.,append,Function,false,false,false,utils/prepend;utils/push
utils/argument-function,Argument function.,argumentFunction,Function,false,false,false,utils/constant-function;utils/identity-function
utils/async/any-by-right,"Test whether at least one element in a collection passes a test implemented by a predicate function, iterating from right to left.",anyByRightAsync,Function,false,false,false,utils/async/any-by;utils/any-by-right;utils/async/every-by-right;utils/async/for-each-right;utils/async/none-by-right;utils/async/some-by-right
utils/async/any-by,Test whether at least one element in a collection passes a test implemented by a predicate function.,anyByAsync,Function,false,false,false,utils/any-by;utils/async/any-by-right;utils/async/every-by;utils/async/for-each;utils/async/none-by;utils/async/some-by
utils/async/bifurcate-by,Split values into two groups according to a predicate function.,bifurcateByAsync,Function,false,false,false,utils/bifurcate-by;utils/async/group-by
utils/async/compose,Function composition.,composeAsync,Function,false,false,false,utils/compose
utils/async/count-by,Group values according to an indicator function and return group counts.,countByAsync,Function,false,false,false,utils/count-by;utils/async/group-by;utils/async/tabulate-by
utils/async/do-until,Invoke a function until a test condition is true.,doUntilAsync,Function,false,false,false,utils/do-until;utils/async/do-while;utils/async/until;utils/async/while
utils/async/do-while,Invoke a function while a test condition is true.,doWhileAsync,Function,false,false,false,utils/async/do-until;utils/do-while;utils/async/until;utils/async/while
utils/async/every-by-right,"Test whether all elements in a collection pass a test implemented by a predicate function, iterating from right to left.",everyByRightAsync,Function,false,false,false,utils/async/any-by-right;utils/async/every-by;utils/every-by-right;utils/async/for-each-right;utils/async/none-by-right;utils/async/some-by-right
utils/async/every-by,Test whether all elements in a collection pass a test implemented by a predicate function.,everyByAsync,Function,false,false,false,utils/async/any-by;utils/every-by;utils/async/every-by-right;utils/async/for-each;utils/async/none-by;utils/async/some-by
utils/async/for-each-right,"Invoke a function once for each element in a collection, iterating from right to left.",forEachRightAsync,Function,false,false,false,utils/async/for-each;utils/for-each-right
utils/async/for-each,Invoke a function once for each element in a collection.,forEachAsync,Function,false,false,false,utils/for-each;utils/async/for-each-right
utils/async/function-sequence,Function sequence.,functionSequenceAsync,Function,false,false,false,utils/async/compose;utils/function-sequence
utils/async/group-by,Group values according to an indicator function.,groupByAsync,Function,false,false,false,utils/async/bifurcate-by;utils/async/count-by;utils/group-by
utils/async/if-else,"If a predicate function returns a truthy value, return `x`; otherwise, return `y`.",ifelseAsync,Function,false,false,false,utils/async/if-then;utils/if-else
utils/async/if-then,"If a predicate function returns a truthy value, invoke `x`; otherwise, invoke `y`.",ifthenAsync,Function,false,false,false,utils/async/if-else;utils/if-then
utils/async/inmap-right,"Invoke a function for each element in a collection and update the collection in-place, iterating from right to left.",inmapRightAsync,Function,false,false,false,utils/async/for-each-right;utils/async/inmap;utils/inmap-right
utils/async/inmap,Invoke a function for each element in a collection and update the collection in-place.,inmapAsync,Function,false,false,false,utils/async/for-each;utils/async/inmap-right;utils/inmap
utils/async/map-function,Invoke a function n times and return an array of accumulated function return values.,mapFunAsync,Function,false,false,false,utils/map-function
utils/async/map-keys,Map keys from one object to a new object having the same values.,mapKeysAsync,Function,false,false,false,utils/map-keys;utils/async/map-values
utils/async/map-values,Map values from one object to a new object having the same keys.,mapValuesAsync,Function,false,false,false,utils/async/map-keys;utils/map-values
utils/async/none-by-right,"Test whether all elements in a collection fail a test implemented by a predicate function, iterating from right to left.",noneByRightAsync,Function,false,false,false,utils/async/any-by-right;utils/async/every-by-right;utils/async/for-each-right;utils/async/none-by;utils/none-by-right;utils/async/some-by-right
utils/async/none-by,Test whether all elements in a collection fail a test implemented by a predicate function.,noneByAsync,Function,false,false,false,utils/async/any-by;utils/async/every-by;utils/async/for-each;utils/none-by;utils/async/none-by-right;utils/async/some-by
utils/async,Standard async utilities.,,,false,false,false,
utils/async/parallel,Execute a set of functions in parallel.,,,false,false,false,
utils/async/reduce-right,"Apply a function against an accumulator and each element in a collection and return the accumulated result, iterating from right to left.",reduceRightAsync,Function,false,false,false,utils/async/for-each-right;utils/async/reduce;utils/reduce-right
utils/async/reduce,Apply a function against an accumulator and each element in a collection and return the accumulated result.,reduceAsync,Function,false,false,false,utils/async/for-each;utils/reduce;utils/async/reduce-right
utils/async/series-waterfall,"Execute functions in series, passing the results of one function as arguments to the next function.",waterfall,Function,false,false,false,
utils/async/some-by-right,"Test whether a collection contains at least `n` elements which pass a test implemented by a predicate function, iterating from right to left.",someByRightAsync,Function,false,false,false,utils/async/any-by-right;utils/async/every-by-right;utils/async/for-each-right;utils/async/none-by-right;utils/async/some-by;utils/some-by-right
utils/async/some-by,Test whether a collection contains `n` elements which pass a test implemented by a predicate function.,someByAsync,Function,false,false,false,utils/async/any-by;utils/async/every-by;utils/async/for-each;utils/async/none-by;utils/some-by;utils/async/some-by-right
utils/async/tabulate-by,Generate a frequency table according to an indicator function.,tabulateByAsync,Function,false,false,false,utils/async/count-by;utils/async/group-by;utils/tabulate-by
utils/async/try-catch,"If a function does not return an error, invoke a callback with the function result; otherwise, invoke a callback with a value `y`.",trycatchAsync,Function,false,false,false,utils/try-catch;utils/async/try-then
utils/async/try-then,"If a function does not return an error, invoke a callback with the function result; otherwise, invoke a second function.",trythenAsync,Function,false,false,false,utils/async/try-catch;utils/try-then
utils/async/until,Invoke a function until a test condition is true.,untilAsync,Function,false,false,false,utils/async/do-until;utils/async/do-while;utils/until;utils/async/while
utils/async/while,Invoke a function while a test condition is true.,whileAsync,Function,false,false,false,utils/async/do-until;utils/async/do-while;utils/async/until;utils/while
utils/bifurcate-by,Split values into two groups according to a predicate function.,bifurcateBy,Function,false,false,false,utils/bifurcate;utils/group-by
utils/bifurcate,Split values into two groups.,bifurcate,Function,false,false,false,utils/bifurcate-by;object/bifurcate-own;utils/group
utils/compose,Function composition.,compose,Function,false,false,false,utils/async/compose
utils/constant-function,Constant function.,constantFunction,Function,false,false,false,utils/argument-function;utils/identity-function
utils/constructor-name,Determine the name of a value's constructor.,constructorName,Function,false,false,false,utils/function-name
utils/convert-path,Convert between POSIX and Windows paths.,convertPath,Function,true,false,false,
utils/copy,Copy or deep clone a value to an arbitrary depth.,copy,Function,false,false,false,utils/merge
utils/count-by,Group values according to an indicator function and return group counts.,countBy,Function,false,false,false,utils/group;utils/group-by
utils/curry-right,Transform a function into a sequence of functions each accepting a single argument.,curryRight,Function,false,false,false,utils/curry;utils/uncurry;utils/uncurry-right
utils/curry,Transform a function into a sequence of functions each accepting a single argument.,curry,Function,false,false,false,utils/curry-right;utils/uncurry;utils/uncurry-right
utils/decorate-after,Decorate a provided function such that the function's return value is provided as an argument to another function.,decorateAfter,Function,false,false,false,
utils/deep-pluck,Extract a nested property value from each element of an object array.,deepPluck,Function,false,false,false,object/deep-get;object/deep-set
utils/define-configurable-read-only-accessor,Define a configurable read-only accessor.,setConfigurableReadOnlyAccessor,Function,false,false,false,utils/define-configurable-read-only-property;utils/define-configurable-read-write-accessor;utils/define-configurable-write-only-accessor;utils/define-property;utils/define-read-only-accessor
utils/define-configurable-read-only-property,Define a configurable read-only property.,setConfigurableReadOnly,Function,false,false,false,utils/define-configurable-read-only-accessor;utils/define-configurable-read-write-accessor;utils/define-property;utils/define-read-only-property
utils/define-configurable-read-write-accessor,Define a configurable read-write accessor.,setConfigurableReadWriteAccessor,Function,false,false,false,utils/define-configurable-read-only-property;utils/define-configurable-read-only-accessor;utils/define-configurable-write-only-accessor;utils/define-property;utils/define-read-write-accessor
utils/define-configurable-write-only-accessor,Define a configurable write-only accessor.,setConfigurableWriteOnlyAccessor,Function,false,false,false,utils/define-configurable-read-only-property;utils/define-configurable-read-only-accessor;utils/define-configurable-read-write-accessor;utils/define-property;utils/define-write-only-accessor
utils/define-memoized-configurable-read-only-property,Define a configurable memoized read-only object property.,setMemoizedConfigurableReadOnly,Function,false,false,false,utils/define-configurable-read-only-property;utils/define-memoized-read-only-property;utils/define-read-only-property
utils/define-memoized-property,Define a memoized object property.,defineMemoizedProperty,Function,false,false,false,utils/define-memoized-read-only-property;utils/define-property
utils/define-memoized-read-only-property,Define a memoized read-only object property.,setMemoizedReadOnly,Function,false,false,false,utils/define-memoized-property;utils/define-read-only-property
utils/define-nonenumerable-property,Define a non-enumerable property.,setNonEnumerableProperty,Function,false,false,false,utils/define-nonenumerable-read-only-accessor;utils/define-nonenumerable-read-only-property;utils/define-nonenumerable-read-write-accessor;utils/define-nonenumerable-write-only-accessor;utils/define-read-only-property
utils/define-nonenumerable-read-only-accessor,Define a non-enumerable read-only accessor.,setNonEnumerableReadOnlyAccessor,Function,false,false,false,utils/define-nonenumerable-property;utils/define-nonenumerable-read-only-property;utils/define-nonenumerable-read-write-accessor;utils/define-nonenumerable-write-only-accessor;utils/define-read-only-accessor
utils/define-nonenumerable-read-only-property,Define a non-enumerable read-only property.,setNonEnumerableReadOnly,Function,false,false,false,utils/define-nonenumerable-property;utils/define-nonenumerable-read-only-accessor;utils/define-nonenumerable-read-write-accessor;utils/define-nonenumerable-write-only-accessor;utils/define-read-only-property
utils/define-nonenumerable-read-write-accessor,Define a non-enumerable read-write accessor.,setNonEnumerableReadWriteAccessor,Function,false,false,false,utils/define-nonenumerable-property;utils/define-nonenumerable-read-only-accessor;utils/define-nonenumerable-read-only-property;utils/define-nonenumerable-write-only-accessor;utils/define-read-write-accessor
utils/define-nonenumerable-write-only-accessor,Define a non-enumerable write-only accessor.,setNonEnumerableWriteOnlyAccessor,Function,false,false,false,utils/define-nonenumerable-property;utils/define-nonenumerable-read-only-accessor;utils/define-nonenumerable-read-only-property;utils/define-nonenumerable-read-write-accessor;utils/define-write-only-accessor
utils/define-properties,Define (and/or modify) object properties.,defineProperties,Function,false,false,false,utils/define-property;utils/define-read-only-property
utils/define-property,Define (or modify) an object property.,defineProperty,Function,false,false,false,utils/define-properties;utils/define-read-only-property
utils/define-read-only-accessor,Define a read-only accessor.,setReadOnlyAccessor,Function,false,false,false,utils/define-read-only-property;utils/define-read-write-accessor;utils/define-write-only-accessor
utils/define-read-only-property,Define a read-only property.,setReadOnly,Function,false,false,false,utils/define-read-only-accessor;utils/define-read-write-accessor;utils/define-write-only-accessor
utils/define-read-write-accessor,Define a read-write accessor.,setReadWriteAccessor,Function,false,false,false,utils/define-read-only-property;utils/define-read-only-accessor;utils/define-write-only-accessor
utils/define-write-only-accessor,Define a write-only accessor.,setWriteOnlyAccessor,Function,false,false,false,utils/define-read-only-property;utils/define-read-only-accessor;utils/define-read-write-accessor
utils/dirname,Return a directory name.,dirname,Function,false,false,false,utils/extname
utils/do-until-each-right,"Until a test condition is true, invoke a function for each element in a collection, iterating from right to left.",doUntilEachRight,Function,false,false,false,utils/do-until-each;utils/do-while-each-right;utils/until-each-right
utils/do-until-each,"Until a test condition is true, invoke a function for each element in a collection.",doUntilEach,Function,false,false,false,utils/do-until-each-right;utils/do-while-each;utils/until-each
utils/do-until,Invoke a function until a test condition is true.,doUntil,Function,false,false,false,utils/async/do-until;utils/do-until-each;utils/do-while;utils/until;utils/while
utils/do-while-each-right,"While a test condition is true, invoke a function for each element in a collection, iterating from right to left.",doWhileEachRight,Function,false,false,false,utils/do-until-each-right;utils/do-while-each;utils/while-each-right
utils/do-while-each,"While a test condition is true, invoke a function for each element in a collection.",doWhileEach,Function,false,false,false,utils/do-until-each;utils/do-while-each-right;utils/while-each
utils/do-while,Invoke a function while a test condition is true.,doWhile,Function,false,false,false,utils/do-until;utils/async/do-while;utils/do-while-each;utils/until;utils/while
utils/dsv/base,Standard base utilities for working with data formatted as delimiter-separated values (DSV).,,,false,false,false,
utils/dsv/base/parse,Incremental parser for delimiter-separated values (DSV).,,,false,false,false,
utils/dsv,Standard utilities for working with data formatted as delimiter-separated values (DSV).,,,false,false,false,
utils/entries-in,Return an array of an object's own and inherited enumerable property key-value pairs.,objectEntriesIn,Function,false,false,false,utils/entries;utils/from-entries;utils/keys-in;utils/values-in
utils/entries,Return an array of an object's own enumerable property key-value pairs.,objectEntries,Function,false,false,false,utils/entries-in;utils/from-entries;utils/keys;utils/values
utils/enumerable-properties-in,Return an array of an object's own and inherited enumerable property names and symbols.,enumerablePropertiesIn,Function,false,false,false,utils/enumerable-properties;utils/enumerable-property-symbols-in;utils/inherited-enumerable-properties;utils/keys-in;utils/nonenumerable-properties-in;utils/properties-in
utils/enumerable-properties,Return an array of an object's own enumerable property names and symbols.,enumerableProperties,Function,false,false,false,utils/enumerable-properties-in;utils/enumerable-property-symbols;utils/inherited-enumerable-properties;utils/keys;utils/nonenumerable-properties;utils/properties
utils/enumerable-property-symbols-in,Return an array of an object's own and inherited enumerable symbol properties.,enumerablePropertySymbolsIn,Function,false,false,false,utils/enumerable-property-symbols;utils/inherited-enumerable-property-symbols;utils/keys-in;utils/nonenumerable-property-symbols-in;utils/property-symbols-in
utils/enumerable-property-symbols,Return an array of an object's own enumerable symbol properties.,enumerablePropertySymbols,Function,false,false,false,utils/enumerable-property-symbols-in;utils/inherited-enumerable-property-symbols;utils/keys;utils/nonenumerable-property-symbols;utils/property-symbols
utils/escape-regexp-string,Escape a regular expression string or pattern.,rescape,Function,false,false,false,
utils/eval,Alias for eval global.,evil,Function,true,false,false,
utils/every-by-right,"Test whether all elements in a collection pass a test implemented by a predicate function, iterating from right to left.",everyByRight,Function,false,false,false,utils/any-by;utils/every;utils/every-by;utils/for-each-right;utils/none-by-right;utils/some-by-right
utils/every-by,Test whether all elements in a collection pass a test implemented by a predicate function.,everyBy,Function,false,false,false,utils/any-by;utils/every-by-right;utils/for-each;utils/none-by;utils/some-by
utils/every,Test whether all elements in a collection are truthy.,every,Function,false,false,false,utils/any;utils/every-by;utils/for-each;utils/none;utils/some
utils/extname,Return a filename extension.,extname,Function,false,false,false,utils/dirname
utils/filter-arguments,Create a function that invokes a provided function according to a predicate function.,filterArguments,Function,false,false,false,utils/mask-arguments;utils/reject-arguments;utils/reorder-arguments;utils/reverse-arguments
utils/find,Find elements in an array-like object that satisfy a test condition.,find,Function,false,false,false,
utils/flatten-array,Flatten an array.,flattenArray,Function,false,false,false,utils/flatten-object
utils/flatten-object,Flatten an object.,flattenObject,Function,false,false,false,utils/flatten-array
utils/for-each-right,"Invoke a function for each element in a collection, iterating from right to left.",forEachRight,Function,false,false,false,utils/for-each;utils/async/for-each-right
utils/for-each,Invoke a function for each element in a collection.,forEach,Function,false,false,false,utils/async/for-each;utils/for-each-right
utils/from-entries,Create an object from key-value pairs.,objectFromEntries,Function,false,false,false,utils/entries
utils/function-name,Determine a function's name.,functionName,Function,false,false,false,utils/constructor-name
utils/function-sequence,Function sequence.,functionSequence,Function,false,false,false,utils/compose;utils/async/function-sequence
utils/get-prototype-of,Return the prototype of a provided object.,getPrototypeOf,Function,false,false,false,assert/is-prototype-of
utils/global,Return the global object.,getGlobal,Function,false,false,false,
utils/group-by,Group values according to an indicator function.,groupBy,Function,false,false,false,utils/bifurcate-by;utils/count-by;utils/group
utils/group-in,Group an object's own and inherited property values according to an indicator function.,groupIn,Function,false,false,false,object/bifurcate-in;utils/group-by;utils/group-own
utils/group-own,Group an object's own property values according to an indicator function.,groupOwn,Function,false,false,false,object/bifurcate-own;utils/group;utils/group-by
utils/group,Group values as arrays associated with distinct keys.,group,Function,false,false,false,utils/bifurcate;utils/count-by;utils/group-by
utils/identity-function,Identity function.,identity,Function,false,false,false,utils/constant-function
utils/if-else,"If a condition is truthy, return `x`; otherwise, return `y`.",ifelse,Function,false,false,false,utils/async/if-else;utils/if-then
utils/if-then,"If a condition is truthy, invoke `x`; otherwise, invoke `y`.",ifthen,Function,false,false,false,utils/async/if-then;utils/if-else
utils/index-of,Return the first index at which a given element can be found.,indexOf,Function,false,false,false,
utils/inherit,Implement prototypical inheritance by replacing the prototype of one constructor with the prototype of another constructor.,inherit,Function,false,false,false,
utils/inherited-enumerable-properties,Return an array of an object's inherited enumerable property names and symbols.,inheritedEnumerableProperties,Function,false,false,false,utils/enumerable-properties;utils/enumerable-properties-in;utils/inherited-enumerable-property-symbols;utils/inherited-keys;utils/inherited-nonenumerable-properties;utils/inherited-properties
utils/inherited-enumerable-property-symbols,Return an array of an object's inherited enumerable symbol properties.,inheritedEnumerablePropertySymbols,Function,false,false,false,utils/enumerable-properties;utils/enumerable-property-symbols;utils/inherited-keys;utils/nonenumerable-property-symbols;utils/nonenumerable-property-symbols-in;utils/property-symbols
utils/inherited-keys,Return an array of an object's inherited enumerable property names.,inheritedKeys,Function,false,false,false,utils/keys;utils/keys-in;utils/inherited-property-names;utils/inherited-property-symbols
utils/inherited-nonenumerable-properties,Return an array of an object's inherited non-enumerable property names and symbols.,inheritedNonEnumerableProperties,Function,false,false,false,utils/inherited-enumerable-properties;utils/inherited-nonenumerable-property-names;utils/inherited-nonenumerable-property-symbols;utils/inherited-keys;utils/nonenumerable-properties;utils/nonenumerable-properties-in;utils/properties
utils/inherited-nonenumerable-property-names,Return an array of an object's inherited non-enumerable property names.,inheritedNonEnumerablePropertyNames,Function,false,false,false,utils/inherited-nonenumerable-properties;utils/inherited-nonenumerable-property-symbols;utils/keys;utils/nonenumerable-property-names;utils/nonenumerable-property-names-in;utils/nonenumerable-property-symbols;utils/property-names
utils/inherited-nonenumerable-property-symbols,Return an array of an object's inherited non-enumerable symbol properties.,inheritedNonEnumerablePropertySymbols,Function,false,false,false,utils/inherited-nonenumerable-properties;utils/inherited-nonenumerable-property-names;utils/nonenumerable-properties;utils/nonenumerable-property-names;utils/nonenumerable-property-symbols;utils/nonenumerable-property-symbols-in;utils/property-symbols
utils/inherited-properties,Return an array of an object's inherited property names and symbols.,inheritedProperties,Function,false,false,false,utils/properties;utils/properties-in;utils/inherited-property-names;utils/inherited-property-symbols
utils/inherited-property-descriptor,Return a property descriptor for an object's inherited property.,inheritedPropertyDescriptor,Function,false,false,false,utils/property-descriptor;utils/property-descriptor-in;utils/inherited-keys;utils/inherited-property-descriptors;utils/inherited-property-names;utils/inherited-property-symbols
utils/inherited-property-descriptors,Return an object's inherited property descriptors.,inheritedPropertyDescriptors,Function,false,false,false,utils/property-descriptors;utils/property-descriptors-in;utils/inherited-keys;utils/inherited-property-names;utils/inherited-property-symbols
utils/inherited-property-names,Return an array of an object's inherited enumerable and non-enumerable property names.,inheritedPropertyNames,Function,false,false,false,utils/inherited-keys;utils/inherited-property-descriptors;utils/inherited-property-symbols;utils/property-names;utils/property-names-in
utils/inherited-property-symbols,Return an array of an object's inherited symbol properties.,inheritedPropertySymbols,Function,false,false,false,utils/inherited-keys;utils/inherited-property-descriptors;utils/inherited-property-names;utils/property-symbols;utils/property-symbols-in
utils/inherited-writable-properties,Return an array of an object's inherited writable property names and symbols.,inheritedWritableProperties,Function,false,false,false,utils/inherited-writable-property-names;utils/inherited-writable-property-symbols;utils/writable-properties;utils/writable-properties-in;utils/properties
utils/inherited-writable-property-names,Return an array of an object's inherited writable property names.,inheritedWritablePropertyNames,Function,false,false,false,utils/inherited-writable-property-symbols;utils/writable-property-names;utils/writable-property-names-in;utils/properties
utils/inherited-writable-property-symbols,Return an array of an object's inherited writable symbol properties.,inheritedWritablePropertySymbols,Function,false,false,false,utils/inherited-writable-property-names;utils/writable-property-symbols;utils/writable-property-symbols-in;utils/properties
utils/inmap-right,"Invoke a function for each element in a collection and update the collection in-place, iterating from right to left.",inmapRight,Function,false,false,false,utils/for-each-right;utils/inmap;utils/map-right
utils/inmap,Invoke a function for each element in a collection and update the collection in-place.,inmap,Function,false,false,false,utils/for-each;utils/inmap-right;utils/map
utils/key-by-right,"Convert a collection to an object whose keys are determined by a provided function and whose values are the collection values, iterating from right to left.",keyByRight,Function,false,false,false,utils/for-each-right;utils/key-by
utils/key-by,Convert a collection to an object whose keys are determined by a provided function and whose values are the collection values.,keyBy,Function,false,false,false,utils/for-each
utils/keys-in,Return an array of an object's own and inherited enumerable property names.,keysIn,Function,false,false,false,utils/entries-in;utils/keys;utils/values-in
utils/keys,Return an array of an object's own enumerable property names.,objectKeys,Function,false,false,false,utils/entries;utils/keys-in;utils/nonindex-keys;utils/values
utils/library-manifest,Load a manifest for compiling source files.,,,true,false,false,
utils/map-arguments,Create a function that applies arguments to a provided function after transforming arguments according to a callback function.,mapArguments,Function,false,false,false,utils/filter-arguments
utils/map-function,Invoke a function n times and return an array of accumulated function return values.,mapFun,Function,false,false,false,utils/async/map-function
utils/map-keys,Map keys from one object to a new object having the same values.,mapKeys,Function,false,false,false,utils/map-values
utils/map-reduce-right,Perform a single-pass map-reduce operation against each element in an array while iterating from right to left and return the accumulated result.,mapReduceRight,Function,false,false,false,utils/map-right;utils/map-reduce;utils/reduce-right
utils/map-reduce,Perform a single-pass map-reduce operation against each element in an array and return the accumulated result.,mapReduce,Function,false,false,false,utils/map;utils/map-reduce-right;utils/reduce
utils/map-right,"Apply a function to each element in an array and assign the result to an element in an output array, iterating from right to left.",mapRight,Function,false,false,false,utils/map;utils/reduce
utils/map-values,Map values from one object to a new object having the same keys.,mapValues,Function,false,false,false,utils/map-keys;utils/omit-by;utils/pick-by
utils/map,Apply a function to each element in an array and assign the result to an element in an output array.,map,Function,false,false,false,utils/map-right;utils/reduce
utils/map2-right,Apply a function to elements in two input arrays while iterating from right to left and assign the results to an output array.,map2Right,Function,false,false,false,utils/map-right;utils/map2
utils/map2,Apply a function to elements in two input arrays and assign the results to an output array.,map2,Function,false,false,false,utils/map
utils/map2d,Apply a function to each nested element in an array of arrays and assign the result to a nested element in a new array of arrays.,map2d,Function,false,false,false,utils/map;utils/map3d;utils/map4d;utils/map5d;utils/reduce2d
utils/map3d,Apply a function to each nested element in a three-dimensional nested array and assign the result to a nested element in a new three-dimensional nested array.,map3d,Function,false,false,false,utils/map;utils/map2d;utils/map4d;utils/map5d
utils/map4d,Apply a function to each nested element in a four-dimensional nested array and assign the result to a nested element in a new four-dimensional nested array.,map4d,Function,false,false,false,utils/map;utils/map2d;utils/map3d;utils/map5d
utils/map5d,Apply a function to each nested element in a five-dimensional nested array and assign the result to a nested element in a new five-dimensional nested array.,map5d,Function,false,false,false,utils/map;utils/map2d;utils/map3d;utils/map4d
utils/mask-arguments,Create a function that invokes a provided function according to an argument mask.,maskArguments,Function,false,false,false,utils/filter-arguments;utils/reject-arguments;utils/reorder-arguments;utils/reverse-arguments
utils/memoize,Memoize a function.,memoize,Function,false,false,false,
utils/merge,Merge and extend objects.,merge,Function,false,false,false,utils/copy
utils/nary-function,Create a function that invokes a provided function with a specified number of arguments.,naryFunction,Function,false,false,false,utils/mask-arguments;utils/pick-arguments
utils/native-class,Determine the specification defined classification of an object.,nativeClass,Function,false,false,false,utils/constructor-name;utils/type-of
utils/next-tick,Add a callback to the next tick queue.,nextTick,Function,false,false,false,
utils/none-by-right,"Test whether all elements in a collection fail a test implemented by a predicate function, iterating from right to left.",noneByRight,Function,false,false,false,utils/any-by-right;utils/every-by-right;utils/for-each-right;utils/none;utils/none-by;utils/some-by-right
utils/none-by,Test whether all elements in a collection fail a test implemented by a predicate function.,noneBy,Function,false,false,false,utils/any-by;utils/every-by;utils/for-each;utils/none;utils/none-by-right;utils/some-by
utils/none,Test whether all elements in a collection are falsy.,none,Function,false,false,false,utils/any;utils/every;utils/for-each;utils/none-by;utils/some
utils/nonenumerable-properties-in,Return an array of an object's own and inherited non-enumerable property names and symbols.,nonEnumerablePropertiesIn,Function,false,false,false,utils/enumerable-properties-in;utils/inherited-nonenumerable-properties;utils/nonenumerable-properties;utils/properties-in
utils/nonenumerable-properties,Return an array of an object's own non-enumerable property names and symbols.,nonEnumerableProperties,Function,false,false,false,utils/enumerable-properties;utils/inherited-nonenumerable-properties;utils/nonenumerable-properties-in;utils/properties
utils/nonenumerable-property-names-in,Return an array of an object's own and inherited non-enumerable property names.,nonEnumerablePropertyNamesIn,Function,false,false,false,utils/keys-in;utils/inherited-nonenumerable-property-names;utils/nonenumerable-property-names;utils/property-names-in
utils/nonenumerable-property-names,Return an array of an object's own non-enumerable property names.,nonEnumerablePropertyNames,Function,false,false,false,utils/keys;utils/inherited-nonenumerable-property-names;utils/nonenumerable-property-names-in;utils/nonenumerable-property-symbols;utils/property-names
utils/nonenumerable-property-symbols-in,Return an array of an object's own and inherited non-enumerable symbol properties.,nonEnumerablePropertySymbolsIn,Function,false,false,false,utils/enumerable-property-symbols-in;utils/inherited-nonenumerable-property-symbols;utils/nonenumerable-property-names-in;utils/nonenumerable-property-symbols;utils/property-symbols-in
utils/nonenumerable-property-symbols,Return an array of an object's own non-enumerable symbol properties.,nonEnumerablePropertySymbols,Function,false,false,false,utils/enumerable-property-symbols;utils/inherited-nonenumerable-property-symbols;utils/nonenumerable-property-names;utils/nonenumerable-property-symbols-in;utils/property-symbols
utils/nonindex-keys,Return an array of an object's own enumerable property names which are not integer indices.,nonIndexKeys,Function,false,false,false,utils/entries;utils/keys;utils/values
utils/noop,Function which does nothing.,noop,Function,false,false,false,
utils/omit-by,Return a partial object copy excluding properties for which a predicate (function) returns a truthy value.,omitBy,Function,false,false,false,utils/omit
utils/omit,Return a partial object copy excluding specified keys.,omit,Function,false,false,false,utils/omit-by
utils/open-url,Open a URL.,openURL,Function,true,false,false,
utils,Standard utilities.,,,false,false,false,
utils/papply-right,Partially apply function arguments from the right.,papplyRight,Function,false,false,false,utils/papply
utils/papply,Partially apply function arguments.,papply,Function,false,false,false,utils/papply-right
utils/parallel,Execute scripts in parallel.,parallel,Function,true,false,false,
utils/parse-json,Parse a string as JSON.,parseJSON,Function,false,false,false,
utils/parse-ndjson,Parse a string as Newline-Delimited JSON (NDJSON).,,,false,false,false,
utils/pick-arguments,Create a function that invokes a provided function with specified arguments.,pickArguments,Function,false,false,false,utils/reorder-arguments;utils/reverse-arguments
utils/pick-by,Return a partial object copy containing properties for which a predicate (function) returns a truthy value.,pickBy,Function,false,false,false,utils/pick
utils/pick,Return a partial object copy containing only specified keys.,pick,Function,false,false,false,utils/pick-by
utils/pluck,Extract a property value from each element of an object array.,pluck,Function,false,false,false,utils/deep-pluck;utils/pick
utils/pop,Remove and return the last element of a collection.,pop,Function,false,false,false,utils/push;utils/shift;utils/unshift
utils/prepend,Add elements from one collection to the beginning of another collection.,prepend,Function,false,false,false,utils/append;utils/unshift
utils/properties-in,Return an array of an object's own and inherited property names and symbols.,propertiesIn,Function,false,false,false,utils/define-properties;utils/inherited-properties;utils/properties;utils/property-names-in;utils/property-symbols-in
utils/properties,Return an array of an object's own enumerable and non-enumerable property names and symbols.,properties,Function,false,false,false,utils/define-properties;utils/inherited-properties;utils/properties-in;utils/property-names;utils/property-symbols
utils/property-descriptor-in,Return a property descriptor for an object's own or inherited property.,propertyDescriptorIn,Function,false,false,false,assert/has-property;utils/define-property;utils/property-descriptor;utils/property-descriptors-in
utils/property-descriptor,Return a property descriptor for an object's own property.,propertyDescriptor,Function,false,false,false,assert/has-own-property;utils/define-property;utils/property-descriptor-in;utils/property-descriptors
utils/property-descriptors-in,Return an object's own and inherited property descriptors.,propertyDescriptorsIn,Function,false,false,false,utils/define-properties;utils/property-descriptor-in;utils/property-descriptors;utils/property-names-in;utils/property-symbols-in
utils/property-descriptors,Return an object's own property descriptors.,propertyDescriptors,Function,false,false,false,utils/define-property;utils/define-properties;utils/property-descriptor;utils/property-descriptors-in;utils/property-names;utils/property-symbols
utils/property-names-in,Return an array of an object's own and inherited enumerable and non-enumerable property names.,propertyNamesIn,Function,false,false,false,utils/keys;utils/nonenumerable-property-names-in;utils/property-names;utils/property-symbols-in
utils/property-names,Return an array of an object's own enumerable and non-enumerable property names.,propertyNames,Function,false,false,false,utils/keys;utils/nonenumerable-property-names;utils/property-names-in;utils/property-symbols
utils/property-symbols-in,Return an array of an object's own and inherited symbol properties.,propertySymbolsIn,Function,false,false,false,utils/property-names-in;utils/property-symbols
utils/property-symbols,Return an array of an object's own symbol properties.,propertySymbols,Function,false,false,false,utils/property-names;utils/property-symbols-in
utils/push,Add one or more elements to the end of a collection.,push,Function,false,false,false,utils/pop;utils/shift;utils/unshift
utils/real-max,Return the maximum finite value capable of being represented by a numeric real type.,realmax,Function,true,false,false,utils/real-min;utils/type-max
utils/real-min,Return the smallest positive normal value capable of being represented by a numeric real type.,realmin,Function,true,false,false,utils/real-max;utils/type-min
utils/reduce-right,Apply a function against an accumulator and each element in an array while iterating from right to left and return the accumulated result.,reduceRight,Function,false,false,false,utils/for-each-right;utils/map-right;utils/reduce;utils/async/reduce-right
utils/reduce,Apply a function against an accumulator and each element in an array and return the accumulated result.,reduce,Function,false,false,false,utils/for-each;utils/map;utils/async/reduce;utils/reduce-right
utils/reduce2d,Reduce the number of dimensions by one of a two-dimensional nested array by applying a function against an accumulator and each element along the innermost dimension and returning the accumulation results as a one-dimensional array.,reduce2d,Function,false,false,false,utils/map2d;utils/reduce
utils/regexp-from-string,Create a regular expression from a regular expression string.,reFromString,Function,false,false,false,
utils/reject-arguments,Create a function that invokes a provided function according to a predicate function.,rejectArguments,Function,false,false,false,utils/filter-arguments;utils/mask-arguments
utils/reorder-arguments,Create a function that invokes a provided function with reordered arguments.,reorderArguments,Function,false,false,false,utils/mask-arguments;utils/reverse-arguments
utils/reverse-arguments,Create a function that invokes a provided function with arguments in reverse order.,reverseArguments,Function,false,false,false,utils/mask-arguments;utils/reorder-arguments
utils/safe-int-max,Return the maximum safe integer capable of being represented by a numeric real type.,safeintmax,Function,true,false,false,utils/safe-int-min;utils/real-max;utils/type-max
utils/safe-int-min,Return the minimum safe integer capable of being represented by a numeric real type.,safeintmin,Function,true,false,false,utils/safe-int-max;utils/real-min;utils/type-min
utils/shift,Remove and return the first element of a collection.,shift,Function,false,false,false,utils/pop;utils/push;utils/unshift
utils/size-of,Return the size (in bytes) of the canonical binary representation of a specified numeric type.,sizeOf,Function,true,false,false,utils/real-max;utils/type-max
utils/some-by-right,"Test whether a collection contains at least `n` elements which pass a test implemented by a predicate function, iterating from right to left.",someByRight,Function,false,false,false,utils/any-by-right;utils/every-by-right;utils/for-each-right;utils/none-by-right;utils/some-by;utils/async/some-by-right
utils/some-by,Test whether a collection contains at least `n` elements which pass a test implemented by a predicate function.,someBy,Function,false,false,false,utils/any-by;utils/every-by;utils/for-each;utils/none-by;utils/async/some-by;utils/some-by-right
utils/some,Test whether a collection contains at least `n` elements which are truthy.,some,Function,false,false,false,utils/any;utils/every;utils/for-each;utils/none;utils/some-by
utils/tabulate-by,Generate a frequency table according to an indicator function.,tabulateBy,Function,false,false,false,utils/count-by;utils/group-by;utils/tabulate
utils/tabulate,Generate a frequency table.,tabulate,Function,false,false,false,utils/count-by;utils/group-by;utils/tabulate-by
utils/timeit,Time a snippet.,timeit,Function,true,false,false,
utils/try-catch,"If a function does not throw, return the function return value; otherwise, return `y`.",trycatch,Function,false,false,false,utils/async/try-catch;utils/try-then
utils/try-function,Wrap a function in a try/catch block.,tryFunction,Function,false,false,false,
utils/try-require,Wrap `require` in a try/catch block.,tryRequire,Function,false,false,false,
utils/try-then,"If a function does not throw, return the function return value; otherwise, return the return value of a second function.",trythen,Function,false,false,false,utils/try-catch;utils/async/try-then
utils/type-max,Return the maximum value of a specified numeric type.,typemax,Function,true,false,false,utils/real-max;utils/type-min
utils/type-min,Return the minimum value of a specified numeric type.,typemin,Function,true,false,false,utils/real-min;utils/type-max
utils/type-of,Determine a value's type.,typeOf,Function,false,false,false,utils/constructor-name;utils/native-class
utils/uncurry-right,Transform a curried function into a function invoked with multiple arguments.,uncurryRight,Function,false,false,false,utils/curry;utils/curry-right;utils/uncurry
utils/uncurry,Transform a curried function into a function invoked with multiple arguments.,uncurry,Function,false,false,false,utils/curry;utils/uncurry-right
utils/unshift,Add one or more elements to the beginning of a collection.,unshift,Function,false,false,false,utils/pop;utils/push;utils/shift
utils/until-each-right,"Until a test condition is true, invoke a function for each element in a collection, iterating from right to left.",untilEachRight,Function,false,false,false,utils/until-each;utils/while-each-right
utils/until-each,"Until a test condition is true, invoke a function for each element in a collection.",untilEach,Function,false,false,false,utils/until-each-right;utils/while-each
utils/until,Invoke a function until a test condition is true.,until,Function,false,false,false,utils/do-until;utils/do-while;utils/async/until;utils/until-each;utils/while
utils/unzip,"Unzip a zipped array (i.e., a nested array of tuples).",unzip,Function,false,false,false,utils/zip
utils/values-in,Return an array of an object's own and inherited enumerable property values.,objectValuesIn,Function,false,false,false,utils/entries-in;utils/keys-in;utils/values
utils/values,Return an array of an object's own enumerable property values.,objectValues,Function,false,false,false,utils/entries;utils/keys
utils/while-each-right,"While a test condition is true, invoke a function for each element in a collection, iterating from right to left.",whileEachRight,Function,false,false,false,utils/while-each;utils/until-each-right
utils/while-each,"While a test condition is true, invoke a function for each element in a collection.",whileEach,Function,false,false,false,utils/until-each;utils/while-each-right
utils/while,Invoke a function while a test condition is true.,whilst,Function,false,false,false,utils/do-until;utils/do-while;utils/until;utils/async/while;utils/while-each
utils/writable-properties-in,Return an array of an object's own and inherited writable property names and symbols.,writablePropertiesIn,Function,false,false,false,utils/inherited-writable-properties;utils/writable-properties;utils/properties-in
utils/writable-properties,Return an array of an object's own writable property names and symbols.,writableProperties,Function,false,false,false,utils/inherited-writable-properties;utils/writable-properties-in;utils/properties
utils/writable-property-names-in,Return an array of an object's own and inherited writable property names.,writablePropertyNamesIn,Function,false,false,false,utils/inherited-writable-property-names;utils/writable-properties-in;utils/writable-property-names;utils/writable-property-symbols-in;utils/property-names-in
utils/writable-property-names,Return an array of an object's own writable property names.,writablePropertyNames,Function,false,false,false,utils/inherited-writable-property-names;utils/writable-properties;utils/writable-property-names-in;utils/writable-property-symbols;utils/property-names
utils/writable-property-symbols-in,Return an array of an object's own and inherited writable symbol properties.,writablePropertySymbolsIn,Function,false,false,false,utils/inherited-writable-property-symbols;utils/writable-properties-in;utils/writable-property-names-in;utils/writable-property-symbols;utils/property-symbols-in
utils/writable-property-symbols,Return an array of an object's own writable symbol properties.,writablePropertySymbols,Function,false,false,false,utils/inherited-writable-property-symbols;utils/writable-properties;utils/writable-property-names;utils/writable-property-symbols-in;utils/property-symbols
utils/zip,Generate array tuples from input arrays.,zip,Function,false,false,false,utils/unzip
wasm/base/array2dtype,Return the WebAssembly data type for a provided array.,,,false,false,false,
wasm/base/arrays2ptrs,"Convert a list of arrays to pointers (i.e., byte offsets) in WebAssembly module memory.",,,false,false,false,
wasm/base/dtype2wasm,Return the WebAssembly data type associated with a provided array data type value.,,,false,false,false,
wasm/base,"Base (i.e., lower-level) WebAssembly utilities.",,,false,false,false,
wasm/base/strided2object,"Convert a strided array and associated metadata to an object likely to have the same ""shape"".",,,false,false,false,
wasm/memory,WebAssembly memory.,WebAssemblyMemory,Function,false,false,false,
wasm/module-wrapper,WebAssembly module wrapper.,,,false,false,false,
wasm,WebAssembly.,,,false,false,false,
wasm/types,WebAssembly TypeScript type declarations.,,,false,false,false,
